# SIMULATED DATA — generated by swarm-lmd/swarm.py, seed 20260813. Evidence about this model, NOT about the world.
swarm,J,agent,depth,R_from_root,U,d_enc,d_dec,E_UDD,fidelity
0,0.05,0,0,0.0,2.27524311,0.57798528,0.78816182,1.03647773,0.455545928517
0,0.05,34,1,3.56135108,2.31303482,0.68153455,0.79724596,1.25678902,0.011786723094
0,0.05,156,1,4.47213595,0.52727092,0.70128407,0.91091689,0.33682673,0.013857522755
0,0.05,3883,1,4.47213595,1.02635282,0.9039369,0.89323601,0.82870702,0.01751528509
0,0.05,761,1,4.47213595,0.40943799,0.49934854,0.63934279,0.13071508,0.006925488875
0,0.05,2,1,4.47213595,0.52756939,0.5615914,0.88240874,0.26143868,0.010749867843
0,0.05,1,1,4.47213595,0.06424295,0.80522732,0.59546585,0.03080356,0.010401314621
0,0.05,149,1,3.77766706,0.87246681,0.29091939,0.88532135,0.22471006,0.005587100422
0,0.05,3,1,3.29586578,5.99235754,0.83031546,0.76559261,3.80924206,0.013789665382
0,0.05,106,1,4.47213595,0.43683639,0.71909624,0.6584179,0.20682711,0.010270734961
0,0.05,1989,2,5.71692413,0.39212344,0.62800138,0.69398067,0.17089556,0.000244614251
0,0.05,151,2,5.71692413,0.65434439,0.67563656,0.55355809,0.24472747,0.000209918218
0,0.05,60,2,5.19715705,1.18693603,0.20613006,0.48045426,0.11754948,5.5586224e-05
0,0.05,945,2,5.11399201,1.11168034,0.94256404,0.63262782,0.66288636,0.000391555736
0,0.05,25,2,4.85259772,0.62002346,0.74398952,0.54777217,0.25268235,0.000267609308
0,0.05,33,2,4.89018309,0.64436475,0.74831284,0.33352417,0.16082082,0.000163887163
0,0.05,1457,2,5.71692413,0.33201835,0.50083828,0.85598682,0.14233991,0.00024062369
0,0.05,3194,2,5.71692413,0.63423304,0.80874508,0.60433112,0.30998128,0.000274321845
0,0.05,2130,2,6.32455532,0.4952472,0.68996653,0.75107541,0.25664547,0.000265274437
0,0.05,581,2,4.86600116,3.87845819,0.89152894,0.58315078,2.01639413,0.000138319526
0,0.05,1297,2,6.32455532,5.95941423,0.56939543,0.64296599,2.18175283,0.00012073498
0,0.05,487,2,5.55542359,0.49781476,0.74809986,0.67472386,0.25127739,0.000331451564
0,0.05,515,2,5.85412405,0.39843871,0.84503026,0.83159964,0.27999359,0.000186962168
0,0.05,1079,2,5.0742633,1.36109021,0.56797447,0.84256953,0.65136058,0.000314245449
0,0.05,1608,2,5.71692413,0.51843536,0.61061702,0.83451142,0.26417749,0.000286005889
0,0.05,687,2,4.50255225,4.22357008,0.84791024,0.95154775,3.40769071,0.000529803592
0,0.05,345,2,4.40440225,10.33647056,0.78022089,0.54708353,4.41208111,0.000239576934
0,0.05,165,2,5.18830811,5.55234027,0.5002399,0.9090239,2.52481581,0.000255227469
0,0.05,14,2,5.55542359,2.21481335,0.25783913,0.62514411,0.35699825,0.000105843305
0,0.05,57,2,4.97336557,0.33023894,0.48751554,0.7496284,0.12068763,0.000239976616
0,0.05,17,2,5.05557759,0.42164423,0.78141443,0.70117589,0.23102265,0.000359784819
0,0.05,21,2,4.48262426,6.6961301,0.50989669,0.7117709,2.430224,0.000238318005
0,0.05,1423,2,5.55542359,0.44946035,0.47570845,0.84743161,0.18119112,0.000264715859
0,0.05,4,2,5.55542359,1.0764436,0.82560825,0.75882755,0.67438577,0.000411387934
0,0.05,98,2,5.55542359,0.48322134,0.88744127,0.64488994,0.27654851,0.000375802491
0,0.05,825,2,5.55542359,0.20092334,0.86316239,0.69973565,0.12135478,0.00039660752
0,0.05,1724,2,5.71692413,1.14837332,0.76822489,0.89380923,0.78852652,0.000385395818
0,0.05,48,2,5.55542359,1.66305097,0.68303186,0.95470387,1.08446417,0.000428197453
0,0.05,1512,2,4.83919231,0.140609,0.63827905,0.69178395,0.06208607,0.000289944919
0,0.05,27,2,4.89818459,2.67296547,0.60474543,0.87913997,1.42109782,0.000349112226
0,0.05,827,2,5.55542359,0.26769309,0.53703852,0.81130876,0.11663497,0.000286105388
0,0.05,280,2,5.55542359,0.62967847,0.76230269,0.9035074,0.4336886,0.000452265644
0,0.05,10,2,4.94292701,2.30743324,0.67011191,0.79043143,1.2221955,0.000347813127
0,0.05,9,2,5.55542359,0.76258167,0.92245697,0.44859425,0.31556308,0.000271727912
0,0.05,7,2,4.47884462,2.21790735,0.7807724,0.92852152,1.60790292,0.000476048125
0,0.05,8,2,5.55542359,0.54799933,0.45054244,0.41253176,0.10185284,0.000122047119
0,0.05,5,2,6.32455532,1.32464276,0.75467293,0.34437094,0.34425799,0.000128722423
0,0.05,6,2,4.81366603,0.62861446,0.45362907,0.91701529,0.26149406,0.000273156722
0,0.05,301,2,6.32455532,0.23970788,0.76330086,0.47066424,0.08611707,0.000237068176
0,0.05,871,2,4.98238254,0.16789606,0.96998373,0.48147842,0.07841187,0.000262128997
0,0.05,3700,2,5.85412405,1.64937511,0.73531598,0.82791743,1.00410809,0.000161967624
0,0.05,378,2,5.01216528,0.3228996,0.82571578,0.31479736,0.08393231,6.9155838e-05
0,0.05,1131,2,5.55542359,0.13295614,0.75500178,0.97409579,0.0977818,0.00048292988
0,0.05,3310,2,5.55542359,0.42210497,0.53806062,0.90763593,0.20614051,0.000320684021
0,0.05,2195,2,6.32455532,0.91151995,0.79500895,0.79044639,0.57281004,0.000321683119
0,0.05,170,3,6.33197602,5.2283929,0.83772923,0.36307919,1.59027872,3.451776e-06
0,0.05,538,3,5.49983518,6.09300027,0.96940747,0.77232404,4.56180916,8.54145e-06
0,0.05,534,3,7.13181122,0.08833486,0.37238077,0.85563375,0.02814539,1.605903e-06
0,0.05,2002,3,7.74596669,0.20222618,0.48877644,0.37537035,0.03710288,1.054834e-06
0,0.05,158,3,6.57049318,0.98065009,0.84471903,0.54675325,0.45291606,6.007534e-06
0,0.05,135,3,5.67316346,1.80883255,0.83330745,0.80639689,1.21549304,7.62591e-06
0,0.05,3957,3,5.55890317,0.88655355,0.70284536,0.56315345,0.35090658,9.985783e-06
0,0.05,157,3,6.66577283,0.42042581,0.86643531,0.67482239,0.24581874,9.683945e-06
0,0.05,144,3,6.33197602,0.3139331,0.86502058,0.77012517,0.20913411,7.560061e-06
0,0.05,1331,3,5.87131843,0.2210591,0.44253795,0.90047813,0.08809111,5.963118e-06
0,0.05,2159,3,6.32930084,1.68468822,0.98721027,0.9029157,1.50167659,2.0206376e-05
0,0.05,617,3,6.59906847,1.8168659,0.65895992,0.53930064,0.64567327,4.528682e-06
0,0.05,3855,3,7.25832085,1.17193327,0.93100918,0.85721639,0.9352922,7.977655e-06
0,0.05,1461,3,6.27684309,1.39723284,0.73889682,0.77437889,0.79947721,6.527742e-06
0,0.05,181,3,5.89722568,2.09049869,0.89355488,0.61106093,1.14144672,6.636114e-06
0,0.05,1543,3,7.13181122,6.07477523,0.85317617,0.87876203,4.5544948,4.357308e-06
0,0.05,1455,3,5.70998246,0.59005631,0.49547515,0.50991485,0.14907781,1.664117e-06
0,0.05,2522,3,5.78249857,5.58434628,0.70792152,0.50079042,1.97976417,2.335099e-06
0,0.05,2650,3,6.58921712,0.21841767,0.71691262,0.77001241,0.12057346,7.621846e-06
0,0.05,3554,3,7.74596669,0.66145133,0.66555802,0.91183278,0.40142001,6.851018e-06
0,0.05,1342,3,6.27684309,1.19914282,0.61810599,0.7633519,0.56579442,5.382865e-06
0,0.05,1897,3,6.33197602,0.25176249,0.61557257,0.78272946,0.12130591,5.468e-06
0,0.05,3513,3,7.74596669,1.29899541,0.5391297,0.52916577,0.37058908,1.640208e-06
0,0.05,456,3,6.63266253,1.45448698,0.71379303,0.90837331,0.94307559,1.0779098e-05
0,0.05,466,3,6.33197602,2.20234422,0.74188127,0.8594643,1.40425975,7.236021e-06
0,0.05,2683,3,6.27684309,1.660613,0.75900832,0.89179973,1.12404139,7.722174e-06
0,0.05,2673,3,6.34609934,1.17223157,0.72325901,0.51426868,0.43601089,9.383817e-06
0,0.05,2656,3,6.33197602,0.99014451,0.49243162,0.82013147,0.39987845,4.583181e-06
0,0.05,875,3,6.33197602,3.8587921,0.68507825,0.75242026,1.98907906,5.849762e-06
0,0.05,2509,3,7.13181122,2.34147406,0.74396183,0.80915095,1.40951452,3.034061e-06
0,0.05,197,3,6.63266253,16.2145044,0.41970046,0.85044587,5.78748393,5.933786e-06
0,0.05,878,3,6.63266253,1.36150343,0.6599288,0.67719968,0.60846075,7.4295e-06
0,0.05,2504,3,6.60893087,0.37513279,0.5788098,0.65711808,0.1426804,2.505206e-06
0,0.05,207,3,5.82337324,8.48055051,0.65929309,0.7613097,4.25661071,6.396197e-06
0,0.05,3561,3,6.76373773,0.85211112,0.90519891,0.37823029,0.29174039,5.123303e-06
0,0.05,3530,3,6.27684309,1.64081123,0.78386382,0.47713433,0.61367708,4.266846e-06
0,0.05,445,3,6.84971102,1.20999859,0.84617808,0.59534715,0.60956064,6.12266e-06
0,0.05,1800,3,6.32930084,0.6182961,0.41412338,0.80125743,0.20516266,7.522001e-06
0,0.05,3134,3,6.34609934,1.62147491,0.66536622,0.63573186,0.68587497,1.0671619e-05
0,0.05,649,3,6.60893087,2.54281671,0.77104231,0.63758335,1.2500582,3.238019e-06
0,0.05,658,3,6.27684309,0.31496642,0.39592235,0.73922424,0.09218292,3.338965e-06
0,0.05,2150,3,7.13181122,1.55569684,0.67731058,0.97008663,1.0221705,8.501848e-06
0,0.05,2207,3,5.51986189,0.14487697,0.6943639,0.39721113,0.03995838,3.146547e-06
0,0.05,2201,3,7.74596669,1.0660158,0.83560019,0.6858655,0.61094361,3.294969e-06
0,0.05,3785,3,7.13181122,0.44372537,0.81896862,0.86101006,0.3128886,1.3317329e-05
0,0.05,216,3,6.33197602,0.62909097,0.54365174,0.56080861,0.19180014,3.459975e-06
0,0.05,222,3,7.13181122,0.14863119,0.97636044,0.87721304,0.12729906,1.6778283e-05
0,0.05,204,3,6.74973072,0.18194791,0.59803025,0.5410124,0.05886775,5.543115e-06
0,0.05,3647,3,5.52970454,1.00022824,0.68827864,0.74904854,0.51567179,5.881661e-06
0,0.05,398,3,5.28591678,0.28966339,0.75099345,0.82683284,0.17986534,1.032285e-05
0,0.05,2897,3,6.84971102,1.1539437,0.8859979,0.85915923,0.87839726,9.251549e-06
0,0.05,3339,3,6.66577283,0.35623391,0.59521589,0.52885341,0.11213601,5.213586e-06
0,0.05,51,3,6.33197602,1.24104977,0.60676036,0.74325995,0.55968946,5.117944e-06
0,0.05,553,3,6.27684309,1.25424147,0.83478675,0.72058155,0.75446629,6.862532e-06
0,0.05,3422,3,6.33197602,0.79651384,0.96248582,0.34806787,0.26684041,3.801857e-06
0,0.05,1273,3,6.57049318,1.54179173,0.86037554,0.86717912,1.15033035,9.704864e-06
0,0.05,1224,3,6.27684309,0.49843467,0.84311675,0.73876856,0.31045908,7.105945e-06
0,0.05,585,3,6.63266253,0.29363568,0.80722745,0.58103395,0.13772293,7.797281e-06
0,0.05,1911,3,7.13181122,0.83641364,0.79822645,0.81824969,0.54630235,3.291971e-06
0,0.05,552,3,6.66577283,0.95638027,0.68385705,0.79752412,0.52160262,9.033079e-06
0,0.05,2033,3,6.33197602,12.14784042,0.71369728,0.83223546,7.21538213,6.740589e-06
0,0.05,898,3,5.59236363,0.83170802,0.53633974,0.61317418,0.27352355,3.751885e-06
0,0.05,918,3,5.79501116,3.45400493,0.58454952,0.84602399,1.70815369,8.190882e-06
0,0.05,146,3,5.8649461,1.24682627,0.87432359,0.58771429,0.64068476,6.683917e-06
0,0.05,59,3,7.13181122,0.44480317,0.57707768,0.89009454,0.22847479,6.646383e-06
0,0.05,55,3,7.13181122,0.21432196,0.40412546,0.92029937,0.07970985,7.583508e-06
0,0.05,933,3,6.66577283,1.65964249,0.69020901,0.77794028,0.89113075,8.893108e-06
0,0.05,40,3,6.33197602,1.2863892,0.94802661,0.86185031,1.05105332,9.272352e-06
0,0.05,31,3,7.13181122,0.43941104,0.8413203,0.73687174,0.27241075,3.124621e-06
0,0.05,32,3,6.32930084,0.40756316,0.91368172,0.86724574,0.32294758,1.7962578e-05
0,0.05,36,3,6.62675566,13.71481538,0.43872064,0.90125176,5.42280717,3.085744e-06
0,0.05,24,3,7.52772653,3.13266046,0.76751437,0.80748632,1.94148934,3.798889e-06
0,0.05,39,3,6.32930084,6.46123963,0.81424198,0.55087003,2.89813411,1.0167969e-05
0,0.05,797,3,7.13181122,2.07420408,0.80955544,0.6975123,1.17125094,2.84605e-06
0,0.05,792,3,6.32930084,5.78305972,0.66639085,0.57060821,2.19899739,8.619828e-06
0,0.05,768,3,7.13181122,1.13209182,0.87200879,0.77546858,0.76553794,1.3246993e-05
0,0.05,767,3,6.84971102,2.71498068,0.51567509,0.77854244,1.08999672,4.879402e-06
0,0.05,3719,3,6.27684309,0.63051468,0.60987865,0.89299096,0.34338846,6.213212e-06
0,0.05,1069,3,6.33197602,3.13201305,0.81402438,0.88770359,2.26323137,8.200549e-06
0,0.05,850,3,6.63266253,1.17514347,0.55603724,0.7663467,0.50074896,7.083941e-06
0,0.05,250,3,7.13181122,0.07344808,0.81622579,0.39553963,0.02371269,6.583019e-06
0,0.05,999,3,5.88656169,0.13969964,0.63908377,0.66948402,0.05977138,7.977601e-06
0,0.05,2475,3,5.55952132,1.48859692,0.41098483,0.79337757,0.48538106,7.39158e-06
0,0.05,1006,3,6.66577283,0.36074992,0.77179082,0.70399932,0.19600994,8.999088e-06
0,0.05,1012,3,5.66680004,0.45851911,0.96729343,0.87121354,0.38640283,9.563578e-06
0,0.05,1753,3,6.60893087,0.96802815,0.77025274,0.57873571,0.43152059,2.936147e-06
0,0.05,1708,3,6.66577283,1.87089966,0.95817231,0.70609522,1.26577754,1.120556e-05
0,0.05,3643,3,7.13181122,10.4581629,0.9204373,0.85625395,8.24237181,1.5439351e-05
0,0.05,242,3,5.60044287,0.68134433,0.90630047,0.67580043,0.41730858,6.950695e-06
0,0.05,680,3,6.84971102,1.96566627,0.76236562,0.74338535,1.11400488,6.887878e-06
0,0.05,387,3,6.27684309,1.14264854,0.54498343,0.87620258,0.54563283,5.447704e-06
0,0.05,377,3,6.33197602,0.52987343,0.86018396,0.55775512,0.25421844,5.444681e-06
0,0.05,358,3,6.27684309,3.80266184,0.57870847,0.7298293,1.60608616,4.818444e-06
0,0.05,750,3,7.13181122,1.20208925,0.73584282,0.90291341,0.79867091,1.4308874e-05
0,0.05,1740,3,6.32930084,0.68510448,0.71218497,0.79275816,0.38680345,1.2798677e-05
0,0.05,723,3,7.13181122,0.25654906,0.84655779,0.894275,0.19422187,3.815679e-06
0,0.05,1731,3,7.13181122,0.44215762,0.67143087,0.60676482,0.18013529,5.27153e-06
0,0.05,1043,3,6.33197602,4.37416069,0.8374053,0.76907231,2.81706983,7.308705e-06
0,0.05,1046,3,6.84971102,4.70157893,0.66988154,0.7002345,2.20538921,5.700982e-06
0,0.05,808,3,5.85910663,0.2739612,0.80561852,0.90522759,0.19979117,1.930346e-06
0,0.05,811,3,7.13181122,1.97895102,0.61887033,0.89602426,1.09737352,1.1306917e-05
0,0.05,336,3,7.13181122,0.78242332,0.47985611,0.77429014,0.29070771,8.001825e-06
0,0.05,2394,3,7.13181122,0.69323844,0.51468048,0.87324318,0.31156993,2.265254e-06
0,0.05,328,3,6.66577283,1.47118469,0.84348354,0.71347644,0.88536722,9.967424e-06
0,0.05,333,3,6.32930084,0.3556025,0.95496873,0.92974586,0.31573171,2.0127274e-05
0,0.05,1533,3,7.74596669,1.04103647,0.81665675,0.70342689,0.59803206,3.521222e-06
0,0.05,1473,3,6.79359362,4.36564051,0.92410613,0.44308657,1.78755085,7.634573e-06
0,0.05,1489,3,6.79359362,2.63057112,0.75487098,0.96117429,1.90864396,1.3528485e-05
0,0.05,1496,3,6.34609934,9.59273856,0.53435916,0.86458569,4.43183836,1.1655661e-05
0,0.05,28,3,5.60050225,1.63735789,0.62123712,0.6014166,0.61175345,8.469629e-06
0,0.05,1678,3,6.79359362,0.36792518,0.55375684,0.69316412,0.14122601,7.156975e-06
0,0.05,49,3,5.91845978,0.05263043,0.50119845,0.97537852,0.02572882,8.096729e-06
0,0.05,1526,3,7.13181122,0.53554533,0.82834149,0.79052547,0.35068849,3.300421e-06
0,0.05,2924,3,5.55931507,0.63261524,0.28220349,0.67560272,0.1206128,4.810048e-06
0,0.05,104,3,6.32930084,0.78036493,0.98185875,0.59756349,0.45785801,1.3300398e-05
0,0.05,91,3,6.74973072,0.23198558,0.75234091,0.7004424,0.12224978,9.028397e-06
0,0.05,95,3,5.25925205,2.26525093,0.74941575,0.57206597,0.97114762,4.865265e-06
0,0.05,125,3,6.59906847,0.66407632,0.90412145,0.6678294,0.40096854,7.694391e-06
0,0.05,100,3,6.32930084,0.26378422,0.73568294,0.57819329,0.11220509,9.642625e-06
0,0.05,111,3,7.13181122,0.10745677,0.25490136,0.73943539,0.02025378,1.09542e-06
0,0.05,79,3,6.33197602,0.28964878,0.5806342,0.48719617,0.08193665,3.210288e-06
0,0.05,11,3,5.66530556,2.92889436,0.86213308,0.576439,1.45556422,1.1265727e-05
0,0.05,12,3,7.52772653,2.06551986,0.54878369,0.81143626,0.91978216,2.729547e-06
0,0.05,1509,4,7.76356727,2.79113181,0.90252334,0.83185836,2.09550245,4.16702e-07
0,0.05,68,4,7.74984188,0.36757284,0.60218335,0.89506371,0.19811899,2.60974e-07
0,0.05,69,4,7.74984188,0.98247121,0.69248035,0.71014316,0.48314022,2.38105e-07
0,0.05,71,4,7.21773421,1.4929141,0.47933633,0.95857468,0.68596367,2.46494e-07
0,0.05,77,4,8.75595036,3.07289797,0.83997606,0.9096123,2.34785553,1.38217e-07
0,0.05,78,4,7.74984188,0.05724007,0.40832833,0.62430239,0.01459166,2.18049e-07
0,0.05,80,4,7.21773421,0.66597823,0.37678813,0.79310043,0.19901483,1.60312e-07
0,0.05,103,4,8.16496581,0.74641941,0.60185131,0.70605824,0.31718501,7.6872e-08
0,0.05,108,4,7.99461635,0.80134073,0.42888091,0.81104537,0.27873987,5.1112e-08
0,0.05,109,4,7.99461635,0.39919171,0.70563234,0.21986951,0.06193341,2.2797e-08
0,0.05,114,4,7.74984188,0.53183044,0.54305925,0.73076056,0.21105493,1.92149e-07
0,0.05,116,4,7.99461635,1.45492074,0.75457014,0.66027146,0.72487226,7.3209e-08
0,0.05,90,4,7.16698162,0.41309119,0.2486915,0.83316269,0.08559269,8.3567e-08
0,0.05,94,4,7.99461635,0.57818155,0.58852124,0.8969533,0.3052082,7.7566e-08
0,0.05,99,4,7.99461635,0.13232173,0.68638048,0.47376448,0.04302873,4.7782e-08
0,0.05,102,4,6.90360283,1.48311654,0.76979673,0.67128055,0.76639984,1.1972e-07
0,0.05,126,4,7.97168142,0.60158519,0.21676574,0.65571562,0.08550732,5.2079e-08
0,0.05,3918,4,7.99461635,5.17895826,0.66290486,0.73480501,2.52270065,7.1575e-08
0,0.05,128,4,7.99461635,0.38213813,0.60108486,0.60943421,0.13998548,5.3827e-08
0,0.05,132,4,8.75595036,5.14901497,0.9227551,0.71584222,3.40116667,8.5857e-08
0,0.05,2569,4,7.97984757,0.32790288,0.62898684,0.73769731,0.15214756,6.4875e-08
0,0.05,2537,4,7.74984188,2.45417982,0.98210747,0.64910775,1.56452385,2.61671e-07
0,0.05,2538,4,7.70705905,1.26478586,0.71209513,0.82388589,0.74203105,1.91721e-07
0,0.05,1493,4,7.34245707,1.24304669,0.88329413,0.9132857,1.00276563,2.45705e-07
0,0.05,123,4,8.75595036,0.09706172,0.6761618,0.53760277,0.03528256,6.5758e-08
0,0.05,1515,4,8.02698744,0.20692854,0.67028501,0.82412786,0.11430744,2.33931e-07
0,0.05,1522,4,7.74984188,3.66515771,0.75973942,0.91419991,2.54564891,2.85092e-07
0,0.05,1528,4,7.70705905,5.55849198,0.69268651,0.55900249,2.15232304,9.9253e-08
0,0.05,1472,4,7.74984188,0.83886996,0.83209739,0.9777054,0.68245939,5.15261e-07
0,0.05,13,4,7.21773421,0.32190732,0.21583744,0.93195567,0.06475196,1.0791e-07
0,0.05,45,4,8.16496581,0.46752354,0.77960794,0.62881096,0.2291922,6.3719e-08
0,0.05,47,4,7.99461635,8.05115954,0.91612279,0.79100508,5.8343354,1.06481e-07
0,0.05,302,4,7.99951325,0.19029306,0.26500708,0.95549227,0.04818453,7.1548e-08
0,0.05,310,4,7.75202685,3.66283346,0.30082395,0.65324169,0.71978613,8.6767e-08
0,0.05,313,4,8.75595036,0.86477205,0.70243968,0.39384907,0.2392437,5.0047e-08
0,0.05,318,4,7.16698162,9.40986144,0.89332125,0.86515758,7.27253984,3.11708e-07
0,0.05,1719,4,8.02698744,0.81470674,0.77501385,0.78977356,0.49867014,2.9052e-07
0,0.05,2326,4,7.75202685,1.35506722,0.76418836,0.50528351,0.52323451,6.3469e-08
0,0.05,830,4,8.75595036,0.81229812,0.93117054,0.36092557,0.2729998,6.0797e-08
0,0.05,268,4,7.75202685,0.34845638,0.52560451,0.81463569,0.14920073,7.0379e-08
0,0.05,278,4,7.16698162,1.27203895,0.89392923,0.84867376,0.9650378,3.05977e-07
0,0.05,284,4,7.74984188,1.02671631,0.78489167,0.57058179,0.45980966,2.16842e-07
1,0.086203,0,0,0.0,0.96993445,0.70813747,0.40371723,0.27729194,0.285887299356
1,0.086203,147,1,2.94964789,0.76901112,0.94052289,0.32250423,0.23325846,0.006881920803
1,0.086203,324,1,3.40596,0.4135605,0.66597242,0.75882941,0.20899671,0.011465824674
1,0.086203,48,1,2.94964789,0.19372611,0.76562161,0.76746237,0.11383071,0.013331412429
1,0.086203,7,1,3.40596,0.5506848,0.44371918,0.92969098,0.22716944,0.009359479953
1,0.086203,18,1,2.79792533,1.86254428,0.78144315,0.65486647,0.95314012,0.011610610034
1,0.086203,13,1,3.17479252,0.35380381,0.64655571,0.74435109,0.17027319,0.01091914599
1,0.086203,1,1,3.40596,0.2164344,0.86985896,0.58969371,0.1110201,0.011638050239
1,0.086203,4,1,2.86075311,0.90323017,0.7941216,0.74856991,0.53693017,0.013487276793
1,0.086203,3,1,3.40596,0.16956629,0.81478844,0.70467524,0.09735839,0.013026830504
1,0.086203,2,1,3.04233575,0.51797343,0.6796414,0.82727097,0.29122932,0.012756528373
1,0.086203,9,1,2.44332585,1.77538094,0.51136517,0.80756308,0.73316067,0.009369415464
1,0.086203,5,1,3.16210359,0.64616938,0.42834945,0.92291465,0.25545013,0.008969425994
1,0.086203,8,1,2.58116275,2.40827478,0.53884727,0.89177241,1.15724618,0.01090246278
1,0.086203,38,2,4.273519,0.54378373,0.42703344,0.65198331,0.15139954,0.000240897893
1,0.086203,26,2,3.35359262,0.34155422,0.53142755,0.69677616,0.12647276,0.000275334019
1,0.086203,3411,2,4.65616485,0.28589851,0.41203119,0.57890494,0.06819448,0.000206697894
1,0.086203,3394,2,4.65616485,0.8369076,0.80919776,0.36793438,0.2491739,0.000258002402
1,0.086203,608,2,3.8235903,0.6293133,0.90353831,0.78963851,0.44899531,0.000617318849
1,0.086203,606,2,4.273519,0.14312507,0.88408616,0.81159936,0.10269563,0.000620827477
1,0.086203,466,2,4.81675483,0.91519304,0.29992798,0.94806123,0.26023522,0.000211210311
1,0.086203,31,2,3.85203394,1.58145445,0.91642071,0.66817164,0.96836619,0.000529806858
1,0.086203,78,2,3.73097039,3.30056378,0.76266823,0.68640476,1.72784219,0.000452950339
1,0.086203,29,2,4.273519,1.54749868,0.66750369,0.31180656,0.32208404,0.000180083352
1,0.086203,80,2,4.40782823,0.11947284,0.90839449,0.88225789,0.0957501,0.00073847384
1,0.086203,140,2,3.45593132,8.40753422,0.6173762,0.8797746,4.56656814,0.000403872076
1,0.086203,20,2,3.70015198,0.09095299,0.81968745,0.52954604,0.03947926,0.000399960481
1,0.086203,72,2,4.81675483,0.97107475,0.58493519,0.91674407,0.52072511,0.000398306699
1,0.086203,123,2,4.81675483,0.38670653,0.51856436,0.8678216,0.17402619,0.000334268049
1,0.086203,47,2,3.47950558,9.10546025,0.93223033,0.90561622,7.68722021,0.000777915615
1,0.086203,460,2,4.19170667,0.60083567,0.69150145,0.53344129,0.22163351,0.000274285123
1,0.086203,28,2,4.19170667,0.48692237,0.79366985,0.68972823,0.26654933,0.00040704311
1,0.086203,1000,2,4.273519,1.05072489,0.76692989,0.53915614,0.43446944,0.000357770771
1,0.086203,2066,2,4.273519,1.79377028,0.93150629,0.50751356,0.84800863,0.000409042178
1,0.086203,901,2,3.71780851,2.0236911,0.65686946,0.9743625,1.29522092,0.000647950995
1,0.086203,10,2,3.81988427,0.6539729,0.81242291,0.95988789,0.5099909,0.000674741343
1,0.086203,51,2,4.08952564,0.21957837,0.81144065,0.6156496,0.10969325,0.000460315327
1,0.086203,229,2,4.50566157,0.43690325,0.83086876,0.48854357,0.17734584,0.000221694764
1,0.086203,956,2,4.40782823,0.78525604,0.7901422,0.86063193,0.53399107,0.000626596234
1,0.086203,949,2,4.40782823,0.42087175,0.70901263,0.73375898,0.21895616,0.000479371789
1,0.086203,1081,2,4.64752221,0.65168317,0.67342369,0.76868793,0.33734553,0.000368479333
1,0.086203,283,2,3.85173407,2.52130627,0.88881769,0.69381568,1.55482819,0.000533570053
1,0.086203,2106,2,4.65616485,0.96921799,0.79545068,0.67388477,0.51954164,0.000464512706
1,0.086203,183,2,4.44797391,0.91274516,0.59489214,0.81749604,0.44388802,0.000520544894
1,0.086203,12,2,4.273519,0.59862357,0.85561043,0.56491925,0.28934518,0.000418212575
1,0.086203,6,2,4.09810558,0.8345342,0.5360076,0.79056796,0.35363423,0.000301637156
1,0.086203,16,2,2.98096398,2.34630105,0.88947136,0.70086336,1.46267912,0.000463540682
1,0.086203,14,2,3.5568443,5.70005476,0.79276201,0.86036028,3.88778472,0.000730058197
1,0.086203,61,2,4.44797391,0.2583458,0.8160658,0.63912955,0.13474587,0.000558275252
1,0.086203,107,2,3.78556689,1.96460804,0.85563104,0.89637267,1.5067842,0.000570292511
1,0.086203,11,2,4.44797391,0.35278877,0.73507214,0.7823095,0.20287256,0.000615520992
1,0.086203,36,2,4.13716124,1.29792493,0.48428449,0.44065809,0.27698221,0.000184927293
1,0.086203,376,2,4.56687753,0.36282173,0.76818611,0.57534756,0.16035777,0.000447444584
1,0.086203,2523,2,3.98123015,1.24613707,0.90927763,0.895772,1.01498542,0.000871822935
1,0.086203,375,2,4.273519,0.50687824,0.90012961,0.62193652,0.28376234,0.000484379497
1,0.086203,139,3,4.924602,0.80575521,0.66426483,0.842472,0.45092037,3.2423825e-05
1,0.086203,3322,3,4.85221855,0.18263882,0.62754702,0.76198996,0.08733506,1.5326725e-05
1,0.086203,469,3,5.46475326,1.22997642,0.94106767,0.678269,0.78509029,2.4536838e-05
1,0.086203,507,3,4.56151091,0.88815856,0.67706673,0.87218605,0.52448264,3.6457185e-05
1,0.086203,493,3,5.11781979,0.49611887,0.6387304,0.55001196,0.1742912,1.8812091e-05
1,0.086203,450,3,4.85221855,0.61685076,0.91952,0.53582544,0.30392373,1.5792045e-05
1,0.086203,1279,3,4.924602,0.61247477,0.93156065,0.74743979,0.4264573,4.0341762e-05
1,0.086203,113,3,4.86903714,0.58134001,0.51062355,0.68492991,0.20331864,2.1591832e-05
1,0.086203,133,3,4.86903714,1.14260601,0.72761762,0.89515951,0.74421795,4.0211119e-05
1,0.086203,654,3,4.51516452,0.52283092,0.86858823,0.63329282,0.28759397,1.3167805e-05
1,0.086203,1220,3,5.05180201,3.26697609,0.97065397,0.82199704,2.60663753,2.8681067e-05
1,0.086203,1595,3,4.86903714,0.35317595,0.89344633,0.54690815,0.17257345,3.0166532e-05
1,0.086203,1629,3,5.46475326,0.69524853,0.24610912,0.42544655,0.07279688,2.97295e-06
1,0.086203,1617,3,5.12058652,0.72164513,0.68105968,0.81887497,0.40246346,2.732262e-05
1,0.086203,1615,3,5.46475326,0.99390379,0.35785991,0.65413636,0.23266213,3.34553e-06
1,0.086203,1238,3,4.85221855,0.51358898,0.9536731,0.52480854,0.25704912,1.6041844e-05
1,0.086203,168,3,4.86903714,0.90948254,0.81492973,0.91061691,0.6749168,4.5814019e-05
1,0.086203,166,3,4.85221855,6.23815086,0.84366603,0.34195859,1.79969932,9.246938e-06
1,0.086203,158,3,4.85221855,1.26931578,0.62986217,0.80599156,0.64438541,1.6271586e-05
1,0.086203,574,3,4.86903714,0.53871194,0.43581284,0.78159156,0.18350017,2.1029183e-05
1,0.086203,442,3,4.85221855,0.46998166,0.53765379,0.93738411,0.23686517,1.615378e-05
1,0.086203,566,3,4.52622467,0.1477438,0.86900334,0.61640507,0.07914016,1.9705413e-05
1,0.086203,557,3,5.32869898,1.65040325,0.91145027,0.51598426,0.77617473,1.1258079e-05
1,0.086203,670,3,4.86903714,0.25095646,0.93669602,0.63746227,0.1498482,3.6863425e-05
1,0.086203,341,3,4.64757939,2.41174514,0.59857186,0.68087864,0.9829183,1.4888518e-05
1,0.086203,694,3,4.924602,1.28239896,0.53084515,0.9661745,0.65772838,2.971604e-05
1,0.086203,2761,3,4.51093458,1.05982643,0.76615581,0.77261529,0.62735757,4.0956111e-05
1,0.086203,770,3,4.86903714,2.22052426,0.33804021,0.75827283,0.56917966,1.5824732e-05
1,0.086203,334,3,4.85221855,1.42209923,0.31404892,0.5443139,0.24309534,5.478991e-06
1,0.086203,2437,3,5.14186046,1.11216242,0.98827494,0.42813427,0.4705719,1.7790386e-05
1,0.086203,835,3,5.14163582,0.59153414,0.48856707,0.41535577,0.12003952,8.593022e-06
1,0.086203,842,3,4.924602,0.47546507,0.72181088,0.69564735,0.23874329,2.9092435e-05
1,0.086203,673,3,4.85221855,5.18301278,0.81676976,0.6903002,2.9222672,1.8071388e-05
1,0.086203,359,3,5.46475326,8.25123311,0.71455443,0.8408698,4.9577306,1.9942114e-05
1,0.086203,348,3,4.86903714,2.16228035,0.61975958,0.70579328,0.94582932,2.7004945e-05
1,0.086203,745,3,5.89929577,0.92989657,0.79488819,0.83452225,0.61684863,1.1119086e-05
1,0.086203,748,3,5.14163582,0.2022451,0.72607372,0.56745077,0.08332722,1.7446583e-05
1,0.086203,732,3,5.14163582,1.47978922,0.61188675,0.31377667,0.28411329,8.130049e-06
1,0.086203,346,3,4.86903714,5.20117492,0.74821774,0.83718577,3.25800165,3.867162e-05
1,0.086203,610,3,5.46475326,0.39184681,0.82681226,0.60768076,0.19687869,7.180687e-06
1,0.086203,388,3,4.52622467,1.87260285,0.98699147,0.58603717,1.08313912,2.1278277e-05
1,0.086203,1847,3,4.04527922,48.00274185,0.80065152,0.72201652,27.74959874,1.8528682e-05
1,0.086203,1876,3,5.46475326,0.50480512,0.50481155,0.59943481,0.15275485,4.324689e-06
1,0.086203,1779,3,4.85221855,5.31882098,0.8609071,0.86839483,3.97638926,2.3962238e-05
1,0.086203,1199,3,5.89929577,0.58946592,0.78366276,0.80408477,0.37144092,1.0562244e-05
1,0.086203,1755,3,5.14186046,0.88698498,0.46331097,0.6366884,0.26164702,1.2403011e-05
1,0.086203,186,3,4.924602,0.15786288,0.43152974,0.52566799,0.03580983,1.3142857e-05
1,0.086203,178,3,5.05180201,0.56231813,0.71908724,0.63602984,0.25718235,1.6440677e-05
1,0.086203,2627,3,4.52622467,1.06607201,0.85975228,0.63378119,0.58089712,2.0045208e-05
1,0.086203,322,3,5.14163582,1.36106082,0.83559064,0.72760835,0.82750146,2.5744989e-05
1,0.086203,903,3,4.2292526,0.82141549,0.4598791,0.93432745,0.35294389,2.6526827e-05
1,0.086203,277,3,4.85221855,3.2500669,0.85994624,0.66859101,1.8686335,1.8428318e-05
1,0.086203,257,3,5.89929577,1.23434468,0.80537197,0.62991374,0.62620141,1.6036339e-05
1,0.086203,487,3,4.23806638,1.12899571,0.9589443,0.56236418,0.6088402,1.7284821e-05
1,0.086203,44,3,4.52622467,0.1513199,0.5106943,0.51596973,0.03987322,9.693556e-06
1,0.086203,3162,3,5.89929577,3.10109513,0.76128038,0.67165992,1.58565668,1.616299e-05
1,0.086203,520,3,4.37938174,3.13281024,0.69448773,0.62370404,1.35699179,1.9604277e-05
1,0.086203,2986,3,4.56151091,2.0204951,0.91811662,0.5336693,0.9899833,3.0249109e-05
1,0.086203,3450,3,4.85221855,2.36017743,0.58848581,0.58347632,0.81040831,1.1005584e-05
1,0.086203,1282,3,4.85221855,22.75603769,0.43806885,0.6034386,6.01550512,8.472846e-06
1,0.086203,136,3,4.924602,4.28550335,0.91224678,0.51129545,1.99887713,2.7024133e-05
1,0.086203,1500,3,4.85221855,1.24231224,0.36977957,0.80731066,0.37086373,9.568359e-06
1,0.086203,112,3,4.46893923,0.26087345,0.90482567,0.94816019,0.22380846,3.6072333e-05
1,0.086203,108,3,5.46475326,0.7809361,0.84057338,0.73199331,0.48050537,8.793593e-06
1,0.086203,89,3,5.89929577,0.36694824,0.86955758,0.7615945,0.24301157,2.0933883e-05
1,0.086203,88,3,4.13071241,1.37292951,0.79520869,0.80351095,0.87724552,2.2968548e-05
1,0.086203,87,3,4.3605609,0.20758817,0.66769766,0.80885408,0.11211214,2.891994e-05
1,0.086203,22,3,3.31704583,0.36035375,0.94693411,0.71271504,0.24320065,2.4827533e-05
1,0.086203,21,3,4.52622467,0.46280626,0.79922195,0.85869778,0.31761936,2.5246759e-05
1,0.086203,110,3,4.86903714,1.16559205,0.72868899,0.90838767,0.77154279,4.0865419e-05
1,0.086203,35,3,4.16437573,0.73998131,0.6783257,0.84191041,0.42259553,1.2478835e-05
1,0.086203,23,3,4.05587639,3.4355144,0.9152996,0.61709078,1.94045735,3.2725014e-05
1,0.086203,30,3,4.924602,0.10391048,0.87669346,0.93956792,0.08559242,4.7724728e-05
1,0.086203,19,3,4.52622467,2.00099759,0.92350257,0.93338427,1.72482545,3.1710017e-05
1,0.086203,2002,3,4.37527364,4.53326483,0.66992957,0.75225531,2.28457545,2.4689596e-05
1,0.086203,1987,3,4.924602,0.56551739,0.87590369,0.87796972,0.43489244,4.4555714e-05
1,0.086203,1045,3,4.85221855,0.0573179,0.83126112,0.77579119,0.03696346,2.0669795e-05
1,0.086203,1895,3,4.86903714,1.73970285,0.59418887,0.56471859,0.58375643,2.0715677e-05
1,0.086203,1913,3,5.46475326,1.75025216,0.94438752,0.88467604,1.46229544,3.2116654e-05
1,0.086203,1962,3,5.05180201,1.59607091,0.83300209,0.79640312,1.05884216,2.3847325e-05
1,0.086203,235,3,4.85221855,2.48580177,0.67755861,0.42191667,0.71062429,9.162783e-06
1,0.086203,1023,3,5.09225689,0.40940847,0.97983366,0.86618258,0.34747104,3.8412228e-05
1,0.086203,233,3,4.13650529,0.73166464,0.65842137,0.64493892,0.31069522,2.6215915e-05
1,0.086203,231,3,4.85221855,2.44030319,0.98448947,0.6574437,1.57947747,2.0745481e-05
1,0.086203,2233,3,5.12058652,0.08726732,0.7428522,0.49982326,0.0324019,1.8190241e-05
1,0.086203,307,3,4.924602,1.46337791,0.70238335,0.6551188,0.67336535,2.66601e-05
1,0.086203,2070,3,5.46475326,0.54006351,0.31442438,0.52691574,0.08947511,5.378182e-06
1,0.086203,980,3,4.86903714,1.54869921,0.50848887,0.84554742,0.66586548,2.6543729e-05
1,0.086203,1015,3,5.05180201,0.58575948,0.57209741,0.52193483,0.17490635,1.0733636e-05
1,0.086203,222,3,5.05180201,1.44916803,0.69045462,0.4280778,0.42832813,1.0624744e-05
1,0.086203,213,3,4.85221855,1.2051619,0.67757735,0.67996383,0.55525194,1.4767213e-05
1,0.086203,279,3,4.86903714,0.63227296,0.80989557,0.34505231,0.17669268,1.7252676e-05
1,0.086203,922,3,4.924602,0.46100136,0.53246686,0.77755053,0.19086373,2.3987706e-05
1,0.086203,58,3,4.86903714,0.99905003,0.68232864,0.40872046,0.27861675,1.7217199e-05
1,0.086203,56,3,4.86903714,0.11749536,0.93093931,0.88969815,0.09731612,5.1133625e-05
1,0.086203,53,3,4.59460408,0.98153086,0.92779757,0.77184555,0.70289037,1.0509805e-05
1,0.086203,49,3,4.52622467,1.72231517,0.36053364,0.87699658,0.54457328,1.1631657e-05
1,0.086203,1455,3,4.45436434,15.39452,0.73516055,0.86543827,9.79454892,2.6941375e-05
1,0.086203,1346,3,4.85221855,5.86859998,0.32900054,0.82835123,1.59935784,8.735042e-06
1,0.086203,1324,3,4.924602,2.42499604,0.55807214,0.48390836,0.65488418,1.5646636e-05
1,0.086203,1469,3,4.3921935,2.93216373,0.88653067,0.67164207,1.74590204,3.6759888e-05
1,0.086203,103,3,3.93703818,1.31838017,0.50102248,0.91856501,0.60674719,1.6930314e-05
1,0.086203,1415,3,4.86903714,0.20159267,0.73643752,0.63603004,0.09442528,2.8917188e-05
1,0.086203,1431,3,5.69709873,2.0224656,0.52153608,0.8664015,0.91387057,1.6045485e-05
1,0.086203,1434,3,4.86903714,3.38405545,0.85544935,0.40444429,1.17082092,2.1359719e-05
1,0.086203,63,3,5.46475326,2.36046284,0.62576212,0.48188289,0.71178354,4.309574e-06
1,0.086203,68,3,4.52622467,12.12628565,0.88832171,0.81645472,8.79488522,2.6680887e-05
1,0.086203,66,3,5.3587934,0.49362107,0.9088823,0.88688871,0.39789681,1.1830084e-05
1,0.086203,95,3,4.86903714,1.49591146,0.60911088,0.96042531,0.87511644,3.6116236e-05
1,0.086203,15,3,4.28244052,1.12280467,0.58745445,0.65084672,0.42929628,2.2152382e-05
1,0.086203,17,3,4.924602,0.23539277,0.7954253,0.62939494,0.11784625,2.9006155e-05
1,0.086203,64,4,5.47173284,0.60739986,0.72852796,0.48313081,0.21378914,6.18787e-07
1,0.086203,65,4,5.66456294,1.22637166,0.63707535,0.726794,0.56783773,4.27419e-07
1,0.086203,1374,4,5.94206077,6.42386071,0.59123573,0.60397138,2.29389296,1.095921e-06
1,0.086203,50,4,5.66456294,1.47921993,0.67644773,0.73148804,0.73193789,9.91419e-07
1,0.086203,1435,4,5.71934876,2.4222925,0.80872163,0.60613929,1.18740283,4.08861e-07
1,0.086203,101,4,5.66456294,1.60500481,0.58839048,0.42102735,0.3976054,2.2868e-07
1,0.086203,104,4,5.66456294,1.2163971,0.8694544,0.58039792,0.61382989,1.068521e-06
1,0.086203,106,4,5.66456294,1.11999801,0.67762602,0.73044407,0.55436307,1.048063e-06
1,0.086203,1363,4,5.94206077,1.11457588,0.38499921,0.70241328,0.30141314,8.62996e-07
1,0.086203,1373,4,5.92828714,1.38258072,0.91658204,0.38091278,0.4827112,2.34767e-07
1,0.086203,1468,4,5.66456294,1.05788916,0.60502432,0.80512795,0.51532107,1.03145e-06
1,0.086203,1409,4,5.43020636,0.68283337,0.37464327,0.89693142,0.22945203,7.07412e-07
1,0.086203,1420,4,5.43020636,2.00026913,0.69876924,0.84311502,1.17844424,1.240269e-06
1,0.086203,1337,4,5.92828714,0.27358968,0.6317233,0.97223243,0.16803383,8.80843e-07
1,0.086203,1383,4,5.66456294,0.61646275,0.28613258,0.9152225,0.16143617,5.54504e-07
1,0.086203,1393,4,5.47173284,1.82340437,0.75237568,0.95479659,1.30987122,1.262921e-06
1,0.086203,1398,4,5.94206077,2.26539384,0.79946286,0.51951209,0.94088742,1.346976e-06
1,0.086203,1399,4,5.92828714,1.38929764,0.7684015,0.63308193,0.67583927,3.27105e-07
1,0.086203,1360,4,5.92828714,0.51734134,0.87891782,0.85572015,0.38909641,5.51935e-07
1,0.086203,3915,4,6.43926174,0.3112206,0.5775909,0.94715738,0.17025929,8.65812e-07
1,0.086203,3925,4,5.28817998,3.85094805,0.81673113,0.66507507,2.0917869,7.98738e-07
1,0.086203,96,4,5.66456294,1.56541137,0.83178023,0.86357268,1.12443918,1.52096e-06
1,0.086203,97,4,5.66456294,0.52593337,0.64845753,0.74936464,0.2555674,1.028928e-06
1,0.086203,98,4,5.66456294,0.43406013,0.82427721,0.8134339,0.29103516,1.41973e-06
1,0.086203,1323,4,6.09272247,1.14875965,0.74744563,0.5953813,0.51121544,1.012932e-06
1,0.086203,2014,4,5.28817998,0.86047205,0.72468488,0.82195087,0.51254479,8.7589e-07
1,0.086203,1078,4,6.43926174,0.2799485,0.75825883,0.46675227,0.0990791,6.8918e-07
1,0.086203,254,4,5.92828714,0.66745847,0.68712458,0.48206338,0.22108734,2.43079e-07
1,0.086203,3747,4,6.6375822,0.88674214,0.45423611,0.88285871,0.35560693,5.10665e-07
1,0.086203,3755,4,5.76199251,0.9041733,0.84742278,0.83420201,0.63917981,8.35282e-07
1,0.086203,3760,4,5.94206077,2.70163001,0.65903128,0.44439176,0.79122116,1.06483e-06
1,0.086203,256,4,5.98767638,2.54737759,0.71265034,0.86325107,1.56713692,1.319397e-06
1,0.086203,1029,4,6.43926174,3.37101474,0.60207134,0.56604767,1.14884547,5.39364e-07
1,0.086203,1984,4,6.43926174,1.29828639,0.70293743,0.53527119,0.48849604,7.32688e-07
1,0.086203,1985,4,6.43926174,0.36194567,0.66693105,0.61880271,0.14937452,6.53152e-07
1,0.086203,1992,4,5.94206077,0.4485642,0.93206317,0.93904017,0.39260346,2.68616e-06
1,0.086203,1996,4,5.94206077,11.23654968,0.68740932,0.83413899,6.4429805,7.20112e-07
1,0.086203,1926,4,6.09272247,1.57538944,0.50577403,0.8342086,0.66468997,9.60365e-07
1,0.086203,1948,4,5.92828714,0.66004104,0.57860889,0.77155942,0.29466287,8.48969e-07
1,0.086203,1897,4,5.43707368,0.18595447,0.68831258,0.67564547,0.08647911,6.3794e-07
1,0.086203,1903,4,6.43926174,2.34435066,0.84646757,0.77061955,1.52923037,1.032361e-06
1,0.086203,1028,4,6.43926174,0.86133367,0.90108814,0.68475046,0.53146055,2.1103e-07
1,0.086203,3788,4,6.43926174,0.16732861,0.94517167,0.72845118,0.11520766,1.089663e-06
1,0.086203,236,4,5.71934876,2.06918141,0.68713157,0.58196365,0.82743584,3.33534e-07
1,0.086203,237,4,5.66456294,0.66665039,0.94508815,0.86523829,0.54513766,1.731483e-06
1,0.086203,1954,4,6.43926174,0.31336699,0.75069977,0.37266479,0.08766735,7.4278e-08
1,0.086203,2222,4,5.98767638,0.27316745,0.82089095,0.55263042,0.12392223,9.72931e-07
1,0.086203,2225,4,5.66456294,0.35367318,0.70349892,0.62589799,0.15572886,9.32346e-07
1,0.086203,2232,4,5.92828714,0.40882131,0.80795155,0.71780185,0.23709556,4.25596e-07
1,0.086203,2179,4,5.28817998,0.72176346,0.86703374,0.61829002,0.38692173,7.88284e-07
1,0.086203,2181,4,5.94206077,0.56126838,0.53786724,0.86219581,0.26028646,7.94658e-07
1,0.086203,2191,4,5.92828714,1.84731983,0.80342472,0.93319091,1.38502554,1.425782e-06
1,0.086203,2201,4,5.92828714,0.86028175,0.68293614,0.80475111,0.47280536,9.04847e-07
1,0.086203,942,4,5.43707368,1.08810691,0.79678238,0.72561592,0.62909769,7.93088e-07
2,0.148618,0,0,0.0,4.42542107,0.91593113,0.80171528,3.24965743,0.734315983112
2,0.148618,10,1,2.07019706,2.30070294,0.76427462,0.82386148,1.44865238,0.059825008294
2,0.148618,36,1,2.08033532,1.14939559,0.91800449,0.84195219,0.88838612,0.073436398185
2,0.148618,23,1,2.59396487,0.0215398,0.7589892,0.66077372,0.01080264,0.047650503361
2,0.148618,17,1,2.59396487,0.36955347,0.68361706,0.42833413,0.10821136,0.027821125949
2,0.148618,160,1,2.22899991,0.67169572,0.64044596,0.55600558,0.23918516,0.033833020619
2,0.148618,386,1,2.59396487,0.41367035,0.58142028,0.63819901,0.15349728,0.035255382566
2,0.148618,5,1,1.94555013,1.50529734,0.57793158,0.85768861,0.74615381,0.047096127337
2,0.148618,162,1,2.17856552,2.66941709,0.83857278,0.38827601,0.86915605,0.030935736005
2,0.148618,2455,1,2.59396487,1.54204001,0.73199806,0.69837327,0.78830301,0.048570958086
2,0.148618,102,1,2.2662967,3.94266627,0.59767838,0.79150986,1.86515056,0.044947238013
2,0.148618,1129,1,2.59396487,0.1544925,0.86348245,0.68592082,0.09150291,0.056273850274
2,0.148618,3678,1,2.59396487,0.51487043,0.63488519,0.69086752,0.22583327,0.041674376341
2,0.148618,2848,1,2.59396487,0.68222331,0.90310488,0.92966018,0.57278149,0.079770359764
2,0.148618,2237,1,2.34295407,2.48785474,0.3249793,0.36607452,0.29597173,0.011303276266
2,0.148618,2017,1,2.21812658,0.25578724,0.36090947,0.88504019,0.0817034,0.030348721643
2,0.148618,279,1,2.59396487,1.16733446,0.82447919,0.84285018,0.81119523,0.066025122162
2,0.148618,3929,1,2.59396487,0.82922523,0.66880854,0.66696574,0.36989447,0.04238229464
2,0.148618,109,1,2.0842368,1.54963874,0.79142938,0.54153073,0.66414933,0.040720622476
2,0.148618,2,1,2.59396487,0.1847933,0.71870918,0.67047112,0.08904704,0.04578385939
2,0.148618,3,1,2.20946384,1.06992216,0.71650153,0.5261549,0.4033508,0.035818704486
2,0.148618,1,1,1.9770805,0.58674061,0.34637974,0.65512049,0.13314345,0.021560200231
2,0.148618,45,1,1.6335453,32.65490788,0.95804926,0.65832899,20.59582942,0.059925263831
2,0.148618,1571,1,2.59396487,0.3145397,0.96375434,0.87129802,0.26412441,0.079783338072
2,0.148618,1036,2,3.06547288,2.76455704,0.50856263,0.85633815,1.20396897,0.00337672616
2,0.148618,126,2,3.06547288,0.74799201,0.74026825,0.49871189,0.27614412,0.002862496375
2,0.148618,6,2,3.24250197,0.45494201,0.87527328,0.59288715,0.23608683,0.003162256234
2,0.148618,141,2,3.06547288,0.96811501,0.38669668,0.75549219,0.28283124,0.002265199883
2,0.148618,149,2,2.76970578,1.60146444,0.86649939,0.76854485,1.06648506,0.004058063365
2,0.148618,150,2,3.06547288,0.56292763,0.58605469,0.68468572,0.22588218,0.003111254373
2,0.148618,154,2,3.24250197,0.21192795,0.82942155,0.53673248,0.09434555,0.002712779785
2,0.148618,136,2,2.64678866,1.97071384,0.59139664,0.46688213,0.54413877,0.002140879431
2,0.148618,3182,2,3.06547288,5.05685388,0.79044202,0.54506383,2.1787018,0.00334059242
2,0.148618,1775,2,3.06547288,3.67162003,0.68699342,0.48287606,1.21799636,0.002572138581
2,0.148618,459,2,3.40740138,10.32383837,0.77048211,0.83571265,6.6475365,0.00298418373
2,0.148618,81,2,3.06547288,0.34390885,0.56810344,0.78399152,0.15317297,0.003453384153
2,0.148618,2022,2,3.06547288,0.60585227,0.30940263,0.50762982,0.09515637,0.001217803554
2,0.148618,1743,2,2.81726681,0.65009589,0.96975435,0.86238041,0.54367334,0.007946358167
2,0.148618,462,2,3.42010151,0.14347519,0.70573126,0.70160662,0.07104113,0.002167554148
2,0.148618,483,2,3.06547288,0.56375393,0.73080064,0.43566195,0.17948912,0.002468622317
2,0.148618,1671,2,3.06547288,0.18279231,0.51985035,0.73020804,0.06938776,0.002943276479
2,0.148618,1689,2,3.26151821,12.44788377,0.56972328,0.67912693,4.81626576,0.001079353883
2,0.148618,416,2,3.06547288,1.01547678,0.63177294,0.54715113,0.35102522,0.002680244605
2,0.148618,435,2,3.06547288,1.6702198,0.87984251,0.96288142,1.41498348,0.006568766866
2,0.148618,438,2,3.06547288,1.24071585,0.5110494,0.84135086,0.53347289,0.00333385059
2,0.148618,493,2,3.06547288,4.36313516,0.49922655,0.84063855,1.83107294,0.003253966533
2,0.148618,495,2,3.38744763,0.27466624,0.80933201,0.75025286,0.16677834,0.002430474005
2,0.148618,571,2,3.06547288,0.52981115,0.94428531,0.70492291,0.35266791,0.005161203248
2,0.148618,454,2,3.32756619,1.33268142,0.76104591,0.81156837,0.8231184,0.003254217132
2,0.148618,451,2,2.71902538,0.63353928,0.95670735,0.73820697,0.44743587,0.005475998956
2,0.148618,447,2,3.06547288,0.45800815,0.97942396,0.96379067,0.43234122,0.007319131444
2,0.148618,2087,2,3.06547288,0.47085816,0.75656679,0.82437432,0.29367152,0.004835905787
2,0.148618,165,2,2.66215993,1.79988201,0.6502902,0.84707077,0.99145028,0.003203509854
2,0.148618,171,2,3.06547288,1.58639132,0.71826505,0.88394067,1.0072057,0.004922819991
2,0.148618,188,2,3.06547288,0.1063548,0.83337126,0.96678398,0.085689,0.006247036888
2,0.148618,3197,2,3.06547288,0.97217872,0.45513984,0.91993343,0.40704963,0.003246439819
2,0.148618,522,2,3.06547288,1.29329165,0.70971688,0.29490643,0.27068603,0.001622839159
2,0.148618,530,2,3.06547288,0.49497164,0.71489646,0.78250533,0.27689223,0.004337470702
2,0.148618,506,2,3.31879038,0.69740713,0.64565637,0.70963457,0.31953806,0.003546623785
2,0.148618,19,2,3.40740138,0.51608442,0.70714851,0.65899807,0.24050024,0.002159736637
2,0.148618,39,2,3.40740138,0.52793634,0.67233979,0.2584796,0.09174801,0.000805417589
2,0.148618,31,2,3.66842029,0.42326193,0.94283262,0.8678687,0.34633615,0.004847269594
2,0.148618,7,2,2.36247963,2.93476273,0.81271157,0.82261187,1.96202443,0.001865006527
2,0.148618,37,2,3.32512387,3.6047678,0.77438762,0.75279132,2.10140759,0.005539116758
2,0.148618,693,2,3.06547288,11.67188065,0.75228508,0.66580064,5.84611685,0.003883584494
2,0.148618,666,2,3.44452529,2.49504558,0.94174795,0.93767033,2.20324777,0.005135515158
2,0.148618,651,2,2.6804904,4.97985185,0.77296062,0.56609812,2.1790415,0.00339277597
2,0.148618,2964,2,3.31879038,4.84575823,0.81335729,0.34065757,1.34264483,0.00214475812
2,0.148618,407,2,3.38744763,1.53288018,0.41915088,0.83848493,0.53873333,0.001406767226
2,0.148618,708,2,3.06547288,0.57375715,0.58029932,0.42026379,0.1399272,0.001890950407
2,0.148618,2697,2,3.31879038,0.60988949,0.47223539,0.76629153,0.2207007,0.002801118434
2,0.148618,2668,2,3.06547288,2.28079374,0.91226897,0.6752559,1.40500316,0.004776363759
2,0.148618,2062,2,3.06547288,2.16419906,0.98996223,0.83731025,1.79391654,0.006427041951
2,0.148618,1562,2,3.06547288,1.31437377,0.60554682,0.5529396,0.44009284,0.002596160436
2,0.148618,332,2,3.31879038,1.01777028,0.89633363,0.76513576,0.69800407,0.005308686881
2,0.148618,335,2,3.06547288,1.29693921,0.53411293,0.56252349,0.38966677,0.002329591935
2,0.148618,750,2,3.06547288,0.71557544,0.96959591,0.71264848,0.49444907,0.005357624119
2,0.148618,1537,2,3.06547288,0.51420022,0.80464647,0.80086467,0.33135727,0.00499655128
2,0.148618,740,2,3.06547288,2.74004555,0.89996225,0.69179663,1.70592729,0.004827350555
2,0.148618,362,2,3.31879038,1.33456792,0.85290888,0.36675286,0.41746188,0.002421336009
2,0.148618,353,2,3.24250197,0.36277891,0.91669313,0.88763251,0.29518835,0.004958365361
2,0.148618,356,2,3.06547288,0.28319886,0.64345507,0.16363741,0.02981895,0.000816407382
2,0.148618,930,2,3.06547288,0.98734822,0.66523046,0.81941404,0.53820271,0.004226507437
2,0.148618,952,2,3.06547288,0.70856398,0.5978858,0.81105903,0.34359733,0.003759904487
2,0.148618,214,2,3.06547288,0.82621321,0.71121208,0.65711704,0.3861304,0.003623664315
2,0.148618,215,2,3.06547288,0.71395573,0.59855501,0.76465037,0.32676705,0.003548730965
2,0.148618,225,2,3.06547288,1.40857944,0.82806243,0.39630298,0.46224451,0.002544465254
2,0.148618,786,2,3.06547288,0.52373575,0.90755367,0.68437239,0.32529472,0.00481582727
2,0.148618,794,2,3.06547288,4.25045657,0.89287659,0.62574243,2.37477583,0.00433204683
2,0.148618,3741,2,3.4954381,4.55684453,0.94963142,0.9030066,3.907601,0.001254141369
2,0.148618,1405,2,2.86772863,0.67935492,0.79645001,0.62412216,0.33769517,0.001989686857
2,0.148618,804,2,3.40740138,2.23036438,0.74044147,0.82160346,1.35684055,0.002819415078
2,0.148618,349,2,3.06547288,3.23734004,0.69506491,0.48324822,1.08738653,0.002604364307
2,0.148618,778,2,3.31879038,0.33728335,0.84199992,0.90553374,0.25716484,0.005901951047
2,0.148618,366,2,3.06547288,0.66004347,0.8128899,0.71477084,0.38350506,0.004505102335
2,0.148618,364,2,3.06547288,0.99053306,0.93425975,0.5089592,0.47099856,0.003686860545
2,0.148618,326,2,3.32756619,0.25090562,0.66774086,0.62190978,0.10419472,0.002187992834
2,0.148618,2826,2,3.06547288,0.55711074,0.72447691,0.58492337,0.23608318,0.003285712969
2,0.148618,2253,2,2.91554928,0.33431879,0.65345551,0.59596414,0.13019579,0.000569556274
2,0.148618,302,2,3.42010151,0.29528984,0.90513188,0.47209861,0.12618075,0.001870602496
2,0.148618,274,2,3.06547288,1.62915059,0.61212742,0.4971151,0.49574691,0.002359418015
2,0.148618,276,2,3.06547288,0.69058762,0.65661554,0.75366372,0.34174924,0.003837027128
2,0.148618,3495,2,2.83408047,1.25419409,0.96336476,0.47994595,0.57989296,0.00185071561
2,0.148618,1262,2,3.66842029,1.09321802,0.65537188,0.8447748,0.60525103,0.004729705682
2,0.148618,293,2,3.06547288,9.13173701,0.5694526,0.69788017,3.62904069,0.003081374951
2,0.148618,300,2,3.06547288,1.65469087,0.97625642,0.87048551,1.40618453,0.006589182715
2,0.148618,243,2,3.06547288,2.11092923,0.77589247,0.82367993,1.34906756,0.004955256383
2,0.148618,242,2,3.06547288,9.17100715,0.49221915,0.90660229,4.09253449,0.003460042404
2,0.148618,2783,2,3.06547288,0.25280635,0.58353825,0.64428408,0.09504619,0.002915095801
2,0.148618,2738,2,3.44452529,0.06490763,0.63464333,0.80223442,0.0330466,0.002960943858
2,0.148618,2277,2,3.06547288,0.79245508,0.84111933,0.44218169,0.29473589,0.002883795634
2,0.148618,1287,2,2.49514562,1.26392033,0.75646037,0.71994766,0.68834602,0.004222729016
2,0.148618,3507,2,3.06547288,0.29439192,0.67915595,0.59671053,0.11930513,0.00314223975
2,0.148618,258,2,2.81970016,7.50433701,0.61056211,0.53284034,2.44140188,0.001714105323
2,0.148618,872,2,3.06547288,0.9004614,0.79658554,0.8357969,0.59951255,0.005162252988
2,0.148618,891,2,3.06547288,0.86789991,0.74549902,0.72090978,0.46644198,0.00416710166
2,0.148618,15,2,2.6970202,0.96038346,0.82972392,0.89252273,0.71120954,0.004512676959
2,0.148618,73,2,3.06547288,2.86743292,0.62299303,0.6105004,1.09059224,0.002949003187
2,0.148618,67,2,3.06547288,0.26151675,0.67250853,0.94952944,0.16699587,0.004951221254
2,0.148618,70,2,3.06547288,0.65003411,0.83120036,0.85209833,0.46039604,0.005491633475
2,0.148618,96,2,2.74319378,2.52168956,0.7087403,0.67981607,1.21498293,0.003735808979
2,0.148618,95,2,2.64678866,0.69502211,0.96558174,0.46187847,0.30996695,0.003457983153
2,0.148618,112,2,3.06547288,3.3130481,0.67998548,0.81021564,1.82527374,0.004271755326
2,0.148618,3064,2,2.74873336,0.98452696,0.75192243,0.61184498,0.45294143,0.003561175327
2,0.148618,986,2,3.44452529,0.82658263,0.68344277,0.87120437,0.49216245,0.003462751777
2,0.148618,1032,2,3.31879038,0.08079869,0.77144958,0.68990621,0.04300331,0.004119803679
2,0.148618,1033,2,3.06547288,1.99424541,0.74326118,0.77619174,1.15050649,0.004473182083
2,0.148618,25,2,2.52719486,3.20097436,0.81612877,0.87005511,2.27293831,0.005496476444
2,0.148618,87,2,3.06547288,0.31234941,0.7323527,0.92992951,0.21272131,0.005280516703
2,0.148618,85,2,2.50880804,2.72799261,0.7859188,0.70227353,1.50566089,0.004279470964
2,0.148618,976,2,3.44452529,1.70919331,0.69455569,0.8605017,1.02152733,0.003475825493
2,0.148618,125,2,3.06547288,0.69089596,0.41737861,0.69729558,0.20107578,0.002256592857
2,0.148618,124,2,3.06547288,0.51896406,0.60988608,0.53318548,0.16875798,0.002521350058
2,0.148618,90,2,3.06547288,0.64590365,0.59048898,0.59350166,0.22636093,0.002717314074
2,0.148618,92,2,3.06547288,0.99765243,0.52950218,0.57065044,0.30145131,0.00234284748
2,0.148618,46,2,2.39480024,9.03417424,0.74678629,0.54780744,3.69583631,0.003171979493
2,0.148618,52,2,3.06547288,6.19379712,0.99391462,0.89356142,5.50085836,0.006886199363
2,0.148618,50,2,2.37952752,9.24488996,0.9486156,0.96150899,8.43228661,0.008666647478
2,0.148618,48,2,3.31879038,1.24554133,0.8503541,0.73069401,0.77391542,0.004809658879
2,0.148618,47,2,3.31879038,1.02560253,0.7774749,0.71160814,0.56742226,0.004282587095
2,0.148618,56,2,2.61700906,1.44733907,0.70220321,0.65727955,0.66801039,0.003578648435
2,0.148618,61,2,2.47884689,0.99141512,0.81110099,0.89261944,0.71778902,0.004411869096
2,0.148618,4,2,2.46365874,0.37439198,0.72860794,0.92226353,0.25157963,0.003114260663
2,0.148618,63,3,4.21224682,0.99291523,0.9353608,0.88600563,0.82286354,0.00045921705
2,0.148618,2586,3,4.01569143,2.04576468,0.66978999,0.73046488,1.00090687,0.000245848126
2,0.148618,2587,3,3.58794309,0.34778318,0.92583685,0.77619806,0.24992839,0.000410228459
2,0.148618,49,3,3.53039968,2.19297815,0.3826506,0.53265803,0.446977,8.3652205e-05
2,0.148618,57,3,3.68475103,0.62212555,0.64910884,0.64381754,0.25999103,0.000193506478
2,0.148618,58,3,3.52005752,2.10384778,0.60453355,0.70738566,0.89968603,0.000479539012
2,0.148618,62,3,3.0418863,1.38271975,0.83590021,0.37659788,0.43527775,0.000129198904
2,0.148618,2523,3,4.28241029,1.20771405,0.74085425,0.73432627,0.65703115,0.000210060091
2,0.148618,89,3,3.04512988,0.62668829,0.5131912,0.44667435,0.14365535,5.5315485e-05
2,0.148618,84,3,4.01569143,0.0727886,0.89277239,0.75967091,0.04936619,0.000481907784
2,0.148618,2529,3,3.75789206,0.37432258,0.9036996,0.86390228,0.29223669,0.000553156751
2,0.148618,2543,3,4.01569143,2.31307742,0.58263766,0.91228687,1.22947625,0.000237961965
2,0.148618,2549,3,4.21224682,0.72682003,0.98385859,0.65013795,0.46490593,0.00043936095
2,0.148618,2566,3,4.01569143,0.40400732,0.71044179,0.78373886,0.22495162,0.00049610731
2,0.148618,2514,3,4.01569143,1.13396203,0.82194815,0.70075567,0.65314493,0.000513200164
2,0.148618,2633,3,4.01569143,0.39909204,0.59410918,0.37520179,0.08896194,0.000112010846
2,0.148618,2654,3,4.01569143,0.32265048,0.49869488,0.45602282,0.07337596,0.000104421687
2,0.148618,962,3,4.01569143,1.22152216,0.8198861,0.70947682,0.71054744,0.000518283609
2,0.148618,965,3,4.21224682,0.19777897,0.69106462,0.87023687,0.11894227,0.000413084974
2,0.148618,966,3,4.01569143,0.98416081,0.58608061,0.926464,0.53438218,0.000177139411
2,0.148618,982,3,4.01569143,0.79398382,0.87625166,0.65313078,0.45440245,0.000140024908
2,0.148618,119,3,3.52005752,5.69124205,0.77243073,0.97064137,4.26702706,0.000840747573
2,0.148618,121,3,3.20073696,0.33877702,0.88611235,0.48979251,0.14703302,0.000209788533
2,0.148618,123,3,3.52005752,2.32537635,0.51233796,0.8895307,1.05976782,0.000511051607
2,0.148618,2490,3,3.73010489,0.94840564,0.9488112,0.7520615,0.67674847,0.000313245247
2,0.148618,2625,3,4.01569143,1.32025261,0.58856087,0.87628875,0.68091932,0.000217144011
2,0.148618,2627,3,3.52005752,0.16293957,0.61486268,0.63277484,0.06339484,0.00043628936
2,0.148618,2628,3,4.01569143,5.08765587,0.90130668,0.587368,2.69339841,0.000308591304
2,0.148618,100,3,3.12809652,0.03090077,0.84825696,0.66343143,0.01738973,0.000311608795
2,0.148618,101,3,3.01493671,0.23296942,0.61324054,0.73911326,0.10559437,0.000109375074
2,0.148618,115,3,4.01569143,2.05558349,0.97296662,0.65878422,1.31757775,0.000571106197
2,0.148618,117,3,4.21224682,0.90787522,0.90085909,0.68599082,0.5610497,0.000384579027
2,0.148618,66,3,3.74200103,0.24263304,0.42097912,0.85561379,0.08739534,0.000210314261
2,0.148618,68,3,3.07717477,1.86657308,0.91462618,0.76175656,1.30048344,0.000781280725
2,0.148618,76,3,3.53039968,0.4011854,0.68276169,0.42186291,0.11555417,0.000118213483
2,0.148618,3509,3,4.01569143,0.68185592,0.61836411,0.80931972,0.34123771,0.000216313707
2,0.148618,874,3,3.53039968,0.94850061,0.81600723,0.644323,0.49869528,0.000215786447
2,0.148618,880,3,4.01569143,0.35734309,0.76667983,0.77464932,0.21222892,0.000298433855
2,0.148618,1201,3,4.01569143,3.05204533,0.61735054,0.6852281,1.29109434,0.000168658292
2,0.148618,3531,3,4.01569143,1.27660446,0.57728502,0.93535108,0.68932066,0.000172470864
2,0.148618,3541,3,4.01569143,1.40651964,0.69530348,0.7187887,0.70294516,0.000276234655
2,0.148618,260,3,4.21224682,0.46756289,0.37713886,0.56399872,0.09945335,0.000117864159
2,0.148618,266,3,3.53039968,0.91155105,0.60423896,0.94446154,0.52020438,0.0002342176
2,0.148618,269,3,3.80047553,4.85085167,0.81500673,0.52776318,2.08649949,0.000192565224
2,0.148618,3508,3,3.52005752,1.96286656,0.56531461,0.61098417,0.67797072,0.00038731779
2,0.148618,248,3,3.52005752,1.43224697,0.64361332,0.33328745,0.30722879,0.000240542198
2,0.148618,255,3,3.77541599,0.68346766,0.74134637,0.80376747,0.40725794,0.000288026469
2,0.148618,3907,3,4.16727186,0.94539246,0.64574275,0.39179992,0.23918614,3.5333275e-05
2,0.148618,3913,3,3.53039968,0.25615077,0.40210546,0.86560951,0.08915745,0.000142852719
2,0.148618,2336,3,4.21224682,0.23225119,0.73009951,0.83956626,0.14236229,0.000281286124
2,0.148618,2348,3,4.01569143,0.97634839,0.74240155,0.76490274,0.55443406,0.000254227575
2,0.148618,2349,3,4.16727186,0.54912099,0.5119947,0.73100984,0.20552125,5.2269542e-05
2,0.148618,226,3,4.01569143,0.10177559,0.5912304,0.75179692,0.04523774,0.000208401773
2,0.148618,230,3,3.15104521,0.65260153,0.92172604,0.91433728,0.549992,0.000349325669
2,0.148618,234,3,3.53039968,0.48359964,0.92352228,0.80819806,0.36095341,0.00030633153
2,0.148618,236,3,4.01569143,7.82346682,0.5483689,0.96235168,4.1286291,0.000201362232
2,0.148618,237,3,4.01569143,5.31277325,0.41451566,0.37161513,0.81838115,5.4158961e-05
2,0.148618,246,3,3.08099745,3.26938699,0.78505768,0.61734996,1.58452582,0.000344677959
2,0.148618,2845,3,4.01569143,0.43842033,0.79993217,0.70561057,0.24746224,0.000187848943
2,0.148618,2295,3,4.01569143,1.72583644,0.50621297,0.16875657,0.14743262,2.9625422e-05
2,0.148618,292,3,3.80047553,0.08743973,0.69837478,0.89428518,0.05461015,0.00027960321
2,0.148618,821,3,4.01569143,0.3996074,0.65832318,0.50341704,0.13243433,0.000126455711
2,0.148618,824,3,4.01569143,0.26651211,0.79667703,0.62774466,0.1332853,0.000280320345
2,0.148618,275,3,4.01569143,2.39369331,0.68221136,0.36130067,0.59000573,0.00021961574
2,0.148618,278,3,3.53039968,0.85333552,0.62839822,0.63702659,0.34159565,0.000164292988
2,0.148618,2334,3,4.01569143,0.30659405,0.76314119,0.75436502,0.17650222,0.000289277961
2,0.148618,2767,3,4.01569143,0.32806628,0.71375785,0.74634906,0.17476501,0.000177289658
2,0.148618,851,3,3.77541599,2.04600244,0.68532766,0.78397462,1.09927515,0.000259705455
2,0.148618,868,3,4.01569143,0.26977793,0.90759282,0.80284335,0.196575,0.000290510986
2,0.148618,3513,3,4.01569143,0.5369973,0.82103171,0.59912807,0.26415066,0.000419379597
2,0.148618,1259,3,3.53039968,3.36907071,0.68050366,0.64939132,1.48883672,0.000181369171
2,0.148618,1279,3,3.83136564,3.04758558,0.79244645,0.62219795,1.50263814,0.000109353365
2,0.148618,1283,3,4.01569143,0.58028519,0.74090171,0.48368247,0.20795168,0.000319298359
2,0.148618,1167,3,3.58794309,0.65148021,0.95363696,0.77492904,0.48144451,0.000421855559
2,0.148618,1176,3,4.28241029,0.27207071,0.77097581,0.68830741,0.14437932,0.00020490139
2,0.148618,1186,3,4.01569143,1.53694974,0.62263862,0.6365473,0.60915301,0.000177437048
2,0.148618,1187,3,4.21224682,1.90575764,0.73886727,0.6022014,0.84796095,0.00024655314
3,0.256226,0,0,0.0,0.40445751,0.43283216,0.40557783,0.07100136,0.175547130783
3,0.256226,110,1,1.71087889,1.14627184,0.68366817,0.6197939,0.48571362,0.015171951363
3,0.256226,1,1,1.97555277,0.13905767,0.94050255,0.85140565,0.11135032,0.02867116136
3,0.256226,33,1,1.97555277,0.17885336,0.70633207,0.92177581,0.11644781,0.023312186732
3,0.256226,2,1,1.71087889,0.33650806,0.711172,0.73615135,0.17617214,0.018745220235
3,0.256226,1060,2,2.61341067,1.39264644,0.77125818,0.32190188,0.34575158,0.000768280454
3,0.256226,1273,2,2.61341067,1.10906045,0.55965867,0.52493537,0.32582492,0.000909129111
3,0.256226,427,2,2.58124009,3.59075125,0.51669662,0.88301628,1.63828577,0.002668115765
3,0.256226,3,2,2.58124009,4.40754772,0.85138735,0.78264116,2.9368847,0.003896639293
3,0.256226,763,3,3.25047829,0.18739325,0.90979526,0.63382148,0.1080599,0.000313812572
3,0.256226,2588,3,2.98832314,0.21952721,0.38413059,0.60008942,0.05060381,0.000125445352
3,0.256226,5,3,3.15213404,1.81145189,0.80311835,0.75531247,1.09883633,0.000482115907
3,0.256226,100,3,3.25047829,0.46815526,0.81009167,0.70131599,0.26597316,0.000451536804
3,0.256226,101,3,2.87760362,7.6363877,0.82832993,0.59067472,3.73628252,0.00038886333
3,0.256226,10,3,3.10170159,0.64199066,0.71097129,0.81976538,0.37417119,0.000463219558
3,0.256226,32,3,3.25047829,0.5650861,0.87098363,0.94568852,0.46544968,0.000654641243
3,0.256226,1540,3,3.05152106,6.78694335,0.90227647,0.93498458,5.72556444,0.000459096306
3,0.256226,651,3,3.25047829,0.59906885,0.94404416,0.33641856,0.19026066,0.000172835111
3,0.256226,1391,3,2.93316152,1.80924828,0.61854994,0.59948797,0.67089323,0.000294713813
3,0.256226,619,3,3.25047829,1.23643774,0.7651065,0.87868365,0.83124049,0.000365859344
3,0.256226,3877,3,3.25047829,2.05356126,0.58211668,0.57246014,0.68432587,0.000264850348
3,0.256226,87,3,3.25047829,0.296545,0.77887434,0.67748793,0.15648026,0.000419386273
3,0.256226,35,3,3.25047829,0.284623,0.9150287,0.84639367,0.22043326,0.000615534463
3,0.256226,2170,3,3.25047829,5.62269111,0.4485138,0.66023722,1.66502226,0.000235353722
3,0.256226,3287,3,3.25047829,2.86358478,0.70544332,0.54802233,1.10705814,0.000307259726
3,0.256226,2283,3,2.97840817,0.71433309,0.51526817,0.9450219,0.34783714,0.000264993305
3,0.256226,905,3,3.25047829,0.42440443,0.79020922,0.83467133,0.2799223,0.000358936234
3,0.256226,36,3,3.25047829,1.75197751,0.91696815,0.78879548,1.26720592,0.000574862419
3,0.256226,1180,3,3.1315419,1.07916175,0.64121522,0.51117234,0.35371845,0.000260505215
3,0.256226,184,3,3.25047829,1.42638493,0.86639839,0.69895822,0.86378488,0.000481298055
3,0.256226,1158,3,3.25047829,0.64359527,0.8795826,0.7662116,0.43374871,0.000535637047
3,0.256226,4,3,2.89293012,2.76425511,0.8871991,0.5830796,1.42997045,0.000411144223
3,0.256226,75,3,3.15213404,0.55055393,0.86410642,0.73630109,0.35028581,0.000505670857
3,0.256226,96,3,3.25047829,1.32777327,0.76548023,0.53937686,0.54821411,0.000328149343
3,0.256226,2977,3,3.25047829,3.87535073,0.68938058,0.62313429,1.66476031,0.000341417636
3,0.256226,285,3,2.91593466,4.72485156,0.57118261,0.94925694,2.56181005,0.0004309273
3,0.256226,1863,3,3.25047829,7.96714841,0.8501017,0.85741877,5.80719993,0.00039666473
3,0.256226,3602,4,3.52214192,1.94763893,0.83787295,0.88993651,1.45226422,6.5538462e-05
3,0.256226,663,4,3.32942693,1.58117497,0.56520631,0.71040215,0.63487935,3.7936146e-05
3,0.256226,3669,4,3.52214192,4.84170755,0.78594673,0.45512065,1.73188161,3.1439722e-05
3,0.256226,2377,4,3.27139581,2.7170824,0.51018147,0.90167875,1.24991166,2.486374e-05
3,0.256226,558,4,3.47211862,4.40088822,0.48208259,0.92391379,1.96016775,4.5938401e-05
3,0.256226,3526,4,3.49047437,0.15308021,0.7134636,0.83379304,0.0910645,4.7182628e-05
3,0.256226,2786,4,3.52214192,3.04668594,0.77213201,0.71781749,1.68862524,4.8715217e-05
3,0.256226,3470,4,3.27705087,0.31490677,0.78925407,0.45478009,0.1130317,2.1576143e-05
3,0.256226,3897,4,3.80373736,0.84603452,0.76242738,0.66934972,0.43175727,6.8141232e-05
3,0.256226,210,4,3.31443043,0.40268612,0.87243317,0.84613058,0.29725982,5.8549285e-05
3,0.256226,191,4,3.26704247,2.06825741,0.85533356,0.59484446,1.05230958,4.0354407e-05
3,0.256226,2523,4,3.80373736,0.53471899,0.89432701,0.71278301,0.34086255,3.060059e-05
3,0.256226,1343,4,3.80373736,0.64624741,0.86690137,0.80750245,0.45238934,8.7886255e-05
3,0.256226,2518,4,3.39839025,8.24006896,0.71661874,0.92429866,5.45797232,3.5194269e-05
3,0.256226,1157,4,3.39601873,11.11174476,0.84065795,0.79728161,7.44754832,5.3159772e-05
3,0.256226,3549,4,3.50312053,0.49352511,0.39774792,0.37201115,0.07302526,1.2408324e-05
3,0.256226,876,4,3.80373736,1.39383241,0.88935729,0.90406889,1.12069737,7.893088e-05
3,0.256226,900,4,3.49047437,0.44628322,0.46337639,0.75956301,0.15707543,2.7915779e-05
3,0.256226,775,4,3.26935493,2.09258633,0.83571136,0.59648473,1.04313141,4.3814181e-05
3,0.256226,823,4,3.24209242,0.99889868,0.70228621,0.57616674,0.40418833,3.2093299e-05
3,0.256226,3824,4,3.80373736,0.12406295,0.40772864,0.44392306,0.02245541,1.2604335e-05
3,0.256226,3685,4,3.2431328,0.58189575,0.67407328,0.84173933,0.33016416,4.9870508e-05
3,0.256226,2712,4,3.80373736,8.7278261,0.5785743,0.60910808,3.07581059,2.8512292e-05
3,0.256226,7,4,3.50312053,0.60224949,0.97163597,0.85822936,0.50220773,6.9928819e-05
3,0.256226,8,4,2.99989065,15.1122539,0.81373892,0.62978987,7.74479634,4.2976397e-05
3,0.256226,116,4,3.72004809,0.5265322,0.68958085,0.52501794,0.19062694,3.5601299e-05
3,0.256226,6,4,3.50312053,0.90485509,0.73849492,0.5314122,0.35510604,3.2910029e-05
3,0.256226,1687,4,3.2670151,0.70634827,0.92195735,0.70340947,0.45807642,6.072645e-05
3,0.256226,473,4,3.49047437,0.98112561,0.84199757,0.58449254,0.48285243,3.9033891e-05
3,0.256226,1772,4,3.52214192,0.19141589,0.87524207,0.81206122,0.13604887,6.2470648e-05
3,0.256226,455,4,3.1970283,3.28387597,0.6444449,0.52864143,1.11875176,2.8569078e-05
3,0.256226,418,4,3.39601873,0.34769778,0.38099951,0.34748476,0.04603224,1.0500554e-05
3,0.256226,436,4,3.67741234,0.56303058,0.37671615,0.74540108,0.15810159,2.6530546e-05
3,0.256226,426,4,3.29094231,0.5678978,0.90312323,0.83506391,0.428289,6.324351e-05
3,0.256226,1813,4,3.49047437,2.36814517,0.82510408,0.85727575,1.67508787,5.6102383e-05
3,0.256226,227,4,3.80373736,0.08815646,0.76707698,0.87395828,0.0590995,6.5811048e-05
3,0.256226,2336,4,3.63518769,0.22182334,0.89469027,0.94535141,0.18761745,7.9199937e-05
3,0.256226,2192,4,3.80373736,0.57322889,0.91335986,0.68979069,0.36114976,5.0972729e-05
3,0.256226,267,4,3.80373736,0.92154038,0.66275661,0.59505617,0.36343471,4.6241403e-05
3,0.256226,3090,4,3.52214192,1.64494828,0.75697364,0.58573805,0.72935077,3.8971153e-05
3,0.256226,372,4,3.80373736,0.31240009,0.74973969,0.94627772,0.22163598,6.0687378e-05
3,0.256226,355,4,3.80373736,0.50698232,0.41341497,0.45735221,0.09585832,1.7413464e-05
3,0.256226,3125,4,3.80373736,0.38339292,0.73683115,0.61561471,0.1739086,3.6699115e-05
3,0.256226,40,4,3.27380322,0.21854976,0.73889931,0.83780066,0.1352933,5.1912889e-05
3,0.256226,2697,4,3.52214192,0.22443832,0.8963748,0.66396099,0.13357624,5.2310787e-05
3,0.256226,2052,4,3.49047437,1.1550634,0.75507493,0.6445146,0.56211948,3.8598893e-05
3,0.256226,347,4,3.08779548,0.68996769,0.73719857,0.70415995,0.35816617,4.1172557e-05
3,0.256226,2916,4,3.49047437,0.60056202,0.87600791,0.82594796,0.43452881,5.7386898e-05
3,0.256226,2293,4,3.33717092,8.39878702,0.72651286,0.87931475,5.36542629,3.4528492e-05
3,0.256226,3267,4,3.80373736,0.18924816,0.82147014,0.45005428,0.06996621,2.5745283e-05
3,0.256226,1738,4,3.49047437,0.85855066,0.7939641,0.84980383,0.57927592,5.3514514e-05
3,0.256226,2200,4,3.72004809,2.577117,0.82391062,0.82718857,1.75638114,7.0292275e-05
3,0.256226,2029,4,3.70261576,6.73547867,0.9220728,0.53170178,3.30218796,2.6049824e-05
3,0.256226,2150,4,3.72004809,2.59532756,0.8882296,0.58234674,1.34245294,5.0864338e-05
3,0.256226,2146,4,3.63518769,0.28417076,0.90490399,0.8991925,0.23122488,7.6192815e-05
3,0.256226,21,4,3.50312053,0.3879591,0.5897669,0.49484698,0.11322368,2.4473753e-05
3,0.256226,308,4,3.16137607,3.56394604,0.62714442,0.86309814,1.92911832,4.7575877e-05
3,0.256226,395,4,3.32244847,2.79308755,0.72066089,0.93373732,1.87949088,5.3371291e-05
3,0.256226,388,4,3.47211862,5.99542186,0.92346811,0.7987282,4.42222328,7.2531628e-05
3,0.256226,3869,5,3.92883596,1.52998243,0.88537057,0.46592041,0.63113645,8.83495e-07
3,0.256226,1043,5,3.68790904,0.40565007,0.90707017,0.20658972,0.07601532,1.542395e-06
3,0.256226,1036,5,3.45346934,1.43237482,0.90635433,0.88709741,1.15166456,7.047813e-06
3,0.256226,738,5,3.59195666,0.13989121,0.93715461,0.45317307,0.05941085,3.72272e-06
3,0.256226,1095,5,3.59195666,0.16444401,0.69228784,0.82538523,0.09396399,5.00874e-06
3,0.256226,1109,5,3.59195666,0.23739712,0.85504628,0.90399123,0.18349714,6.775462e-06
3,0.256226,976,5,3.59195666,0.79389817,0.87828945,0.9468819,0.66023461,7.289849e-06
3,0.256226,973,5,3.45346934,0.95288179,0.69165928,0.65194265,0.42967554,3.952634e-06
3,0.256226,1011,5,3.59195666,1.66503762,0.81958116,0.59010933,0.80528294,4.23945e-06
3,0.256226,3774,5,3.99479868,0.32735964,0.69734051,0.87815206,0.20046555,5.737802e-06
3,0.256226,3772,5,4.03835269,0.56822982,0.5590265,0.59521994,0.1890749,4.447963e-06
3,0.256226,3728,5,4.2120739,0.4561462,0.89885859,0.35152546,0.14412928,3.278058e-06
3,0.256226,766,5,3.51118378,1.94289098,0.75156729,0.8691698,1.2691733,7.80098e-06
3,0.256226,773,5,3.75816427,0.98764389,0.83413539,0.87472919,0.72062703,4.251688e-06
3,0.256226,3683,5,3.66569089,0.25432105,0.74940765,0.79200955,0.15094921,4.984383e-06
3,0.256226,2706,5,3.92883596,2.75213292,0.62800959,0.82673467,1.42889997,5.62951e-06
3,0.256226,2623,5,3.45886399,6.32283687,0.91955753,0.62292289,3.62180591,3.337832e-06
3,0.256226,916,5,4.01076303,0.9809113,0.71408563,0.77977862,0.54619957,4.433212e-06
3,0.256226,3746,5,3.72788243,0.18929063,0.73101963,0.51731368,0.07158337,3.669652e-06
3,0.256226,808,5,3.59195666,3.37497712,0.67123303,0.76242078,1.72718506,4.485936e-06
3,0.256226,41,5,3.38672536,1.6592086,0.93626662,0.39352186,0.61132111,3.229635e-06
3,0.256226,925,5,3.59195666,1.44406294,0.74546508,0.48624999,0.52344738,3.1774e-06
3,0.256226,842,5,3.99479868,1.68781195,0.70886011,0.79951787,0.95656123,5.310307e-06
3,0.256226,44,5,3.45346934,1.48198276,0.78338592,0.91863334,1.06650063,6.308164e-06
3,0.256226,822,5,3.59195666,0.98587141,0.54471995,0.84882798,0.45584085,4.053013e-06
3,0.256226,114,5,3.59195666,0.67644064,0.8345126,0.84487236,0.47692896,6.180293e-06
3,0.256226,11,5,3.35828788,0.41997725,0.7226585,0.88759757,0.26938598,5.622562e-06
3,0.256226,119,5,3.39022782,1.92973708,0.71974886,0.67539533,0.93807418,4.261123e-06
3,0.256226,919,5,3.86542011,0.13863513,0.79411015,0.4209125,0.04633891,3.638609e-06
3,0.256226,111,5,3.41911649,0.9309443,0.88393316,0.8657429,0.71241337,6.708005e-06
3,0.256226,106,5,3.45346934,0.55895651,0.93764393,0.59523039,0.31196154,4.892244e-06
3,0.256226,9,5,3.59195666,1.77762652,0.9524482,0.7460215,1.2630869,6.228418e-06
3,0.256226,1575,5,3.99479868,0.11824327,0.53484169,0.71637846,0.0453048,5.668266e-06
3,0.256226,1626,5,3.59195666,0.25311978,0.77462962,0.80909617,0.15864278,5.493882e-06
3,0.256226,1613,5,3.66569089,1.97839395,0.54175982,0.52104896,0.55846775,2.370545e-06
3,0.256226,1609,5,3.81988094,0.94407957,0.75045667,0.62409449,0.44216521,4.185484e-06
3,0.256226,1601,5,3.67210397,1.37887019,0.45737926,0.46163939,0.29114056,4.52217e-07
3,0.256226,530,5,3.72788243,0.10852574,0.45539889,0.62043873,0.03066363,2.741781e-06
3,0.256226,523,5,3.86542011,0.17609167,0.9740531,0.84777078,0.14541188,8.989258e-06
3,0.256226,3483,5,3.51364025,0.33052345,0.52941263,0.41755964,0.07306596,1.556845e-06
3,0.256226,1558,5,3.92883596,3.27866101,0.97155657,0.54208229,1.72675145,5.710465e-06
3,0.256226,1547,5,3.67210397,0.21103468,0.68802322,0.68740327,0.09980873,5.128057e-06
3,0.256226,1538,5,3.99479868,2.59999855,0.75870562,0.3392267,0.66916996,2.411539e-06
3,0.256226,572,5,3.75816427,0.16868038,0.76334508,0.7903964,0.1017725,3.515743e-06
3,0.256226,1470,5,3.92883596,0.76980168,0.89771096,0.7540246,0.52107579,7.339394e-06
3,0.256226,1518,5,3.81790195,2.02036478,0.63123453,0.62005546,0.79077161,3.221568e-06
3,0.256226,597,5,3.45346934,0.30051512,0.45528863,0.81566721,0.1116005,3.255254e-06
3,0.256226,1442,5,3.85853053,2.06530451,0.66734488,0.83577058,1.15191784,6.660611e-06
3,0.256226,188,5,3.59195666,10.33346111,0.68288992,0.88396837,6.23782572,5.291423e-06
3,0.256226,2452,5,3.92883596,2.9846735,0.76168526,0.71202275,1.61869958,5.88041e-06
3,0.256226,194,5,3.59195666,1.97814307,0.74912634,0.58415034,0.86564016,3.835878e-06
3,0.256226,1487,5,3.60856988,1.54651627,0.95416636,0.76113408,1.12315519,1.0744043e-05
3,0.256226,2826,5,3.93088604,0.95102693,0.67128475,0.61073147,0.389897,2.942958e-06
3,0.256226,209,5,3.59195666,0.97897886,0.50497873,0.72309146,0.35747003,3.200747e-06
3,0.256226,2707,5,3.92883596,3.15210785,0.70517474,0.60876889,1.35316348,4.654653e-06
3,0.256226,3589,5,4.13731776,2.13928455,0.53330986,0.70388944,0.80306854,5.833821e-06
3,0.256226,1312,5,3.81790195,1.199112,0.62407688,0.81204996,0.6076879,4.171256e-06
3,0.256226,1308,5,3.59195666,1.64652968,0.70845098,0.61962673,0.72278564,3.847911e-06
3,0.256226,671,5,3.59195666,0.83252562,0.4976299,0.66974778,0.27746957,2.921479e-06
3,0.256226,636,5,3.59195666,3.16178859,0.79217671,0.88157475,2.2080761,6.121618e-06
3,0.256226,3546,5,3.68790904,2.26509696,0.68456315,0.49456714,0.76687674,2.786665e-06
3,0.256226,1332,5,3.99479868,1.37203423,0.34460222,0.71679486,0.33890495,2.314429e-06
3,0.256226,1324,5,3.92883596,0.71144072,0.70471959,0.74898405,0.37551529,5.723044e-06
3,0.256226,1419,5,3.53405838,1.8885764,0.6228073,0.96768784,1.13821299,6.560724e-06
3,0.256226,2514,5,3.87808181,4.91938253,0.49695626,0.8688691,2.12413987,3.040921e-06
3,0.256226,2730,5,3.87808181,0.21124269,0.80886868,0.68954928,0.11782163,3.928041e-06
3,0.256226,1182,5,3.56311777,3.62070647,0.56053419,0.66613383,1.35193844,2.175779e-06
3,0.256226,1181,5,3.92883596,1.71620914,0.8065937,0.7257585,1.00465551,6.347243e-06
3,0.256226,157,5,3.59195666,1.56847092,0.90353533,0.54710089,0.77533436,4.333089e-06
3,0.256226,171,5,3.59195666,4.13506945,0.80322339,0.75622358,2.51170928,5.324411e-06
3,0.256226,172,5,3.59195666,3.08709126,0.80746975,0.69247138,1.72614612,4.901321e-06
3,0.256226,866,5,3.60856988,1.5024206,0.67548933,0.57270306,0.58121863,3.624757e-06
3,0.256226,2614,5,3.86542011,1.67016473,0.92610831,0.6716662,1.038902,6.771393e-06
3,0.256226,3940,5,3.72788243,2.20385235,0.87305901,0.74555772,1.43452251,6.316358e-06
3,0.256226,121,5,3.59195666,0.40237303,0.71204942,0.64108883,0.18367803,4.001413e-06
3,0.256226,145,5,3.59195666,2.49577134,0.89777073,0.66000075,1.47881778,5.193916e-06
3,0.256226,2590,5,3.87808181,0.29354227,0.91613513,0.40712153,0.10948491,2.626735e-06
3,0.256226,2579,5,4.2861669,1.80058759,0.8738086,0.66195495,1.04149933,9.312081e-06
3,0.256226,1802,5,3.59195666,3.48885456,0.41733051,0.54806681,0.79798826,2.004928e-06
3,0.256226,404,5,3.99479868,1.15365906,0.87675223,0.88300501,0.89313586,1.1453086e-05
3,0.256226,3308,5,3.40486047,20.15409931,0.45079085,0.80962451,7.35566832,2.126719e-06
3,0.256226,3298,5,3.87808181,0.13491143,0.85039009,0.75726604,0.08687912,4.53523e-06
3,0.256226,405,5,3.59195666,1.06519138,0.80278053,0.76502139,0.65418119,5.383385e-06
3,0.256226,464,5,3.75816427,3.89296899,0.47328657,0.76839891,1.41576725,2.119152e-06
3,0.256226,1753,5,3.59195666,6.13242437,0.78020401,0.97465758,4.66329021,6.665693e-06
3,0.256226,3211,5,3.99479868,2.31325753,0.71911064,0.93781531,1.56004462,9.976897e-06
3,0.256226,3213,5,3.72788243,0.69424378,0.75994551,0.38496627,0.20310337,2.83888e-06
3,0.256226,1833,5,3.86542011,3.53681782,0.84003656,0.85148569,2.52981191,7.786429e-06
3,0.256226,225,5,3.30697756,0.78455194,0.6840762,0.93628508,0.50249794,5.614326e-06
3,0.256226,506,5,3.45346934,8.86533393,0.70579265,0.51350306,3.21303361,3.176912e-06
3,0.256226,491,5,3.59195666,1.11471921,0.56315279,0.56670071,0.35575047,2.797467e-06
3,0.256226,495,5,3.59195666,4.24870863,0.83663754,0.92271968,3.27992626,6.766938e-06
3,0.256226,2970,5,3.92883596,3.94571689,0.57385215,0.43597399,0.98715763,2.712681e-06
3,0.256226,2925,5,4.01076303,0.70565975,0.76413178,0.65231912,0.35174158,3.96849e-06
3,0.256226,244,5,3.59195666,0.3950157,0.86044014,0.60689859,0.20627716,4.577431e-06
3,0.256226,451,5,3.59195666,0.73689088,0.60653791,0.75708889,0.33838259,4.025222e-06
3,0.256226,3079,5,3.86542011,2.0506077,0.84496724,0.37339471,0.64697963,3.434557e-06
3,0.256226,2051,5,3.99479868,1.26176931,0.87267614,0.6219076,0.68479239,5.085222e-06
3,0.256226,354,5,3.59195666,0.20599725,0.88371526,0.74728783,0.13603845,5.788757e-06
3,0.256226,342,5,3.72788243,7.01537026,0.88185105,0.49417175,3.05719932,4.228779e-06
3,0.256226,325,5,3.43155575,10.48245011,0.39673014,0.91491585,3.8048641,3.522234e-06
3,0.256226,332,5,3.72788243,0.79673487,0.71877698,0.71391988,0.40884384,4.979497e-06
3,0.256226,2099,5,4.01076303,0.33450805,0.7510319,0.90582465,0.2275669,7.784646e-06
3,0.256226,321,5,3.59195666,0.07932913,0.59944383,0.86294139,0.04103576,4.534348e-06
3,0.256226,3058,5,3.87808181,1.729837,0.62363736,0.68814092,0.74236021,3.022332e-06
3,0.256226,1948,5,3.79657372,0.34565504,0.61124757,0.69663603,0.14718582,2.787356e-06
3,0.256226,2254,5,3.86542011,0.28769871,0.74949382,0.58441879,0.12601729,4.768206e-06
3,0.256226,259,5,3.59195666,1.45821206,0.72101224,0.88528287,0.93077644,5.595124e-06
3,0.256226,256,5,3.59195666,1.99078843,0.33855428,0.78136207,0.52663018,2.318813e-06
3,0.256226,1910,5,3.59195666,0.13919571,0.99019512,0.53103414,0.07319292,4.609229e-06
3,0.256226,68,5,3.59195666,0.2906544,0.56125827,0.79656273,0.12994502,3.918933e-06
3,0.256226,2147,5,3.59195666,4.27011067,0.53997793,0.69243225,1.59658641,3.277467e-06
3,0.256226,2640,5,3.59195666,1.59672883,0.65916717,0.73994057,0.77879576,4.275407e-06
3,0.256226,2629,5,3.99479868,2.54418136,0.47043201,0.8253043,0.98777729,5.743722e-06
3,0.256226,82,5,3.59195666,2.34613932,0.67643792,0.50994119,0.80928565,3.023661e-06
3,0.256226,86,5,3.59195666,8.98481704,0.66755426,0.67065692,4.02250155,3.924389e-06
3,0.256226,12,5,3.39022782,2.02606756,0.6870829,0.51917541,0.72273183,3.126859e-06
3,0.256226,13,5,3.30585608,0.77829096,0.63256529,0.86145773,0.42411274,4.776661e-06
3,0.256226,14,5,3.4174522,7.09724852,0.70321558,0.92563184,4.61973203,5.705738e-06
3,0.256226,55,5,3.59195666,0.29466957,0.91404993,0.56844683,0.15310701,4.554543e-06
3,0.256226,16,5,3.59195666,0.22604544,0.79702298,0.71379653,0.12860002,4.986896e-06
3,0.256226,17,5,3.59195666,1.20385926,0.94925305,0.62344399,0.71245126,5.187576e-06
3,0.256226,19,5,3.59195666,1.99267517,0.56220184,0.77324209,0.86625202,3.810595e-06
3,0.256226,20,5,4.02177351,0.61090378,0.47102768,0.53775422,0.15474017,1.700253e-06
4,0.441747,0,0,0.0,2.67780577,0.70692286,0.35453988,0.67114474,0.250632345677
4,0.441747,31,1,1.24089139,0.88928302,0.48088975,0.70524184,0.30159462,0.02604385576
4,0.441747,149,1,1.30249752,0.33085407,0.83852636,0.58406391,0.16203677,0.037609606241
4,0.441747,3171,1,1.28403646,1.02294943,0.59909896,0.83299174,0.51049727,0.038323128159
4,0.441747,258,1,1.50457271,0.43688669,0.82224369,0.93133821,0.33456213,0.058807086579
4,0.441747,148,1,1.50457271,0.9523569,0.87331414,0.60302062,0.50153632,0.04044122931
4,0.441747,1,1,1.12687645,3.11289563,0.49425544,0.79031976,1.21595879,0.029996873196
4,0.441747,256,1,1.50457271,1.11551374,0.56036225,0.4263208,0.26648963,0.018345395501
4,0.441747,2,1,1.39933498,0.30605998,0.79349708,0.77638497,0.18855107,0.047309041109
4,0.441747,3,1,1.50457271,0.68396409,0.52229686,0.94394167,0.33720645,0.037860318841
4,0.441747,5,1,1.12085347,0.42949013,0.40167077,0.59041362,0.1018544,0.018211607651
4,0.441747,6,1,1.08742792,3.13234603,0.82955524,0.83879616,2.17957329,0.053434707229
4,0.441747,1140,2,2.12778714,0.53603185,0.43104729,0.87153189,0.20137187,0.00211163987
4,0.441747,3380,2,1.85640473,2.25112187,0.46759894,0.36156425,0.38059055,0.002768005841
4,0.441747,21,2,1.36110451,3.21960837,0.88499144,0.83889634,2.39028903,0.012155011572
4,0.441747,22,2,1.85640473,1.28672479,0.8630897,0.74580042,0.8282553,0.010538688361
4,0.441747,306,2,1.50283767,1.89482114,0.56534433,0.67218448,0.72006175,0.00437910018
4,0.441747,3452,2,1.95026934,0.21204608,0.50939537,0.55017715,0.05942755,0.002236389256
4,0.441747,3484,2,1.65407473,0.70396466,0.384262,0.72471931,0.19604155,0.004559374613
4,0.441747,328,2,2.12778714,0.26397702,0.58419246,0.86261557,0.13302687,0.009080033986
4,0.441747,655,2,1.87978445,0.51372904,0.85166076,0.91976481,0.40241813,0.007199527339
4,0.441747,315,2,1.85640473,0.22427342,0.63491615,0.93363986,0.13294547,0.009705183855
4,0.441747,281,2,1.81798664,1.36296086,0.69560689,0.66868647,0.63397159,0.006742409588
4,0.441747,609,2,2.12778714,2.48396836,0.33545961,0.89505795,0.7458259,0.003483054251
4,0.441747,252,2,1.87978445,0.14602023,0.61305887,0.50062225,0.0448152,0.00282080388
4,0.441747,245,2,1.87978445,1.39070457,0.93152116,0.82380127,1.06721043,0.007053030128
4,0.441747,463,2,1.87978445,1.13949524,0.58291669,0.83817836,0.55674388,0.004490590968
4,0.441747,384,2,1.70552395,1.83652646,0.59661052,0.7049322,0.77238787,0.00386543891
4,0.441747,14,2,2.05472077,0.56540217,0.90443508,0.596431,0.30499665,0.007819272101
4,0.441747,124,2,1.49356057,0.21434446,0.64447335,0.73905316,0.10209228,0.007798097193
4,0.441747,125,2,2.05472077,0.16064363,0.87928588,0.75954794,0.10728742,0.009680861429
4,0.441747,15,2,1.85640473,2.97310237,0.72452797,0.89871364,1.9359153,0.010660669876
4,0.441747,1018,2,1.85640473,0.81951562,0.96605498,0.94843958,0.7508769,0.015000976047
4,0.441747,2009,2,1.85640473,2.41410208,0.69360763,0.64864204,1.08611194,0.007365919441
4,0.441747,2132,2,1.87978445,4.92962538,0.65163423,0.67184575,2.1581786,0.004023778118
4,0.441747,1845,2,1.67045543,1.6938657,0.86040227,0.73271899,1.06786898,0.010321599467
4,0.441747,843,2,1.85640473,0.92665184,0.53849814,0.80334079,0.40086728,0.007082588817
4,0.441747,229,2,1.85640473,0.21030662,0.83008882,0.80756257,0.14097876,0.01097510676
4,0.441747,98,2,1.60649,2.20276557,0.70463537,0.49697278,0.77137457,0.002794389183
4,0.441747,67,2,1.24814494,4.8385438,0.82522311,0.67309295,2.68757815,0.003099411801
4,0.441747,53,2,1.5126213,0.3017841,0.86171813,0.75479395,0.1962863,0.005190192839
4,0.441747,52,2,1.85640473,0.38977855,0.64580766,0.76900885,0.19357643,0.008130973336
4,0.441747,3303,2,1.87978445,1.5894327,0.90532603,0.71481769,1.02859034,0.005947861645
4,0.441747,1211,2,1.87618004,2.29247137,0.83982515,0.73568222,1.41639068,0.003447561302
4,0.441747,4,2,1.3203915,1.09749845,0.9205151,0.7279467,0.73541827,0.006158728526
4,0.441747,7,2,1.69112386,2.75423677,0.72874002,0.81223062,1.6302464,0.005440170846
4,0.441747,8,2,1.36006945,0.9937996,0.69689473,0.55483932,0.38426712,0.003553816282
4,0.441747,9,2,1.43759238,5.84970832,0.79070063,0.55849654,2.58325208,0.007230038047
4,0.441747,10,3,1.84245445,1.32899275,0.40821368,0.67888624,0.36830463,0.000301761694
4,0.441747,32,3,2.08096393,0.53146099,0.57172381,0.59796869,0.18169213,0.000757338235
4,0.441747,12,3,2.08096393,1.92861543,0.90169528,0.7754504,1.34852642,0.00154895563
4,0.441747,86,3,1.95489254,0.29664558,0.67452824,0.85136833,0.17035524,0.000545357736
4,0.441747,13,3,2.08096393,4.11732786,0.50589062,0.89450036,1.86317049,0.001002449034
4,0.441747,68,3,1.7414675,0.3618825,0.71755467,0.55501788,0.14412176,0.000378203746
4,0.441747,72,3,1.84035451,0.55816968,0.74177665,0.73004878,0.30226738,0.001199637937
4,0.441747,1686,3,2.08096393,0.15670374,0.8593973,0.83796354,0.11284919,0.001595306974
4,0.441747,158,3,2.20103366,2.83451787,0.42187879,0.99501707,1.18986426,0.00035940961
4,0.441747,3248,3,2.24814599,0.28515702,0.91394158,0.88629118,0.23098242,0.002561689207
4,0.441747,455,3,2.02887766,2.8131603,0.5842749,0.65686523,1.07966242,0.001429333107
4,0.441747,369,3,2.01017688,0.25489652,0.58694708,0.51283213,0.07672521,0.000621833165
4,0.441747,471,3,2.27432429,0.39241005,0.73597025,0.92814671,0.26805074,0.000809021897
4,0.441747,477,3,1.95489254,0.11582721,0.44498942,0.27150777,0.01399402,0.000114734972
4,0.441747,3199,3,2.40776424,1.51998037,0.80237055,0.95249312,1.1616487,0.000942226746
4,0.441747,1152,3,2.02887766,1.60931337,0.8516222,0.71628674,0.98169031,0.002271819553
4,0.441747,1659,3,2.35983357,2.02323994,0.85042225,0.7690154,1.32317425,0.001351043568
4,0.441747,1099,3,1.78536745,0.63779031,0.71383011,0.88609214,0.40341465,0.000688736803
4,0.441747,3881,3,2.40495127,4.97488831,0.65435625,0.7567725,2.4635588,0.000523089698
4,0.441747,3863,3,2.38955594,0.74510392,0.87085779,0.83447424,0.54147327,0.00237371865
4,0.441747,128,3,1.78886081,6.76484789,0.76705271,0.72331997,3.75330363,0.000526889469
4,0.441747,521,3,2.35983357,0.36757181,0.67708877,0.50960184,0.12682907,0.000712814136
4,0.441747,547,3,2.38955594,2.16847246,0.84346593,0.58129753,1.06321215,0.00158320501
4,0.441747,394,3,2.60599638,1.01016481,0.82429451,0.81457353,0.67827363,0.00186803387
4,0.441747,415,3,2.40776424,0.39210596,0.83006251,0.85241276,0.27743688,0.001529047764
4,0.441747,3342,3,2.40776424,1.14194722,0.59266496,0.70967831,0.48030468,0.000578707159
4,0.441747,2865,3,2.26354566,0.97754694,0.51506721,0.81824805,0.41198984,0.000702499457
4,0.441747,3521,3,1.81224561,0.92434573,0.55654828,0.61341162,0.31556533,0.000458062031
4,0.441747,578,3,1.75070103,5.71948933,0.72398813,0.6098167,2.52515481,0.000419270792
4,0.441747,2649,3,2.40495127,0.199424,0.83253741,0.70690706,0.11736632,0.000621673917
4,0.441747,2655,3,2.60599638,0.45669801,0.73600594,0.88656958,0.29800481,0.001815374334
4,0.441747,623,3,2.40776424,1.91025537,0.99526728,0.7243103,1.37706936,0.001557846625
4,0.441747,637,3,2.20103366,0.65632399,0.67623746,0.81156153,0.36019605,0.000469885599
4,0.441747,2720,3,2.40776424,2.6441715,0.88247259,0.77345025,1.80477569,0.00147500647
4,0.441747,503,3,1.85338867,0.98370539,0.85733817,0.74267858,0.62635148,0.000545160678
4,0.441747,3121,3,1.95489254,0.5588355,0.52756891,0.63563075,0.18739935,0.000318454907
4,0.441747,166,3,1.95489254,0.15034388,0.70990794,0.84971963,0.09069084,0.00057285082
4,0.441747,140,3,2.38955594,3.966544,0.67438727,0.78306509,2.09468877,0.001724949142
4,0.441747,1903,3,2.60599638,0.50535455,0.64105792,0.756496,0.24507561,0.000517545715
4,0.441747,911,3,1.74458187,0.31025387,0.8321352,0.62191381,0.16056146,0.001927365338
4,0.441747,980,3,2.54668735,2.01626066,0.8415093,0.6267724,1.06344603,0.00126362927
4,0.441747,993,3,2.28722405,1.1989393,0.79771596,0.89306807,0.85414192,0.000980214026
4,0.441747,1898,3,1.92482069,1.64069975,0.87276559,0.76822946,1.10006332,0.002120411478
4,0.441747,176,3,1.95489254,0.57107672,0.87137405,0.50060303,0.2491108,0.000414249458
4,0.441747,177,3,2.02887766,0.93877163,0.35435794,0.70813465,0.23556891,0.000934540138
4,0.441747,193,3,2.26354566,0.60223066,0.61517324,0.89356028,0.3310428,0.00091625931
4,0.441747,2701,3,2.40776424,0.57772764,0.84115465,0.66976604,0.32547836,0.000694572483
4,0.441747,2648,3,2.60599638,2.36934275,0.69955496,0.8406492,1.39336383,0.00062759786
4,0.441747,285,3,1.70182139,1.16982461,0.62651013,0.37390195,0.27403534,0.000222458846
4,0.441747,2561,3,2.08096393,0.40464296,0.8984232,0.65444484,0.23791728,0.001302504271
4,0.441747,696,3,1.77791312,2.32374224,0.85810721,0.59688938,1.19020935,0.000486406376
4,0.441747,2073,3,1.95140329,1.3572059,0.86855474,0.65960259,0.77754457,0.000678520444
4,0.441747,199,3,2.08096393,0.60422415,0.62493709,0.62380303,0.23554932,0.000863592644
4,0.441747,725,3,2.40776424,1.0884188,0.6248792,0.87701797,0.59648647,0.001184308566
4,0.441747,735,3,2.02887766,4.9974516,0.55628526,0.95470637,2.65409198,0.001977913623
4,0.441747,266,3,1.91798813,0.5118231,0.66481141,0.66973584,0.22788823,0.000381218064
4,0.441747,737,3,2.26354566,1.78257415,0.31282513,0.60134427,0.33533001,0.000313560918
4,0.441747,752,3,2.38955594,0.55833171,0.78457424,0.82027668,0.3593244,0.002102148911
4,0.441747,755,3,2.60599638,5.93307989,0.89655635,0.87500042,4.6544251,0.000837202778
4,0.441747,2296,3,2.60599638,1.90886975,0.88271333,0.63161334,1.06425887,0.000594998396
4,0.441747,1783,3,2.08096393,0.75191628,0.68660143,0.48004793,0.2478328,0.000730153979
4,0.441747,1785,3,2.40495127,4.62216082,0.47720969,0.90679332,2.00015024,0.00045710307
4,0.441747,1028,3,2.28722405,7.50419203,0.63911782,0.35368345,1.69628807,0.000311016723
4,0.441747,2216,3,2.40776424,0.20801542,0.69858989,0.93909402,0.13646677,0.000902650116
4,0.441747,2162,3,2.38955594,4.24568593,0.79692798,0.84710578,2.86618742,0.002205087303
4,0.441747,2164,3,1.73973862,2.30565739,0.82365588,0.63118626,1.19866578,0.000981022498
4,0.441747,2133,3,2.38955594,3.93770644,0.83894977,0.22264321,0.73551028,0.000858518195
4,0.441747,210,3,2.38955594,1.4485678,0.70356886,0.88335474,0.90028618,0.002030069117
4,0.441747,216,3,2.02887766,0.56560311,0.51210471,0.66860051,0.19365881,0.001275162173
4,0.441747,3705,3,1.81548296,2.2146957,0.75292618,0.73183439,1.22033558,0.001220647784
4,0.441747,3706,3,2.40776424,2.20795745,0.74508674,0.8201742,1.34928483,0.000753410269
4,0.441747,3946,3,2.38955594,0.88866238,0.49902951,0.63024301,0.27949308,0.001015559572
4,0.441747,65,3,1.91930354,1.84796429,0.93179458,0.77616753,1.3365008,0.001205515388
4,0.441747,54,3,2.02887766,1.11009833,0.29794837,0.81554791,0.26974409,0.000904962186
4,0.441747,55,3,2.08096393,0.67561675,0.83585081,0.64558883,0.36457357,0.001195390851
4,0.441747,61,3,2.38955594,1.47119063,0.43385479,0.72004589,0.45959312,0.001020407487
4,0.441747,421,3,2.02887766,0.49352345,0.68641848,0.64491502,0.21847374,0.001648661171
4,0.441747,47,3,2.02887766,0.49110643,0.81387868,0.72928974,0.29149788,0.002210546842
4,0.441747,48,3,2.08096393,0.36692144,0.58796262,0.81372445,0.17554973,0.001059869127
4,0.441747,51,3,2.26354566,0.75488101,0.5436698,0.75869476,0.31137289,0.000687542275
4,0.441747,91,3,2.08096393,0.97393811,0.70632052,0.68735833,0.47284237,0.001075499417
4,0.441747,1327,3,1.95489254,1.60854401,0.79180661,0.53527508,0.6817562,0.000402494547
4,0.441747,104,3,1.56198696,15.55224483,0.44059199,0.77465092,5.30805875,0.000542763586
4,0.441747,107,3,2.38955594,7.72908701,0.87707974,0.88640678,6.00897426,0.001936864578
4,0.441747,120,3,1.85842288,1.23765859,0.73806364,0.52180835,0.47665669,0.000612453189
4,0.441747,1174,3,2.08096393,0.43192191,0.45528871,0.8933855,0.17568352,0.000901054243
4,0.441747,16,3,2.38955594,2.24373661,0.59371383,0.76377244,1.01744987,0.001481188092
4,0.441747,17,3,2.38955594,0.480504,0.54977016,0.71962027,0.19009976,0.001292271065
4,0.441747,18,3,2.02818342,3.29954743,0.73559956,0.9066499,2.20057135,0.000726207321
4,0.441747,35,3,1.74171312,1.64958224,0.74689526,0.5112382,0.62987877,0.000720540887
4,0.441747,26,3,1.71423344,0.30884617,0.89977696,0.55503503,0.15424016,0.001859924071
4,0.441747,28,3,2.08096393,0.38259245,0.59524782,0.69312618,0.1578507,0.000913977019
4,0.441747,29,3,2.38955594,1.95657301,0.88335908,0.51637078,0.89247281,0.001472889173
4,0.441747,30,3,1.68066293,5.47273647,0.91267258,0.83801914,4.18575183,0.001694314765
4,0.441747,20,4,2.5679077,0.15427783,0.44803209,0.84075693,0.05811431,0.00011569816
4,0.441747,3975,4,2.16876516,1.2434173,0.473369,0.7417472,0.43658885,5.8391685e-05
4,0.441747,33,4,2.5679077,0.16321545,0.83265452,0.6924963,0.09411169,0.000177104328
4,0.441747,1411,4,2.52588274,3.01659728,0.36442496,0.66843912,0.73483073,0.000169561941
4,0.441747,1430,4,2.52588274,8.47848545,0.7900011,0.91346303,6.11838712,0.000206633725
4,0.441747,37,4,1.98015968,0.54925588,0.74794191,0.59953685,0.24629663,0.000232788982
4,0.441747,36,4,2.82377701,1.05881554,0.81642579,0.93685963,0.80986297,0.000347125103
4,0.441747,19,4,2.5679077,4.76990305,0.90601661,0.56759224,2.45291309,0.000157949947
4,0.441747,115,4,2.52532513,3.77082742,0.73422254,0.92235346,2.55365224,0.000150685094
4,0.441747,1490,4,2.82377701,0.81279431,0.57832804,0.69891595,0.32853365,0.000239873919
4,0.441747,1496,4,1.97653536,0.44040756,0.49597853,0.75053844,0.16394213,4.7820597e-05
4,0.441747,1462,4,2.73772404,0.29538577,0.7992536,0.79694214,0.18814859,6.0698744e-05
4,0.441747,1466,4,2.66613732,0.55938798,0.86117166,0.88279512,0.42526808,8.3718976e-05
4,0.441747,1408,4,2.5679077,1.46124969,0.73481974,0.50950981,0.54708877,0.00011499534
4,0.441747,129,4,2.16876516,0.48260452,0.49627498,0.55455059,0.13281739,4.5767673e-05
4,0.441747,1127,4,2.52532513,2.41388622,0.9338316,0.87824495,1.97970747,0.000182485946
4,0.441747,1432,4,2.16876516,5.49634935,0.92431065,0.6028808,3.06283596,9.2671178e-05
4,0.441747,108,4,2.16876516,4.16267603,0.73829257,0.50170033,1.54186196,6.1598219e-05
4,0.441747,110,4,2.52532513,1.02697237,0.95120349,0.62276352,0.60835258,0.000131808006
4,0.441747,112,4,1.89581555,0.76974563,0.86867511,0.84764462,0.5667851,0.000122452164
4,0.441747,94,4,2.25574089,0.20995724,0.61781542,0.59517507,0.07720303,0.000190889547
4,0.441747,95,4,2.82377701,13.18352628,0.78511886,0.77027405,7.97282563,0.000272919973
4,0.441747,101,4,2.5679077,0.92084892,0.82806794,0.80087424,0.610687,0.000218537034
4,0.441747,1280,4,2.73772404,1.11227992,0.69852132,0.8321143,0.64651223,5.5389949e-05
4,0.441747,1254,4,2.02217851,2.12652913,0.73419804,0.5940533,0.92749158,6.5001364e-05
4,0.441747,74,4,2.5679077,0.1332189,0.87066179,0.85328629,0.09897148,0.000228187119
4,0.441747,79,4,2.82377701,0.50577193,0.7022412,0.87416025,0.31047889,0.000277033315
4,0.441747,1261,4,2.33746915,2.94216937,0.69295319,0.80132668,1.63373333,8.9643249e-05
4,0.441747,1275,4,2.82377701,0.51138046,0.93914142,0.57477162,0.276039,0.000285290415
4,0.441747,1184,4,2.16876516,3.08531129,0.7023022,0.81943775,1.77557484,9.5705141e-05
4,0.441747,1192,4,2.05055574,0.15270351,0.5149767,0.76626128,0.06025783,6.3704271e-05
4,0.441747,1352,4,2.25574089,0.50162832,0.68072486,0.87872399,0.30005864,0.000310529426
4,0.441747,1165,4,2.30839623,2.69844824,0.57300985,0.91257811,1.41106243,6.7175564e-05
4,0.441747,63,4,2.25574089,2.84895238,0.79030758,0.55593488,1.25171443,0.000228086056
4,0.441747,43,4,2.37873442,0.37331644,0.68779529,0.85492107,0.21951405,5.4366816e-05
4,0.441747,46,4,2.25574089,0.40448392,0.50243983,0.68994964,0.14021766,0.000179961716
4,0.441747,49,4,2.07414719,0.38574189,0.54798731,0.73986327,0.15639353,3.7486133e-05
4,0.441747,3960,4,2.16876516,1.73648487,0.65203372,0.44760358,0.50679767,4.853543e-05
4,0.441747,64,4,2.5679077,0.92109136,0.30787507,0.91914128,0.26065106,8.6916787e-05
4,0.441747,58,4,2.5679077,0.48526665,0.57926557,0.62767595,0.17643862,0.000172558656
4,0.441747,59,4,2.37873442,3.13814898,0.41154464,0.73148346,0.94470239,2.7833649e-05
4,0.441747,220,4,2.5679077,0.67937065,0.59852367,0.89770397,0.36502387,0.000165029412
4,0.441747,221,4,2.82377701,0.8539635,0.83124429,0.90335288,0.6412471,0.00033887595
4,0.441747,853,4,2.25574089,6.67734241,0.80847336,0.75111063,4.05483575,0.000315245059
4,0.441747,2054,4,2.5679077,1.50538144,0.53791582,0.80900793,0.65510913,0.000206533568
4,0.441747,2057,4,2.52588274,1.14922566,0.4297526,0.53057781,0.26204321,9.9858636e-05
4,0.441747,2144,4,2.30839623,0.68991067,0.55701522,0.76866391,0.29539043,5.5002539e-05
4,0.441747,2172,4,2.16876516,0.38239724,0.87373035,0.74545999,0.24906719,0.000108317103
4,0.441747,2116,4,2.5679077,1.15197564,0.28775353,0.5471877,0.18138455,4.8361957e-05
4,0.441747,870,4,2.46684898,0.39452208,0.50064206,0.79994188,0.158,1.4078817e-05
4,0.441747,823,4,2.16876516,2.0116325,0.77674763,0.4709912,0.73593824,6.0839832e-05
4,0.441747,830,4,2.30839623,0.98546472,0.75575557,0.45228053,0.33684518,4.3910505e-05
4,0.441747,2252,4,2.73772404,1.07772372,0.83588006,0.86484325,0.77909211,6.8888968e-05
4,0.441747,2187,4,2.52588274,0.66130246,0.76132381,0.59708942,0.30061381,0.000229627961
4,0.441747,834,4,2.5679077,0.45216845,0.79532403,0.66552324,0.23933576,0.000251206506
4,0.441747,2349,4,2.73772404,3.89300705,0.81280444,0.68027522,2.15256318,5.2691314e-05
4,0.441747,2310,4,3.00914543,3.56141502,0.48648492,0.70440151,1.22042824,6.2472664e-05
4,0.441747,1796,4,2.73772404,1.42471894,0.79836395,0.85976339,0.97793291,6.5410607e-05
4,0.441747,1770,4,2.5679077,0.35071488,0.79468109,0.5486116,0.15290161,0.000206909968
4,0.441747,1789,4,2.16876516,0.67279607,0.63046096,0.43491087,0.18447686,4.5598834e-05
4,0.441747,1790,4,2.5679077,0.47881155,0.85652238,0.65354238,0.2680261,0.00017193304
4,0.441747,1027,4,3.00914543,2.42449295,0.6370498,0.53574095,0.82746408,8.7547442e-05
4,0.441747,3648,4,2.82377701,4.72724279,0.88506471,0.76837674,3.21482356,0.000403583185
4,0.441747,3649,4,2.83920194,0.33961559,0.9192699,0.92859945,0.28990725,0.000246440148
4,0.441747,3665,4,2.25574089,0.15304261,0.83220697,0.73239405,0.09328,0.000316413368
4,0.441747,2313,4,2.82377701,0.77005019,0.71405106,0.84679841,0.46561647,0.000272875124
4,0.441747,2283,4,2.5679077,7.15448625,0.53603039,0.78505077,3.01068699,0.000129251034
4,0.441747,805,4,2.30839623,1.1339198,0.69032015,0.74843273,0.58584896,6.6371633e-05
4,0.441747,812,4,2.82377701,2.11473867,0.34051828,0.43608702,0.31402939,4.6427126e-05
4,0.441747,738,4,2.82377701,0.79361151,0.86270163,0.70308064,0.48136412,0.000275271051
4,0.441747,753,4,2.25574089,2.00690047,0.78283616,0.93596197,1.47046575,0.000380371305
4,0.441747,763,4,2.52588274,2.10213538,0.7017076,0.69526498,1.02557451,0.000295663989
4,0.441747,766,4,2.33746915,0.25791418,0.85065916,0.46658943,0.10236835,6.4075878e-05
4,0.441747,253,4,2.25574089,2.76546596,0.54326469,0.60405799,0.90752465,0.000170360451
4,0.441747,254,4,2.5679077,8.41806106,0.70406816,0.84603304,5.01434372,0.000182956946
4,0.441747,2451,4,2.52588274,0.37356121,0.81076392,0.3970327,0.12024927,0.000195079925
4,0.441747,2400,4,2.82377701,0.45975632,0.52350702,0.56248075,0.13538105,9.2063691e-05
4,0.441747,781,4,2.25574089,0.24939513,0.82962297,0.40414735,0.08361968,0.000174060079
5,0.761596,0,0,0.0,7.5389726,0.93735466,0.82751561,5.8477972,0.775675613477
5,0.761596,77,1,0.91047241,0.4481792,0.99542247,0.72087903,0.32160407,0.240640237341
5,0.761596,1810,1,1.14587627,8.96521384,0.84147101,0.80358371,6.06220944,0.226761175053
5,0.761596,25,1,1.02125399,0.37234604,0.66231845,0.78448449,0.19346301,0.174240708986
5,0.761596,35,1,0.88907217,1.03128111,0.44089349,0.52828297,0.24020241,0.078108575278
5,0.761596,133,1,1.14587627,0.53265444,0.75597876,0.83387474,0.33578088,0.211401872095
5,0.761596,3269,1,0.99235796,0.41916469,0.94374797,0.86436174,0.34192925,0.273558352675
5,0.761596,158,1,0.99235796,1.42305483,0.33615389,0.69241468,0.33122724,0.078055377083
5,0.761596,1599,1,1.14587627,1.54365163,0.98765341,0.52670826,0.80301562,0.174450858773
5,0.761596,970,1,1.14587627,0.90043417,0.41323901,0.47592247,0.17708815,0.065953210593
5,0.761596,601,1,1.14587627,0.18146584,0.91047609,0.95985728,0.15858791,0.293071525098
5,0.761596,175,1,0.99235796,0.25586558,0.57078556,0.74698982,0.10909366,0.14298355139
5,0.761596,279,1,0.98676284,0.79037836,0.33268103,0.55329619,0.14548585,0.061728273462
5,0.761596,2087,1,1.14587627,2.00012792,0.38607123,0.55227334,0.42646098,0.0715022884
5,0.761596,4,1,0.90832709,0.66686922,0.81964907,0.63328058,0.34615036,0.174069442478
5,0.761596,1782,1,0.98337586,4.19351988,0.74356929,0.45117615,1.40684511,0.112503489683
5,0.761596,11,1,0.98054338,0.26204416,0.53624488,0.68149096,0.095763,0.122552358619
5,0.761596,1,1,0.99235796,0.10796642,0.60405047,0.9273074,0.06047636,0.187843152795
5,0.761596,2,1,0.88033702,0.94425008,0.78853393,0.64975427,0.48378963,0.17181771646
5,0.761596,55,1,0.90978069,1.18895558,0.71683182,0.60244939,0.51345628,0.144822572498
5,0.761596,94,1,1.14587627,2.93981536,0.57316347,0.5941803,1.00119071,0.114207643454
5,0.761596,5,1,0.72680838,11.10328595,0.67008015,0.77783204,5.78714153,0.174787750935
5,0.761596,19,1,0.97351812,0.32634064,0.6750921,0.41239459,0.09085465,0.093362914697
5,0.761596,17,1,0.94080476,0.4898125,0.46146828,0.61811065,0.13971336,0.095654739705
5,0.761596,1030,1,1.14587627,1.75873154,0.7707545,0.90295215,1.22399702,0.233388376596
5,0.761596,22,1,0.93187393,4.80445829,0.48774167,0.92706038,2.17241258,0.151633897454
5,0.761596,105,1,1.14587627,0.65299366,0.81958764,0.31538233,0.16878806,0.086682449089
5,0.761596,3758,1,1.14587627,1.17149242,0.81939825,0.84559078,0.81169852,0.232355889183
5,0.761596,2721,1,1.14587627,0.50698721,0.88794327,0.16998331,0.07652239,0.050616244101
5,0.761596,3,1,0.90803602,1.85342351,0.64149937,0.93912029,1.11658586,0.202030003182
5,0.761596,66,2,1.29959178,1.7496902,0.65635608,0.66644091,0.76535393,0.014771280796
5,0.761596,27,2,1.12943489,1.42381834,0.71335459,0.52398366,0.53220357,0.028245708626
5,0.761596,747,2,1.35693878,0.92276771,0.97950503,0.7475262,0.67565575,0.055330215166
5,0.761596,865,2,1.22161506,0.17842841,0.79123004,0.54139582,0.07643313,0.02682082892
5,0.761596,811,2,1.35693878,0.40384506,0.60833147,0.59219117,0.14548459,0.027222718129
5,0.761596,2998,2,1.35693878,3.02044908,0.73773442,0.87973551,1.96030518,0.049043498166
5,0.761596,944,2,1.35693878,1.44743636,0.79612115,0.71161309,0.82001646,0.042810703607
5,0.761596,202,2,1.48261459,0.35847363,0.71479838,0.44658274,0.11443074,0.013201104306
5,0.761596,1560,2,1.44500024,1.75215473,0.93524621,0.65251241,1.06926952,0.045331589919
5,0.761596,185,2,1.46355473,0.46708353,0.88855558,0.70229928,0.29147504,0.064922217411
5,0.761596,672,2,1.08858734,1.00866047,0.94239814,0.75506924,0.71773843,0.053771291706
5,0.761596,182,2,1.4769636,0.33918181,0.87059193,0.71508272,0.21115602,0.04081177621
5,0.761596,2846,2,1.17842456,0.10572132,0.84312478,0.8395547,0.07483477,0.053489695632
5,0.761596,922,2,1.4622211,1.5715107,0.59702866,0.65539726,0.61491791,0.029446970394
5,0.761596,1516,2,1.4769636,1.24714339,0.73904886,0.74324728,0.68505094,0.036009828709
5,0.761596,900,2,1.30080741,3.26027521,0.95717884,0.64053977,1.99891098,0.020704091844
5,0.761596,85,2,1.4769636,0.25479184,0.86003312,0.71360132,0.15637105,0.040233276222
5,0.761596,33,2,1.35693878,1.42338078,0.18388474,0.63685601,0.16668942,0.008849448513
5,0.761596,1783,2,1.35693878,1.31103245,0.90970845,0.46262863,0.55175741,0.031802700895
5,0.761596,646,2,1.4769636,0.34444407,0.94599183,0.78271895,0.25504214,0.048540898506
5,0.761596,114,2,1.48261459,0.09302065,0.94841655,0.50107638,0.04420612,0.019652953453
5,0.761596,1629,2,1.62051377,1.02575089,0.78583705,0.91864794,0.74049735,0.054446879584
5,0.761596,120,2,1.2190946,0.80013365,0.82613811,0.6212152,0.41063623,0.053392622507
5,0.761596,141,2,1.4622211,2.12234284,0.46018625,0.72835536,0.71136501,0.025224221512
5,0.761596,127,2,1.31055585,21.77114401,0.79560007,0.95183261,16.48681036,0.049644365809
5,0.761596,623,2,1.35693878,0.41179499,0.71064493,0.90038374,0.26348831,0.048351457987
5,0.761596,3954,2,1.35693878,3.53319826,0.71607592,0.67183725,1.69977391,0.036354018385
5,0.761596,1621,2,1.62051377,2.76528382,0.93180534,0.60406328,1.55649362,0.05144400112
5,0.761596,3052,2,1.62051377,0.68211113,0.78608201,0.82188457,0.44069063,0.063338191286
5,0.761596,587,2,1.10789092,1.02305955,0.36724311,0.57449463,0.21584428,0.015942958197
5,0.761596,3178,2,1.50998693,0.68078733,0.58490823,0.80647796,0.321138,0.022943755467
5,0.761596,70,2,1.3091116,2.2963455,0.77606013,0.94301728,1.68055315,0.045821526745
5,0.761596,31,2,0.96486589,0.48728276,0.83595558,0.30554472,0.12446264,0.019301330813
5,0.761596,3945,2,1.4769636,1.10072262,0.56137228,0.81849552,0.5057608,0.030121864207
5,0.761596,2587,2,1.4622211,0.712224,0.52623631,0.75676964,0.28363585,0.029969902266
5,0.761596,266,2,1.4769636,0.80375465,0.88488604,0.80477453,0.57238081,0.046684868467
5,0.761596,2095,2,1.4769636,0.14216409,0.73853871,0.93351788,0.09801348,0.045197090523
5,0.761596,1392,2,1.18783878,3.62190028,0.62036134,0.79510232,1.78650501,0.037273229289
5,0.761596,1142,2,1.62051377,0.55517425,0.91690921,0.48202242,0.2453708,0.021822626266
5,0.761596,392,2,1.24444637,0.5697953,0.96850741,0.39679545,0.21897195,0.015511803904
5,0.761596,1160,2,1.2081424,8.11381986,0.85412915,0.6957674,4.82184207,0.051906502723
5,0.761596,1066,2,1.62051377,1.59755972,0.82233855,0.66916399,0.87910411,0.055523995612
5,0.761596,2718,2,1.4769636,2.04731021,0.72698123,0.63200585,0.94064976,0.030120270778
5,0.761596,247,2,1.35693878,0.06072024,0.72868414,0.78763606,0.03484965,0.043370475269
5,0.761596,1441,2,1.44500024,0.92914638,0.81656243,0.7308155,0.55447412,0.044328533644
5,0.761596,58,2,1.19509024,0.16094373,0.72703351,0.82864713,0.09696123,0.045338262919
5,0.761596,12,2,1.35693878,0.57334795,0.67672581,0.66293481,0.25721828,0.033901025474
5,0.761596,1233,2,1.35693878,1.51785787,0.83713393,0.82923562,1.0536685,0.052456844555
5,0.761596,355,2,1.24329159,1.82464081,0.83346546,0.75988313,1.15561133,0.047709219952
5,0.761596,292,2,1.4769636,0.21504165,0.60723783,0.47757979,0.06236305,0.019011629211
5,0.761596,104,2,1.35693878,0.40041342,0.68885729,0.66774322,0.18418208,0.034759059677
5,0.761596,6,2,1.03003188,7.7911704,0.5787787,0.44180557,1.99226193,0.019322931024
5,0.761596,45,2,1.3301491,2.82121697,0.58398908,0.87596904,1.44321145,0.020648388283
5,0.761596,49,2,1.44500024,0.35388527,0.71376048,0.88729093,0.22412021,0.04704405589
5,0.761596,38,2,1.4503385,0.51921705,0.67437804,0.56500485,0.19783565,0.012866860418
5,0.761596,43,2,1.1971789,1.11353189,0.90224918,0.39460295,0.39645097,0.026903953313
5,0.761596,2450,2,1.4769636,0.12561772,0.36044377,0.65349741,0.02958914,0.015441730459
5,0.761596,2418,2,1.46312452,1.42720177,0.57790593,0.64441716,0.53150777,0.023317327758
5,0.761596,86,2,1.05394276,9.6665991,0.88534362,0.74368549,6.36465512,0.049754279284
5,0.761596,330,2,1.32484317,0.51613683,0.72170803,0.60264864,0.22448667,0.017986658579
5,0.761596,1255,2,1.249166,0.4211997,0.66239591,0.77627737,0.21658213,0.03219504968
5,0.761596,345,2,1.46355473,1.83662521,0.40686498,0.86771207,0.6484052,0.036729284772
5,0.761596,3736,2,1.62051377,0.40563619,0.67472538,0.78022458,0.21354203,0.051609975103
5,0.761596,87,2,1.3135638,2.14971001,0.57710093,0.71235907,0.8837524,0.026950405515
5,0.761596,57,2,1.25728269,4.13453267,0.71603848,0.73658713,2.18065478,0.034576025076
5,0.761596,15,2,1.13777551,3.40703099,0.92112511,0.85575665,2.68562264,0.059565964289
5,0.761596,1337,2,1.35693878,0.43292692,0.65376497,0.58376865,0.16522547,0.02883976279
5,0.761596,2206,2,1.62051377,0.68065249,0.77100179,0.6173199,0.32395979,0.046660849765
5,0.761596,1530,2,1.48261459,0.27112496,0.80118039,0.4450715,0.09667843,0.014746361125
5,0.761596,2176,2,1.62051377,0.62234858,0.46391434,0.86918556,0.25094815,0.039530952549
5,0.761596,1592,3,1.64387681,1.35720184,0.74690977,0.87108732,0.88302759,0.01396426489
5,0.761596,1583,3,1.54077841,0.2794937,0.48781127,0.92229826,0.12574631,0.003758499557
5,0.761596,1570,3,1.74085872,2.0078198,0.55485813,0.50056436,0.5576563,0.005961151031
5,0.761596,145,3,1.74085872,11.9435463,0.58531037,0.84572809,5.91221575,0.010624419751
5,0.761596,134,3,1.60892996,1.57798322,0.56073155,0.93468967,0.82703676,0.00640019473
5,0.761596,131,3,1.48145323,0.65038483,0.96199801,0.88711917,0.55504288,0.00994351014
5,0.761596,3239,3,1.84419579,0.24251016,0.63681837,0.72012651,0.11121269,0.008987597431
5,0.761596,156,3,1.85771983,0.43011534,0.56979391,0.93333574,0.22873922,0.005799515915
5,0.761596,149,3,1.64387681,4.69883393,0.66770644,0.74618351,2.34110726,0.010693489798
5,0.761596,154,3,1.54077841,4.55829374,0.5720174,0.66888097,1.74405586,0.003196313458
5,0.761596,137,3,1.55686472,0.67923366,0.64641455,0.78771752,0.34586039,0.010952930934
5,0.761596,118,3,1.84419579,3.03018686,0.80508561,0.84941958,2.07220989,0.013908726497
5,0.761596,1778,3,1.54077841,7.40481867,0.64397789,0.56654204,2.7015781,0.003047855553
5,0.761596,1772,3,1.74085872,0.14377671,0.84828721,0.33588913,0.04096636,0.006115431623
5,0.761596,1630,3,1.55686472,0.07882335,0.85132773,0.73199956,0.04912047,0.013404675948
5,0.761596,1654,3,1.4964629,1.39467064,0.84776341,0.86256899,1.01985909,0.006545502218
5,0.761596,1804,3,1.61479582,1.82657793,0.83962322,0.75677284,1.16061502,0.016363132024
5,0.761596,1785,3,1.73353175,0.29884159,0.66204995,0.76623772,0.15159865,0.004540762071
5,0.761596,1644,3,1.55686472,0.67303096,0.77414835,0.61813562,0.32206461,0.010293348596
5,0.761596,1652,3,1.55686472,1.04105766,0.5391868,0.88743582,0.49813951,0.010292595907
5,0.761596,112,3,1.55686472,1.11700283,0.91396669,0.80130983,0.81805991,0.015753590584
5,0.761596,117,3,1.54077841,2.46991322,0.59366942,0.72876803,1.06860128,0.003614308965
5,0.761596,75,3,1.75565631,1.56056651,0.88617925,0.77571069,1.07276263,0.006136571363
5,0.761596,30,3,1.54077841,0.40222385,0.92646684,0.61358383,0.22865021,0.00474892234
5,0.761596,67,3,1.54077841,2.18514478,0.76457654,0.78208505,1.30663766,0.004995353597
5,0.761596,72,3,1.54077841,0.92216755,0.73315504,0.83233569,0.56273532,0.005097833211
5,0.761596,28,3,1.3950379,1.31001772,0.82074952,0.56768044,0.61036797,0.01199861233
5,0.761596,3992,3,1.38113601,0.76605132,0.57751856,0.75165884,0.33254052,0.010091493872
5,0.761596,506,3,1.48033746,0.52546122,0.58683774,0.6235711,0.19228468,0.003266693962
5,0.761596,222,3,1.74085872,0.5254572,0.36291768,0.68983347,0.13154966,0.005373294334
5,0.761596,492,3,1.74085872,3.90618484,0.7504351,0.64480138,1.89013093,0.010385498387
5,0.761596,501,3,1.54077841,0.75610185,0.86135289,0.89109875,0.58034634,0.006412069657
5,0.761596,3543,3,1.85771983,6.77421407,0.5472179,0.65106792,2.41349003,0.004535712192
5,0.761596,929,3,1.74085872,1.41104419,0.69539326,0.52012391,0.51036151,0.007762927671
5,0.761596,954,3,1.67308818,1.71726395,0.79629239,0.71498449,0.97770142,0.013142219652
5,0.761596,955,3,1.74085872,3.60645466,0.60107339,0.69481073,1.50617174,0.008963595766
5,0.761596,942,3,1.60892996,0.98192492,0.80168167,0.51728333,0.40720089,0.005064087327
5,0.761596,2944,3,1.55686472,11.77856143,0.79312168,0.67593497,6.31447127,0.011531703227
5,0.761596,2993,3,1.85771983,1.25047455,0.78506359,0.68772564,0.67514166,0.005887841366
5,0.761596,3028,3,1.55686472,9.26686293,0.93678774,0.5867219,5.09338184,0.011822850914
5,0.761596,519,3,1.74085872,0.08265595,0.71528974,0.64434985,0.03809587,0.009892179051
5,0.761596,527,3,1.70111498,0.75883913,0.62816858,0.64616498,0.30801321,0.006067544398
5,0.761596,541,3,1.85771983,0.71167863,0.92469005,0.66141852,0.43526773,0.006669735142
5,0.761596,2833,3,1.75565631,2.64400955,0.8271197,0.67633559,1.47908667,0.004993844783
5,0.761596,210,3,1.74085872,0.44984889,0.60676843,0.73331188,0.20016049,0.009549924553
5,0.761596,211,3,1.49764252,0.2790886,0.93524052,0.90508087,0.23623965,0.016768666739
5,0.761596,889,3,1.74085872,0.05539411,0.96519052,0.85795711,0.04587143,0.017773250765
5,0.761596,215,3,1.55686472,0.34927093,0.87472194,0.83653449,0.25557379,0.015739922403
5,0.761596,207,3,1.74085872,1.46015514,0.9193272,0.72343625,0.97111212,0.014274424787
5,0.761596,3010,3,1.74085872,1.50712914,0.64271521,0.9042444,0.87590069,0.01247362399
5,0.761596,793,3,1.55686472,0.70844638,0.67575647,0.83997067,0.40212523,0.012209645334
5,0.761596,789,3,1.74085872,3.44444681,0.98167763,0.48378716,1.63584715,0.010193221998
5,0.761596,178,3,1.74085872,1.01697822,0.78988524,0.42839926,0.34413145,0.007262747628
5,0.761596,556,3,1.69164985,0.36302079,0.78495051,0.74604072,0.21258681,0.00392722147
5,0.761596,3112,3,1.74085872,3.46273136,0.82828968,0.49932618,1.43213972,0.008876767282
5,0.761596,186,3,1.74085872,3.61269964,0.66033569,0.82775011,1.97467612,0.011731465375
5,0.761596,193,3,1.74085872,0.24317728,0.68485798,0.31819486,0.05299278,0.004677156731
5,0.761596,1863,3,1.74085872,0.773263,0.53700913,0.7450785,0.30939332,0.008587602654
5,0.761596,1868,3,1.86934585,4.30223456,0.64926182,0.72529421,2.02594738,0.003870541157
5,0.761596,200,3,1.32828735,6.22835497,0.78574165,0.83616792,4.09210375,0.005482502164
5,0.761596,1802,3,1.74085872,0.44031956,0.84390607,0.69545295,0.25842222,0.012596506363
5,0.761596,3433,3,1.55686472,0.68924376,0.45103704,0.87082938,0.27071862,0.008448779897
5,0.761596,714,3,1.38755353,6.2997782,0.90419557,0.69367368,3.95132589,0.004323194509
5,0.761596,3440,3,1.85771983,0.25047988,0.59280952,0.8108824,0.12040538,0.006119725499
5,0.761596,163,3,1.73261976,0.81704743,0.54673384,0.66741622,0.29813982,0.002330285572
5,0.761596,580,3,1.60892996,0.4721618,0.93933478,0.85412661,0.37882052,0.009797457896
5,0.761596,600,3,1.73261976,1.84251702,0.38548077,0.67871172,0.48205831,0.001670800103
5,0.761596,779,3,1.75565631,0.68671048,0.86550966,0.68757226,0.4086617,0.005312448077
5,0.761596,584,3,1.64387681,1.81269535,0.33491709,0.96537275,0.58608036,0.00693937877
5,0.761596,3422,3,1.50696913,1.50378536,0.59359702,0.35228554,0.31446505,0.001626130137
5,0.761596,740,3,1.70111498,2.65741398,0.6589207,0.5697847,0.9977073,0.005612253482
5,0.761596,3272,3,1.55686472,0.56904738,0.85835502,0.73504751,0.35903005,0.013571601041
5,0.761596,3264,3,1.86934585,1.86151194,0.64548286,0.8921216,1.07195016,0.008964954737
5,0.761596,3344,3,1.58052359,0.1968432,0.77474735,0.8091865,0.12340398,0.014573956612
5,0.761596,642,3,1.74085872,1.28361122,0.78049087,0.79534582,0.79681469,0.013323308222
5,0.761596,126,3,1.40349219,1.07473049,0.78152568,0.82347411,0.69166018,0.007858939661
5,0.761596,34,3,1.54077841,2.38408338,0.87962308,0.89672759,1.88052273,0.006589438797
5,0.761596,618,3,1.75565631,1.91994576,0.70784721,0.72150235,0.98054207,0.004559127212
5,0.761596,614,3,1.55686472,0.35697363,0.57952914,0.71303362,0.14750999,0.008888613126
5,0.761596,3357,3,1.74085872,0.40492951,0.85524147,0.47439354,0.16428842,0.008707946615
5,0.761596,3289,3,1.98471593,1.03884614,0.75726257,0.45466931,0.35767894,0.007657643645
5,0.761596,3600,3,1.84419579,0.68372588,0.56386355,0.90127438,0.3474666,0.010336037598
5,0.761596,461,3,1.73977172,0.45547446,0.8488503,0.87026761,0.33647125,0.014634293565
5,0.761596,2767,3,1.77603922,0.87292026,0.87153567,0.59920184,0.45586146,0.001997987609
5,0.761596,1045,3,1.60892996,0.12017846,0.86065357,0.72051229,0.07452404,0.00757252161
5,0.761596,243,3,1.70111498,0.42021997,0.74977445,0.82197431,0.25897961,0.009212600178
5,0.761596,1021,3,1.70111498,1.86606928,0.65972654,0.66876457,0.82331301,0.006595239287
5,0.761596,1954,3,1.98471593,1.6694177,0.7426552,0.76530315,0.94882418,0.012640776294
5,0.761596,239,3,1.74085872,0.06675851,0.87081269,0.75035831,0.04362145,0.014024316032
5,0.761596,240,3,1.75565631,0.32078781,0.83292849,0.8358631,0.22333703,0.00621508834
5,0.761596,2744,3,1.55686472,0.46045698,0.53588502,0.40494987,0.09992219,0.004667900527
5,0.761596,2009,3,1.70111498,1.00567903,0.57495486,0.8326707,0.48146689,0.007156494987
5,0.761596,288,3,1.35544588,0.23723552,0.84554371,0.7476813,0.14997964,0.00528133678
5,0.761596,1343,3,1.98471593,0.85855738,0.9454983,0.8724341,0.70821108,0.01980123945
5,0.761596,2158,3,1.98471593,0.09909981,0.90385654,0.45051964,0.04035395,0.009774897627
5,0.761596,1323,3,1.64387681,0.74409127,0.69597638,0.88802327,0.45988056,0.013264994964
5,0.761596,2183,3,1.70111498,1.91014161,0.92204193,0.76532794,1.34791904,0.010548521271
5,0.761596,2140,3,1.70111498,0.85269304,0.771186,0.83750038,0.55072763,0.009654671272
5,0.761596,2265,3,1.74085872,0.83858365,0.44128914,0.49148071,0.1818763,0.004654981461
5,0.761596,2269,3,1.69512481,0.44157341,0.86650625,0.8111968,0.31038508,0.009783749028
5,0.761596,1027,3,1.69080053,1.90257895,0.82582345,0.58926571,0.92585093,0.01003734777
5,0.761596,435,3,1.73261976,4.88183912,0.56295311,0.8761914,2.40798997,0.003149978881
5,0.761596,375,3,1.55686472,1.03295505,0.91556033,0.69943044,0.66147422,0.013774638646
5,0.761596,1174,3,1.85876972,1.74891703,0.92820998,0.4431676,0.71942155,0.006531982056
5,0.761596,1175,3,1.36637891,0.57777012,0.92143992,0.76068682,0.4049748,0.015077232496
5,0.761596,2483,3,1.85771983,0.49531427,0.80910234,0.7792847,0.31230608,0.006875996605
5,0.761596,2490,3,1.73261976,1.00383614,0.64638191,0.57369505,0.37224864,0.002368136467
5,0.761596,1134,3,1.47438251,0.55098298,0.23926202,0.87612716,0.11549923,0.004499136316
5,0.761596,1120,3,1.74085872,0.78594925,0.8025351,0.84503592,0.53300798,0.014555510948
5,0.761596,1060,3,1.49349118,1.89074483,0.5096961,0.71215277,0.68630538,0.002318039925
5,0.761596,431,3,1.74085872,2.7209844,0.97414465,0.85209872,2.25860049,0.01781564745
5,0.761596,1064,3,1.77603922,0.36380417,0.64054511,0.60380854,0.1407073,0.001479733328
5,0.761596,1055,3,1.55686472,16.59353147,0.760697,0.82765388,10.4471849,0.013542822135
5,0.761596,3532,3,1.84419579,3.73055134,0.68540159,0.70271967,1.79680207,0.009439444691
5,0.761596,469,3,1.55686472,1.23576398,0.75144471,0.75146101,0.69781294,0.01214652927
5,0.761596,464,3,1.55686472,0.21446661,0.74859238,0.70907811,0.11384112,0.011417951683
5,0.761596,2092,3,1.74085872,3.5815339,0.68699383,0.75381231,1.85474891,0.011114867846
5,0.761596,2016,3,1.74085872,4.03432819,0.81424047,0.60488851,1.9870063,0.010571004612
5,0.761596,1449,3,1.74085872,0.3395893,0.43204363,0.84064014,0.12333653,0.007795176884
5,0.761596,2111,3,1.54077841,2.62750391,0.50194297,0.68408239,0.90220691,0.002868494764
6,1.313032,0,0,0.0,0.99622646,0.89097539,0.84860416,0.7532323,0.756085416265
6,1.313032,1,1,0.73596026,0.33085784,0.78230566,0.80692492,0.20885796,0.270940665613
6,1.313032,4,1,0.79053361,0.71741013,0.73998712,0.74323619,0.39456495,0.236056301141
6,1.313032,10,1,0.64145176,1.38447291,0.94085345,0.84430315,1.09977757,0.340945520467
6,1.313032,2,1,0.62583434,1.36425665,0.29509055,0.48963836,0.19711824,0.062014798569
6,1.313032,3,1,0.68210307,3.22301337,0.69984506,0.62242882,1.40395666,0.186963222912
6,1.313032,1451,1,0.7439411,0.47849802,0.78685292,0.85328256,0.32126734,0.288171498378
6,1.313032,40,2,1.08307717,0.62387432,0.65431082,0.81886939,0.33426881,0.103699691041
6,1.313032,3669,2,1.08307717,1.03690687,0.91669212,0.53107781,0.50480239,0.094223747765
6,1.313032,1326,2,1.10763731,2.74727693,0.92255642,0.75622132,1.91665654,0.074044324133
6,1.313032,513,2,0.92733196,0.1270264,0.59541791,0.47598167,0.0360003,0.009977027881
6,1.313032,45,2,1.08307717,1.25753069,0.76666462,0.55400311,0.53411677,0.082204642109
6,1.313032,150,2,1.08307717,1.99882865,0.8517897,0.69825882,1.18884266,0.115113838052
6,1.313032,128,2,1.08307717,1.32019262,0.95989358,0.82456009,1.04491916,0.153187777365
6,1.313032,61,2,0.90451776,0.47050092,0.89219601,0.72150761,0.30287377,0.022661583884
6,1.313032,54,2,0.92592504,0.22904417,0.86705069,0.46160847,0.09167217,0.014089881168
6,1.313032,14,2,0.92863081,0.89889039,0.90342607,0.91408838,0.74231381,0.087645722276
6,1.313032,23,2,1.10763731,0.68663135,0.7035793,0.69338707,0.33497502,0.051777217551
6,1.313032,17,2,0.71974282,3.39187412,0.44877378,0.66909063,1.01847916,0.058115388004
6,1.313032,299,2,0.88338507,1.37192943,0.54132033,0.64406209,0.47831484,0.037002579139
6,1.313032,5,2,0.80209627,2.4066583,0.7536741,0.65028306,1.17950683,0.075379621555
6,1.313032,8,2,1.01940264,0.44060685,0.65717569,0.89692427,0.25970991,0.062558623325
6,1.313032,6,2,0.7141199,4.08242423,0.64798327,0.28182198,0.74551568,0.006428767483
6,1.313032,1080,2,0.98822161,0.14748783,0.79637224,0.51307922,0.06026383,0.054753246194
6,1.313032,821,2,1.17751399,2.44478715,0.68349223,0.59215467,0.98948632,0.054234803137
6,1.313032,760,2,0.97208526,1.63189349,0.79702492,0.71145967,0.92536698,0.109749085263
6,1.313032,2805,2,1.08307717,1.18339308,0.43428696,0.88668431,0.4556956,0.074528869245
6,1.313032,16,2,0.99129298,1.12565757,0.73957095,0.94654427,0.78800155,0.074296899526
6,1.313032,37,3,0.8519335,2.08198043,0.89120998,0.83359776,1.54672542,0.024508766485
6,1.313032,43,3,1.32070345,1.25893863,0.95075423,0.66294967,0.79351179,0.026583566627
6,1.313032,44,3,1.32070345,0.26238862,0.95423479,0.36363868,0.09104798,0.0146348994
6,1.313032,1032,3,1.46565174,1.79353986,0.82732966,0.66876628,0.992348,0.017034318495
6,1.313032,178,3,1.03136183,2.22245546,0.79167885,0.49884278,0.87769939,0.01302859558
6,1.313032,1225,3,1.30634818,0.94173078,0.71315973,0.67421618,0.4528066,0.029955779265
6,1.313032,176,3,1.39091767,0.37293701,0.86503704,0.93763279,0.30248439,0.053001572801
6,1.313032,3873,3,1.41012631,0.23459546,0.49271652,0.50226886,0.05805678,0.010402048827
6,1.313032,1012,3,1.10635506,0.79360098,0.81793934,0.70720385,0.45905837,0.007441315291
6,1.313032,3681,3,1.39091767,2.68882145,0.66490216,0.76221302,1.36268688,0.029833575399
6,1.313032,1406,3,1.18530765,0.97672462,0.65666265,0.64968844,0.41669625,0.018255559325
6,1.313032,499,3,1.12763604,0.09869007,0.87151604,0.95640618,0.08226048,0.003041859889
6,1.313032,686,3,1.056658,0.4477166,0.43311133,0.67876123,0.13161936,0.006175075838
6,1.313032,550,3,1.19344283,1.97056211,0.7950953,0.87729667,1.37453497,0.024771173421
6,1.313032,193,3,1.07866348,0.56946976,0.8925528,0.67005496,0.34057676,0.007693577519
6,1.313032,1981,3,1.0397904,1.81939264,0.79142559,0.5662521,0.81535427,0.001635465426
6,1.313032,554,3,1.13120535,0.36611969,0.77727913,0.67835184,0.19304346,0.017394697709
6,1.313032,2286,3,1.13120535,0.23764237,0.88961785,0.79823631,0.16875585,0.02342717083
6,1.313032,42,3,1.00053322,0.85897673,0.86827404,0.87314188,0.65121295,0.002766706459
6,1.313032,49,3,1.13120535,0.49789534,0.87364877,0.29624845,0.12886382,0.008538426049
6,1.313032,131,3,1.13120535,0.62946342,0.6676832,0.66993907,0.28156344,0.014756747019
6,1.313032,1046,3,1.14474206,2.37694413,0.81825133,0.6402144,1.24517712,0.026063732777
6,1.313032,138,3,0.93756534,5.80539259,0.62700194,0.86932632,3.16434121,0.017981941761
6,1.313032,3611,3,1.46565174,0.4322504,0.80293911,0.63616031,0.22079264,0.015726098234
6,1.313032,642,3,1.18530765,0.92714061,0.5620726,0.82183687,0.4282759,0.019766315248
6,1.313032,80,3,1.41012631,0.58330013,0.84758815,0.78431356,0.38776327,0.019539211708
6,1.313032,68,3,0.98245493,0.34477115,0.8204858,0.77663341,0.21969393,0.021021902108
6,1.313032,1172,3,1.12763604,0.49072634,0.7642348,0.94560866,0.35463176,0.00263730101
6,1.313032,632,3,0.94920341,0.6975529,0.62242941,0.57962534,0.25166025,0.001316615366
6,1.313032,63,3,1.27434336,0.3483911,0.55034716,0.85176076,0.16331325,0.023322699455
6,1.313032,56,3,1.05856768,1.72470339,0.55480204,0.55088627,0.52712597,0.013078191268
6,1.313032,2214,3,1.12763604,0.18102097,0.44305737,0.30139985,0.02417307,0.00048733146
6,1.313032,639,3,1.13120535,1.96991234,0.77024332,0.83607665,1.26858898,0.021245106235
6,1.313032,28,3,0.90940254,0.90304104,0.78477009,0.54235692,0.38435728,0.014041467466
6,1.313032,36,3,1.13120535,2.41940017,0.90844262,0.4631704,1.01799585,0.013881077344
6,1.313032,34,3,1.10413214,0.62658832,0.46700861,0.57683781,0.16879551,0.01136169242
6,1.313032,430,3,0.92848616,1.14287384,0.78222666,0.6676058,0.59683049,0.001905786124
6,1.313032,463,3,1.27434336,1.15167993,0.72563513,0.57620931,0.48153778,0.020802859079
6,1.313032,1602,3,1.30634818,4.2327063,0.6713433,0.73855812,2.09868602,0.030890431511
6,1.313032,828,3,1.39091767,2.35187327,0.71892725,0.7348869,1.24256571,0.034524445733
6,1.313032,1630,3,1.34193053,0.37190913,0.83938167,0.8283403,0.25858606,0.024691597395
6,1.313032,846,3,1.18530765,0.31263603,0.74291722,0.93681695,0.21758763,0.029781245163
6,1.313032,354,3,1.25688034,0.20033765,0.80574683,0.83963988,0.13553587,0.008703133685
6,1.313032,1601,3,1.13120535,10.31179177,0.86524542,0.60279906,5.37831228,0.017206666975
6,1.313032,2836,3,1.09180508,1.81425992,0.63702961,0.7517481,0.86882331,0.029835038158
6,1.313032,3265,3,1.12763604,1.10576678,0.75763339,0.63140173,0.5289668,0.001745767188
6,1.313032,1475,3,1.03979598,1.44144363,0.7799731,0.83002577,0.9331874,0.021357778288
6,1.313032,3258,3,1.39091767,1.48287425,0.70580615,0.74121072,0.77576727,0.045493041605
6,1.313032,106,3,1.037724,1.81609727,0.50232201,0.80290301,0.73246081,0.013305468244
6,1.313032,3109,3,1.24175883,1.79913589,0.71245067,0.7355849,0.94286946,0.011008124441
6,1.313032,51,3,0.99948009,0.77217068,0.643581,0.84335209,0.41910751,0.017905935276
6,1.313032,1760,3,1.41012631,1.31812162,0.61699791,0.49830088,0.40525729,0.012922925823
6,1.313032,1229,3,1.27434336,3.26515214,0.54756252,0.62046487,1.10931359,0.016903450473
6,1.313032,971,3,1.39091767,1.12920189,0.89835901,0.90043979,0.91343196,0.052859843637
6,1.313032,9,3,1.03736104,0.10425047,0.87946657,0.45370285,0.04159766,0.017074127949
6,1.313032,22,3,1.00321338,0.81731094,0.75648177,0.55285262,0.34181818,0.001526262702
6,1.313032,15,3,1.04804202,2.00885784,0.24556274,0.82208119,0.40553317,0.010043882744
6,1.313032,7,3,0.98931028,1.12831355,0.53002008,0.79719073,0.47674305,0.018080159146
6,1.313032,25,3,0.87506846,0.72283245,0.79281269,0.43894306,0.25154542,0.001269989781
6,1.313032,19,3,0.95292241,1.33691611,0.75408567,0.73464613,0.74063297,0.002021716873
6,1.313032,96,3,1.0397904,0.31445956,0.78652746,0.7289164,0.18028368,0.002092247512
6,1.313032,87,3,1.12763604,1.19325714,0.59323775,0.56279265,0.39839258,0.001218424567
6,1.313032,1119,3,1.18530765,2.99004925,0.88363169,0.98498043,2.60241904,0.037243164051
6,1.313032,349,3,1.18530765,1.25823119,0.81466077,0.65600648,0.67242736,0.022868233414
6,1.313032,120,3,1.34193053,0.50894856,0.98042573,0.36321693,0.18124026,0.012646248038
6,1.313032,11,3,0.92149134,2.81772591,0.64140958,0.69778617,1.26112037,0.00163334996
6,1.313032,12,3,0.97264845,0.08838259,0.89610414,0.54269798,0.04298168,0.020809630745
6,1.313032,3867,3,1.13120535,0.54778116,0.78105738,0.94004161,0.40219541,0.02422227263
6,1.313032,3419,3,1.41012631,0.56877853,0.71456945,0.87724017,0.35653827,0.026348048878
6,1.313032,932,3,1.12763604,0.73652615,0.85971897,0.56692425,0.35897956,0.001778701192
6,1.313032,534,3,0.98541556,1.87342133,0.78680823,0.99866225,1.47205146,0.002867536674
6,1.313032,2655,3,1.27434336,1.060097,0.69210727,0.75005202,0.55031379,0.025827909176
6,1.313032,35,3,1.13120535,1.98084632,0.47573026,0.66503409,0.6266939,0.01043733349
6,1.313032,2153,4,1.35590078,4.98778305,0.74589458,0.83218512,3.09602851,0.004688363656
6,1.313032,2171,4,1.38748359,1.00140023,0.92021705,0.66261922,0.6106073,0.002663031931
6,1.313032,174,4,1.28086868,0.96180989,0.84965541,0.79391408,0.64879213,0.006885677066
6,1.313032,74,4,1.32765302,0.96100712,0.46337527,0.80189261,0.35708834,0.000583587362
6,1.313032,70,4,1.37191885,1.218518,0.88189657,0.31146231,0.33469953,0.002039222266
6,1.313032,77,4,1.26915015,0.75417641,0.80951526,0.83289603,0.50849745,0.000625156583
6,1.313032,58,4,1.15051157,1.75957264,0.63520536,0.69533778,0.77717207,0.000409527397
6,1.313032,1154,4,1.42871318,5.52015703,0.93667751,0.48289264,2.49684802,0.002679933196
6,1.313032,140,4,1.17032444,3.28644764,0.3480805,0.86886044,0.99393146,0.001724348661
6,1.313032,141,4,1.06387512,0.96490788,0.70625051,0.79387213,0.54099741,0.00088057459
6,1.313032,148,4,1.15344908,0.37955105,0.87342576,0.77285531,0.256209,0.007974111312
6,1.313032,3714,4,1.54452155,0.21220407,0.74286673,0.48187476,0.07596242,0.003434900649
6,1.313032,2217,4,1.42871318,0.6586833,0.45640338,0.94443436,0.28392085,0.004210281327
6,1.313032,2186,4,1.42871318,3.29640163,0.83815972,0.58258094,1.60961933,0.00588892058
6,1.313032,177,4,1.1566581,0.40490283,0.88094224,0.50480909,0.18006338,0.000510374142
6,1.313032,999,4,1.20287963,7.97278593,0.47264596,0.86287421,3.25157325,0.003080401548
6,1.313032,1147,4,1.42871318,0.55631297,0.74379077,0.42123631,0.17429935,0.001856350058
6,1.313032,1128,4,1.47847949,0.74341938,0.54636775,0.76581021,0.31105708,0.005883645767
6,1.313032,134,4,1.15759714,0.15016215,0.96406798,0.87402869,0.12653009,0.010055393927
6,1.313032,1038,4,1.28086868,2.72937859,0.84659673,0.27661419,0.63916771,0.002390459375
6,1.313032,46,4,1.16420725,3.21341828,0.62698488,0.92121743,1.85603634,0.000500428734
6,1.313032,27,4,1.36381373,0.3432487,0.90422422,0.9854158,0.30584724,0.005080319449
6,1.313032,1026,4,1.42871318,0.76441543,0.83466257,0.78054644,0.49801122,0.007857100772
6,1.313032,41,4,1.18419689,6.43070828,0.6135339,0.74148393,2.92549335,0.000394151632
6,1.313032,135,4,1.26915015,0.12069999,0.72957371,0.78301215,0.06895169,0.000529676436
6,1.313032,1053,4,1.35590078,0.32904913,0.74411242,0.92847852,0.22733754,0.005218363291
6,1.313032,137,4,1.0578658,0.93508584,0.88947486,0.74609964,0.62055744,0.000615323481
6,1.313032,1764,4,1.32685955,0.19580303,0.75181548,0.71470962,0.10521079,0.005461747641
6,1.313032,232,4,1.58298876,0.40965406,0.51672835,0.9328018,0.19745536,0.007273754663
6,1.313032,230,4,1.00493168,0.49535201,0.60479568,0.59523489,0.17832449,0.005008552691
6,1.313032,228,4,1.28086868,4.35963226,0.6646182,0.69428312,2.01167903,0.004710197846
6,1.313032,1287,4,1.43945483,0.75849,0.4687187,0.75822071,0.26956145,0.005258214146
6,1.313032,3486,4,1.42588879,4.77733954,0.33497454,0.58737347,0.93996621,0.000198665685
6,1.313032,930,4,1.29215206,1.12439366,0.74571653,0.46961117,0.39375908,0.000401907636
6,1.313032,1286,4,1.35103776,0.08476309,0.81372708,0.25001465,0.01724452,0.001504650252
6,1.313032,505,4,1.35590078,0.24296416,0.83639997,0.82325613,0.16729817,0.005200832613
6,1.313032,1352,4,1.65832808,3.09745091,0.54038865,0.68196211,1.1414868,0.004087589073
6,1.313032,511,4,1.28086868,0.6416615,0.44921734,0.59502908,0.17151444,0.00272850669
6,1.313032,743,4,1.32685955,4.04338452,0.84164431,0.87921759,2.99205795,0.007521694623
6,1.313032,477,4,1.28086868,0.84968494,0.73340755,0.41791455,0.26042986,0.003128694682
6,1.313032,2705,4,1.35590078,2.30064432,0.76670328,0.71520656,1.26156111,0.004141738789
6,1.313032,2662,4,1.42871318,0.706897,0.37504301,0.85487732,0.22664232,0.003866673559
6,1.313032,490,4,1.31921592,0.28772915,0.86547066,0.71784413,0.17875836,0.006376443035
6,1.313032,2634,4,1.54452155,2.00171464,0.72719201,0.89468227,1.30232714,0.006242909279
6,1.313032,517,4,1.47192053,0.40955469,0.60486507,0.87799096,0.2175006,0.006894057418
6,1.313032,2606,4,1.42871318,0.99450821,0.8680619,0.80968274,0.69899481,0.006865245312
6,1.313032,2585,4,1.47192053,12.36283371,0.86274693,0.76510267,8.16058268,0.006840565676
6,1.313032,1840,4,1.35590078,0.58868109,0.65124457,0.62896847,0.24113101,0.003093833119
6,1.313032,471,4,1.29215206,1.76372393,0.43314409,0.60789585,0.46439996,0.000302186902
6,1.313032,533,4,1.07052437,1.29434296,0.6101939,0.54147515,0.42765717,0.000238199227
6,1.313032,1243,4,1.3162977,0.13842975,0.64580397,0.70837267,0.06332744,0.000744672342
6,1.313032,192,4,1.42871318,0.75600537,0.50204039,0.33101453,0.12563499,0.001309491293
6,1.313032,200,4,1.42871318,4.57550548,0.88478935,0.66318147,2.68479636,0.003476606695
6,1.313032,222,4,1.36381373,15.83297652,0.88882303,0.93713097,13.18797619,0.004749096038
6,1.313032,205,4,1.35103776,1.38355929,0.6919126,0.92787243,0.88825423,0.004748220104
6,1.313032,2007,4,1.35590078,1.8753999,0.66956694,0.90030996,1.13052442,0.004553128955
6,1.313032,1977,4,1.17951987,0.09922231,0.58323409,0.8103949,0.04689742,0.0019965631
6,1.313032,1893,4,1.54452155,0.98078004,0.63527489,0.86306118,0.53774315,0.005261049263
6,1.313032,2633,4,1.3162977,0.8341917,0.64963378,0.87834213,0.47599039,0.000928827421
6,1.313032,569,4,1.31921592,0.61220875,0.77564989,0.83642013,0.39718217,0.006658650071
6,1.313032,2399,4,1.26915015,7.76536846,0.35953016,0.92696158,2.58796939,0.000309008229
6,1.313032,652,4,1.26915015,0.19076088,0.67921302,0.5492935,0.07117046,0.000345926187
6,1.313032,2367,4,1.12163649,2.11848487,0.24191691,0.9071583,0.4649162,0.002252398832
6,1.313032,698,4,1.13379716,0.20334865,0.84709753,0.76662997,0.13205672,0.000702565955
6,1.313032,2089,4,1.18693689,7.02492698,0.75753432,0.87891235,4.67724044,0.008072307301
6,1.313032,2074,4,1.35590078,1.56709649,0.64466775,0.27377127,0.27657923,0.001333053928
6,1.313032,680,4,1.26915015,0.37894214,0.86442013,0.42919464,0.14058923,0.000343995006
6,1.313032,2432,4,1.24058235,0.8554573,0.71173964,0.74275032,0.45223309,0.007821577397
6,1.313032,3562,4,1.40911935,1.76963522,0.69388259,0.78944865,0.96937905,0.002313946497
6,1.313032,184,4,1.42871318,0.20886938,0.89171634,0.79702247,0.14844722,0.00560033747
6,1.313032,183,4,1.42871318,0.96278524,0.51365323,0.69000366,0.34123286,0.002099929465
6,1.313032,551,4,1.21958456,5.80179445,0.58908607,0.69493232,2.37510931,0.005695560224
6,1.313032,2474,4,1.10796179,0.22311962,0.71680421,0.75601885,0.12091243,0.005531762027
6,1.313032,1503,4,1.31921592,4.65853341,0.92517489,0.50684508,2.18448108,0.004812769408
6,1.313032,1452,4,1.43945483,1.60035858,0.78459628,0.88175271,1.10715991,0.010235837795
6,1.313032,375,4,1.28086868,1.35173847,0.89953432,0.55231432,0.67157839,0.005071475798
6,1.313032,419,4,1.35103776,0.12121913,0.83745215,0.86134701,0.08743983,0.005334939352
6,1.313032,411,4,1.29215206,3.44885572,0.78662785,0.49136027,1.33304367,0.000443591705
6,1.313032,2786,4,1.28086868,2.46967217,0.72834925,0.80057197,1.44005594,0.005952102114
6,1.313032,3347,4,1.42588879,0.37975354,0.53877238,0.88004355,0.18005754,0.000131167929
6,1.313032,763,4,1.27304232,4.04807572,0.43685283,0.88445194,1.56407658,0.005433124995
6,1.313032,254,4,1.58298876,1.67623206,0.85608039,0.73918064,1.06071638,0.009549312645
6,1.313032,2858,4,1.47192053,0.24691138,0.94823506,0.79439703,0.1859922,0.015925531034
6,1.313032,457,4,1.28086868,1.23680482,0.24583694,0.92348855,0.28078883,0.002317442529
6,1.313032,452,4,1.16663899,2.0056006,0.98792494,0.74787246,1.48182168,0.005485205571
6,1.313032,448,4,1.6007415,0.93553259,0.64509123,0.92722511,0.55958394,0.004293997095
6,1.313032,2746,4,1.37191885,0.90471074,0.63830384,0.83816861,0.48402589,0.003971917912
6,1.313032,1766,4,1.43945483,19.3226357,0.78240959,0.91804725,13.87923621,0.010627461664
6,1.313032,1785,4,1.57103195,1.591312,0.41455115,0.58656734,0.38694687,0.004263965731
6,1.313032,772,4,1.26915015,0.30288779,0.75707692,0.71079487,0.16299191,0.000498950277
6,1.313032,2778,4,1.26915015,0.36622556,0.98593902,0.68822746,0.24850247,0.000629151199
6,1.313032,880,4,1.12685614,0.70538304,0.38316653,0.55592453,0.15025482,0.000159204763
6,1.313032,1542,4,1.57103195,2.8586535,0.7759628,0.64011827,1.41991597,0.008446474587
6,1.313032,1596,4,1.28086868,0.18213784,0.64029707,0.66890714,0.0780095,0.004371974915
6,1.313032,305,4,1.28086868,0.75486267,0.77415386,0.67316447,0.39338375,0.00531959766
6,1.313032,296,4,1.36381373,0.21256263,0.83621757,0.88843,0.1579172,0.004235823613
6,1.313032,288,4,1.42871318,0.71244058,0.66231542,0.67908561,0.32043359,0.002664849487
6,1.313032,3198,4,1.42871318,0.23650127,0.9390689,0.73770162,0.16383688,0.006766571569
6,1.313032,3173,4,1.3574872,2.6590945,0.72659936,0.67472905,1.30364155,0.00594393739
6,1.313032,367,4,0.99077502,1.80592509,0.75962188,0.97700114,1.34026991,0.010325419905
6,1.313032,3217,4,1.26915015,0.21056394,0.88383795,0.70257976,0.13075319,0.000575759695
6,1.313032,1427,4,1.47192053,1.40313485,0.92180123,0.79732401,1.03126799,0.007616597448
6,1.313032,1422,4,1.21958456,0.17376993,0.68406627,0.5291304,0.06289781,0.005035888159
6,1.313032,371,4,1.1651604,0.44599869,0.63725366,0.67771729,0.19261694,0.004432583107
6,1.313032,1677,4,1.20425314,0.71161205,0.50581236,0.71875188,0.25870911,0.003711066555
6,1.313032,1612,4,1.64202551,0.73539104,0.92011705,0.44526018,0.30128344,0.008029294324
6,1.313032,3046,4,1.20425314,0.9148644,0.66958384,0.85136474,0.52152767,0.005819034665
6,1.313032,1757,4,1.32967398,0.45988777,0.60949094,0.45317802,0.12702464,0.000239309049
6,1.313032,1715,4,1.35590078,0.66483967,0.7960883,0.74552629,0.3945855,0.004482786927
6,1.313032,392,4,1.18475684,41.24205137,0.55214762,0.56319589,12.82492832,0.001773005378
6,1.313032,1611,4,1.3162977,9.61220564,0.4363634,0.67110209,2.81488053,0.000476693935
6,1.313032,3015,4,1.57103195,1.17506481,0.89626229,0.75968152,0.80007096,0.011939451953
6,1.313032,2963,4,1.54452155,0.84877808,0.69548005,0.73378239,0.43315778,0.006026549416
6,1.313032,1666,4,1.42588879,3.32099056,0.84814283,0.79357578,2.23524454,0.001007652607
6,1.313032,3341,4,1.43945483,0.13825485,0.74084373,0.75333236,0.07716024,0.008257404785
6,1.313032,268,4,1.42871318,1.17979097,0.7612976,0.6768937,0.60796699,0.004060615203
6,1.313032,262,4,1.42588879,2.17524081,0.77615925,0.85458981,1.44283241,0.000458776248
6,1.313032,260,4,1.37191885,0.82411054,0.84642867,0.74635637,0.52062148,0.004690055972
6,1.313032,277,4,1.29215206,4.76851585,0.88267576,0.7064435,2.97345837,0.000715636857
7,2.263739,0,0,0.0,1.27934611,0.80720648,0.80128911,0.82748843,0.646805758636
7,2.263739,28,1,0.59990144,0.32749361,0.8322941,0.79932161,0.21787189,0.298457971529
7,2.263739,14,1,0.46640572,2.1621657,0.66123876,0.71687556,1.02492255,0.212660528754
7,2.263739,9,1,0.50738375,1.86993634,0.64586494,0.91702566,1.10751602,0.265710067797
7,2.263739,1306,1,0.66464053,1.95855222,0.62379764,0.68991338,0.84289495,0.193073694466
7,2.263739,56,1,0.66464053,0.14822745,0.47603846,0.93483988,0.06596414,0.199647596559
7,2.263739,2092,1,0.52876257,3.73269072,0.92316314,0.91833966,3.16449056,0.380335277396
7,2.263739,15,1,0.5434305,0.84214285,0.83273503,0.8368317,0.58685489,0.312629366428
7,2.263739,2,1,0.40262009,5.06815735,0.7835762,0.87524412,3.47584599,0.307677152967
7,2.263739,36,1,0.50673649,1.68479554,0.94691222,0.91044979,1.45248924,0.386767998553
7,2.263739,59,1,0.66464053,0.73124074,0.59710754,0.8132377,0.35508346,0.217848650841
7,2.263739,1,1,0.48928185,0.41995391,0.82961227,0.83926488,0.29239898,0.312362598666
7,2.263739,13,2,0.75040873,0.50292862,0.90193213,0.84446615,0.38305616,0.140370242361
7,2.263739,6,2,0.77707784,1.52576742,0.9072308,0.57736259,0.7991987,0.111782189383
7,2.263739,10,2,0.61137038,6.82417828,0.91633102,0.22192357,1.38773387,0.043397229868
7,2.263739,5,2,0.77707784,5.4403582,0.76235592,0.96215953,3.99054633,0.156534851302
7,2.263739,909,2,0.77707784,1.35889934,0.81754864,0.66687775,0.74087871,0.116349899041
7,2.263739,915,2,0.85852416,0.47368885,0.64609438,0.89254445,0.27316118,0.125045054393
7,2.263739,823,2,0.83617301,0.58082965,0.80879914,0.88136492,0.41404278,0.131375804182
7,2.263739,867,2,0.74232747,4.36351402,0.60584021,0.85378975,2.25707197,0.13876198378
7,2.263739,1043,2,0.77707784,0.34344461,0.62364968,0.47294455,0.10129958,0.062944402202
7,2.263739,967,2,0.75702494,1.65955318,0.78453875,0.810131,1.05477741,0.137819399156
7,2.263739,990,2,0.77707784,0.50659143,0.31780294,0.86879847,0.13987329,0.058922768864
7,2.263739,3812,2,0.84931554,0.29134892,0.90423485,0.74708339,0.19681751,0.178208275729
7,2.263739,1245,2,0.81196141,2.38989515,0.93309642,0.92704174,2.06730549,0.127592055471
7,2.263739,101,2,0.67264304,1.57508875,0.92930619,0.57713602,0.84477691,0.11445721956
7,2.263739,102,2,0.85852416,1.45115203,0.7757259,0.62288156,0.70117541,0.104774228142
7,2.263739,129,2,0.77707784,0.21592674,0.90569085,0.698547,0.13660986,0.135014930238
7,2.263739,682,2,0.70679302,1.60839927,0.74990009,0.78724689,0.94952899,0.125985494587
7,2.263739,39,2,0.81196141,1.58706142,0.7191444,0.69741712,0.79598052,0.073978672087
7,2.263739,835,2,0.62981341,2.68490606,0.65705677,0.32107864,0.56642629,0.031118032694
7,2.263739,33,2,0.83617301,0.17662689,0.5517756,0.89300197,0.08703055,0.090810037548
7,2.263739,1740,2,0.77707784,7.91955158,0.9634064,0.76781202,5.85821123,0.157859462008
7,2.263739,1736,2,0.70150691,3.99275883,0.84859879,0.63620333,2.15561613,0.115213807388
7,2.263739,1484,2,0.93994365,0.12163349,0.8840002,0.4585345,0.04930348,0.054282323022
7,2.263739,1629,2,0.77707784,0.33478642,0.6414979,0.91983914,0.19754906,0.125925390096
7,2.263739,426,2,0.61371667,5.48543493,0.74372927,0.90284044,3.68329877,0.143295338527
7,2.263739,1323,2,0.83617301,0.12205647,0.86371652,0.93056329,0.09810202,0.148127634441
7,2.263739,1345,2,0.93994365,1.46223005,0.45513834,0.61243298,0.40758454,0.03859908545
7,2.263739,1744,2,0.77707784,2.43848754,0.86605067,0.76279978,1.61092158,0.140980823
7,2.263739,237,2,0.67218422,0.56790135,0.66395313,0.52157638,0.19666553,0.073902906311
7,2.263739,242,2,0.72234848,0.85957999,0.87298894,0.84553181,0.6344903,0.16005874031
7,2.263739,365,2,0.7665077,4.08152509,0.80941685,0.55504002,1.83366086,0.097417560142
7,2.263739,356,2,0.70856262,0.2287605,0.60519483,0.95149272,0.1317291,0.10612546953
7,2.263739,143,2,0.81196141,0.34349101,0.83300237,0.76571241,0.21909239,0.094082693825
7,2.263739,161,2,0.81196141,1.16059512,0.87987282,0.87203262,0.89049887,0.113174988113
7,2.263739,300,2,0.77707784,1.14549275,0.46990714,0.7309247,0.39343866,0.073297787777
7,2.263739,280,2,0.68477942,0.19036755,0.92715358,0.7805707,0.13777069,0.106748492051
7,2.263739,176,2,0.89533724,0.19788819,0.8980309,0.72606549,0.12902889,0.134977441927
7,2.263739,2955,2,0.84931554,7.03560313,0.80740821,0.95357162,5.41686252,0.203106594626
7,2.263739,3303,2,0.64790849,15.41526996,0.60911318,0.81548444,7.65710873,0.106003416396
7,2.263739,3313,2,0.714977,0.17870477,0.64347856,0.76817576,0.0883346,0.130398389272
7,2.263739,203,2,0.74005334,2.38373864,0.83633351,0.86370401,1.72188075,0.156500019366
7,2.263739,2587,2,0.93994365,0.80396859,0.39579308,0.76452094,0.24327454,0.040522070159
7,2.263739,88,2,0.70652041,0.42357804,0.83542823,0.67489917,0.23882593,0.1512549188
7,2.263739,80,2,0.67769991,20.50505136,0.68816848,0.54304138,7.66281888,0.079750585884
7,2.263739,4,2,0.67461072,0.24625317,0.91525973,0.90540308,0.20406482,0.176844885729
7,2.263739,3,2,0.67612388,0.53497857,0.8586327,0.91058653,0.41827801,0.166853310319
7,2.263739,49,2,0.77707784,0.30116819,0.61904024,0.76104711,0.14188599,0.100539472797
7,2.263739,40,2,0.81196141,2.3270738,0.71023723,0.6478203,1.07070084,0.067866556203
7,2.263739,55,2,0.74567614,0.56762464,0.71154776,0.86214499,0.3482135,0.12699261985
7,2.263739,58,2,0.77707784,0.68793286,0.77256413,0.73279095,0.38945805,0.120814988999
7,2.263739,67,2,0.71982362,1.99093088,0.86618984,0.48267844,0.83239061,0.089223071692
7,2.263739,16,2,0.69484912,0.50302028,0.551141,0.65949267,0.18283452,0.0536130508
7,2.263739,21,2,0.67408703,0.2424136,0.84073344,0.26152905,0.05330098,0.046922856428
7,2.263739,23,2,0.77707784,0.36700482,0.8531732,0.65027657,0.20361374,0.118397216258
7,2.263739,32,3,0.90306189,0.45472444,0.85070658,0.77778498,0.30087606,0.019916466352
7,2.263739,18,3,0.96154164,2.96954995,0.85650776,0.88062965,2.23983094,0.028048268732
7,2.263739,19,3,0.90306189,6.04305324,0.8576805,0.8136851,4.21733715,0.0210065554
7,2.263739,20,3,1.02254437,9.81062222,0.77330091,0.93534977,7.09609008,0.056079755756
7,2.263739,22,3,0.79662305,2.39498582,0.84827343,0.22385593,0.45478635,0.005715805139
7,2.263739,60,3,0.90306189,1.61011513,0.93524874,0.68026812,1.02438728,0.019150503152
7,2.263739,61,3,1.02254437,1.11001935,0.88278274,0.83428619,0.81752198,0.079963329073
7,2.263739,24,3,1.02254437,0.50510434,0.70388898,0.70187377,0.24954236,0.053639553601
7,2.263739,74,3,0.90306189,0.4878494,0.86630899,0.74102535,0.3131783,0.019323190221
7,2.263739,76,3,1.04929898,0.26329583,0.49618206,0.98507388,0.12869268,0.025079988068
7,2.263739,2905,3,0.94922294,1.31071308,0.90264584,0.79024936,0.93495169,0.039457208325
7,2.263739,193,3,0.94922294,1.85390531,0.58181247,0.87849467,0.94756651,0.028272679518
7,2.263739,3263,3,0.94922294,6.63181437,0.23836039,0.40647205,0.64253551,0.005359318809
7,2.263739,169,3,0.94922294,0.41321063,0.68600205,0.71962116,0.20398622,0.027307010454
7,2.263739,174,3,0.94701988,0.63913996,0.66967445,0.64968243,0.27807428,0.053366446764
7,2.263739,177,3,0.94922294,4.89536172,0.76140063,0.55732041,2.07731793,0.023472697311
7,2.263739,666,3,0.94922294,1.24706181,0.64929544,0.41942071,0.3396098,0.01506388692
7,2.263739,681,3,1.01453491,1.33977277,0.67686688,0.86397389,0.78349284,0.039514097441
7,2.263739,725,3,0.71749024,3.89723435,0.67982344,0.63119631,1.67231124,0.042648482812
7,2.263739,733,3,0.90465197,9.02523314,0.65388635,0.67546487,3.98624026,0.0438983341
7,2.263739,633,3,0.99469894,1.14714428,0.9556614,0.72885488,0.79903012,0.075608467969
7,2.263739,638,3,0.94701988,0.33578997,0.73867102,0.81089782,0.20113373,0.073471791664
7,2.263739,706,3,0.94922294,0.26001112,0.83147974,0.60843333,0.13153962,0.027983980224
7,2.263739,711,3,0.90306189,4.33929109,0.83752819,0.6532216,2.37398929,0.016467698802
7,2.263739,748,3,0.84165559,3.51601916,0.82099697,0.69182835,1.99706015,0.049633098993
7,2.263739,756,3,1.01453491,9.95792865,0.75133802,0.68662415,5.13716429,0.034858013036
7,2.263739,813,3,1.02254437,4.09059026,0.4928827,0.71984378,1.45133547,0.027508402798
7,2.263739,773,3,1.02254437,0.36443603,0.87223794,0.46204369,0.14687211,0.043756240018
7,2.263739,774,3,1.02254437,3.0653616,0.82687435,0.79897657,2.02514105,0.05536117736
7,2.263739,616,3,1.04929898,0.14867258,0.61434017,0.81402737,0.07434963,0.023540444905
7,2.263739,3919,3,1.08573052,0.21893112,0.40291029,0.8249797,0.07277113,0.028828966958
7,2.263739,1040,3,0.94922294,4.97596842,0.51061594,0.73573005,1.86934936,0.020780580467
7,2.263739,1052,3,1.01453491,5.28763246,0.86157743,0.55552495,2.53080765,0.032340450214
7,2.263739,3876,3,0.92818772,4.55228464,0.81482451,0.63414255,2.3522333,0.037991092366
7,2.263739,830,3,0.94922294,0.3573179,0.89554048,0.8369207,0.26780847,0.041458573141
7,2.263739,910,3,1.04929898,1.26520569,0.65133125,0.79261008,0.65316461,0.02648981795
7,2.263739,572,3,0.99469894,0.84872971,0.9531146,0.42029515,0.33999216,0.043483533998
7,2.263739,577,3,0.90306189,0.09868709,0.81149404,0.64196122,0.05141081,0.015680758596
7,2.263739,986,3,1.02254437,0.83078063,0.58704796,0.7756604,0.37829584,0.049438716454
7,2.263739,922,3,0.99639204,0.937502,0.87859512,0.34746873,0.28620467,0.029382311213
7,2.263739,931,3,0.94922294,1.30567286,0.76802713,0.80701769,0.80927103,0.034285022048
7,2.263739,945,3,0.98159786,0.3077299,0.86482229,0.65001024,0.17298831,0.062407588361
7,2.263739,1004,3,1.02254437,0.74080988,0.8544725,0.85518898,0.54133606,0.058970815736
7,2.263739,544,3,0.94922294,3.66260697,0.83188882,0.89320314,2.72148437,0.041101752933
7,2.263739,558,3,0.83969281,0.81446496,0.87904214,0.7677447,0.54966606,0.020314187898
7,2.263739,994,3,0.94922294,0.36433157,0.57817063,0.62642428,0.13195365,0.020034081262
7,2.263739,3210,3,0.90306189,3.47169479,0.52304357,0.72224354,1.31148422,0.011370890411
7,2.263739,165,3,0.94922294,1.95235366,0.35323619,0.87136639,0.60093083,0.017025928718
7,2.263739,3348,3,0.97020792,2.07438797,0.60025292,0.77590758,0.96612709,0.040698251891
7,2.263739,2703,3,1.02254437,1.58914889,0.83065325,0.71592196,0.94503967,0.064566527891
7,2.263739,3311,3,0.92818772,1.58077092,0.58466383,0.94699353,0.87522996,0.040708400072
7,2.263739,3324,3,0.79685627,3.11465268,0.67967248,0.79973406,1.69299198,0.011731899751
7,2.263739,219,3,0.90306189,1.11418981,0.60259713,0.6393286,0.42925007,0.011596425303
7,2.263739,226,3,0.94922294,0.53764701,0.90110852,0.64134894,0.31071964,0.031968061048
7,2.263739,1279,3,1.04929898,0.51510424,0.72212549,0.57207476,0.2127946,0.032428499842
7,2.263739,1297,3,1.04929898,1.01737879,0.94352564,0.79285513,0.76107985,0.066203677464
7,2.263739,1339,3,0.94922294,1.58511534,0.77828629,0.90091951,1.11144056,0.038785571013
7,2.263739,465,3,0.94922294,0.35574689,0.72918335,0.86400347,0.22412657,0.034849539623
7,2.263739,472,3,0.94922294,0.5306296,0.68293028,0.76413716,0.27691033,0.028866392375
7,2.263739,488,3,0.99469894,1.23330694,0.88762262,0.82844561,0.90690863,0.079821096672
7,2.263739,1058,3,0.99639204,0.70454477,0.95680956,0.58590591,0.39496806,0.053955388009
7,2.263739,1079,3,0.94922294,0.09648464,0.68053246,0.43137973,0.02832479,0.016238779977
7,2.263739,3854,3,1.02254437,0.50259295,0.77446629,0.70619617,0.27488071,0.059381321698
7,2.263739,3855,3,0.7989456,0.46976403,0.39661226,0.44887834,0.0836324,0.005358802227
7,2.263739,1129,3,1.04929898,1.72662889,0.85349975,0.77683631,1.14480607,0.03121042376
7,2.263739,1168,3,1.02254437,3.20266736,0.73436546,0.75739671,1.78134276,0.060388972433
7,2.263739,1449,3,0.83800718,0.64612922,0.77650825,0.40815438,0.20478112,0.030296455816
7,2.263739,1450,3,0.94922294,0.7630754,0.3613903,0.7181931,0.19805471,0.014356961515
7,2.263739,1461,3,1.04929898,4.76781783,0.69747657,0.64471614,2.14396564,0.039795387355
7,2.263739,1493,3,0.91564838,1.70575812,0.27849762,0.49126652,0.23337595,0.002952988282
7,2.263739,1216,3,0.90306189,0.15522499,0.38091881,0.61553141,0.03639521,0.00705757624
7,2.263739,1176,3,1.02254437,0.50242749,0.76094931,0.66320731,0.25355865,0.054793243202
7,2.263739,204,3,0.94922294,1.14527736,0.55493285,0.81813171,0.51996527,0.025113571485
7,2.263739,2515,3,0.90465197,0.80027939,0.70568962,0.80932177,0.45706354,0.05676464801
7,2.263739,3455,3,0.94922294,2.79126769,0.84536661,0.82670531,1.95073064,0.038658111491
7,2.263739,2595,3,0.82496827,0.56442142,0.59304487,0.73379223,0.24562024,0.034775719724
7,2.263739,3360,3,0.92818772,0.66489121,0.94000857,0.87756494,0.5484811,0.060651546148
7,2.263739,2545,3,1.02254437,0.65138596,0.89492,0.88582015,0.51637851,0.086069988789
7,2.263739,2658,3,1.02254437,0.8374834,0.84170268,0.81497756,0.57448748,0.075107951077
7,2.263739,2677,3,1.02254437,0.36012743,0.80548669,0.69333274,0.20112047,0.060634815477
7,2.263739,235,3,0.8252671,0.247843,0.47861303,0.67009377,0.07948712,0.017740461667
7,2.263739,1561,3,1.06814434,4.60593543,0.85606379,0.93376084,3.68179523,0.072839693168
7,2.263739,1616,3,1.08573052,0.13268984,0.81087671,0.40952224,0.04406259,0.024132244741
7,2.263739,1654,3,0.99639204,1.39505307,0.54007055,0.26294975,0.19811346,0.013667991092
7,2.263739,408,3,0.94561921,1.01060179,0.86267567,0.65747378,0.57319983,0.045027736481
7,2.263739,413,3,1.01453491,0.33824322,0.79515102,0.61941148,0.16659347,0.033279520148
7,2.263739,414,3,0.86109723,0.7112123,0.75479755,0.43367283,0.23280481,0.022117746329
7,2.263739,1378,3,0.91564838,0.78675817,0.85074932,0.45431269,0.30408692,0.008342179832
7,2.263739,3832,3,0.94922294,1.39715291,0.87842126,0.7619143,0.93508891,0.037021480684
7,2.263739,1742,3,0.99469894,2.70770225,0.8164773,0.83644958,1.84920384,0.074132596331
7,2.263739,1745,3,1.01453491,9.85456114,0.78282622,0.27597398,2.12897613,0.014597607689
7,2.263739,384,3,0.94701988,0.85706694,0.83108541,0.52550263,0.37431334,0.053570289732
7,2.263739,398,3,0.94922294,0.29901342,0.75092785,0.76043943,0.17074717,0.031586947222
7,2.263739,3709,3,0.81604505,0.22043948,0.93945158,0.69689015,0.14432053,0.048135947511
7,2.263739,1801,3,1.02254437,1.56902211,0.68189907,0.52998089,0.56703435,0.039569618281
7,2.263739,1770,3,0.97020792,3.8114056,0.61047143,0.69630626,1.62013353,0.037144722751
7,2.263739,1780,3,0.90306189,0.67763043,0.75805587,0.6839943,0.35135537,0.015607259
7,2.263739,1524,3,0.9452929,0.27493627,0.86615119,0.72064351,0.17161144,0.031995333394
7,2.263739,1489,3,1.04929898,1.2090132,0.53131993,0.80442807,0.51674271,0.021931118599
7,2.263739,1585,3,0.91564838,0.16033037,0.62574669,0.45194743,0.04534217,0.006103930159
7,2.263739,1797,3,0.94922294,4.7695856,0.58259843,0.83483689,2.31980559,0.026903932175
7,2.263739,1863,3,0.84708138,2.86455081,0.81309873,0.74167983,1.72749294,0.065461368697
7,2.263739,366,3,0.94922294,0.46917824,0.98047211,0.50027119,0.23013284,0.027132233965
7,2.263739,1905,3,1.02254437,0.50322598,0.7306923,0.7370589,0.27101903,0.043462396984
7,2.263739,3627,3,0.99469894,2.15020901,0.7822896,0.88476541,1.48825164,0.075131320515
7,2.263739,1930,3,0.99639204,0.46628521,0.53126457,0.48087642,0.1191231,0.024588145116
7,2.263739,1943,3,1.04929898,0.18915472,0.71153626,0.54134981,0.07286051,0.018131835719
7,2.263739,1951,3,1.02254437,0.36225213,0.56505953,0.819986,0.16784623,0.050732025064
7,2.263739,3685,3,0.94922294,0.7822468,0.61871853,0.6312888,0.30553784,0.021605584453
7,2.263739,2347,3,0.99469894,0.69924497,0.81557633,0.66566014,0.37961776,0.058930821999
7,2.263739,2428,3,1.08573052,3.30776313,0.6879704,0.79245132,1.80333639,0.0472846088
7,2.263739,282,3,0.83969281,1.98685539,0.48068817,0.94437091,0.90192887,0.013664035296
7,2.263739,291,3,0.94922294,1.89293292,0.97012326,0.77353496,1.42050278,0.041509899332
7,2.263739,2456,3,1.02254437,1.09467765,0.62724408,0.70200353,0.48201673,0.03615998906
7,2.263739,3424,3,0.92818772,1.7728892,0.78192846,0.84417081,1.17025079,0.048531995416
7,2.263739,3227,3,0.8012739,3.52300355,0.92720808,0.67711728,2.21184244,0.013550776203
7,2.263739,155,3,0.90306189,0.60269789,0.74064687,0.67198703,0.29996581,0.01498114562
7,2.263739,157,3,1.04929898,6.24142145,0.68850044,0.77277076,3.32076707,0.027300611231
7,2.263739,160,3,0.96154164,0.85290305,0.83255337,0.82796565,0.5879279,0.025633378892
7,2.263739,139,3,0.84695612,1.0481538,0.88396369,0.72019151,0.66727897,0.039397669096
7,2.263739,3126,3,0.84390312,1.22304798,0.69448637,0.77858011,0.66131827,0.052041339033
7,2.263739,137,3,0.90306189,5.61575033,0.66536388,0.5600339,2.09257642,0.011216218941
7,2.263739,3663,3,0.92818772,9.17012173,0.59929938,0.81500276,4.47896851,0.035911513206
7,2.263739,3668,3,0.86032701,5.16967773,0.58293645,0.79583142,2.39831245,0.045167731229
7,2.263739,1973,3,0.94922294,0.39055043,0.7387552,0.35534037,0.10252322,0.01452077902
7,2.263739,2047,3,0.94922294,5.28547514,0.73059389,0.90661838,3.50093939,0.036639148709
7,2.263739,2081,3,0.90465197,0.2247315,0.94707904,0.8165981,0.17380351,0.076866585586
7,2.263739,2025,3,0.94922294,1.62944106,0.93344939,0.92077323,1.40049678,0.047543185483
7,2.263739,341,3,0.90306189,0.27263602,0.93427676,0.64610602,0.16457451,0.018169889171
7,2.263739,346,3,1.02254437,4.78754312,0.63589761,0.74075649,2.2551496,0.044111861967
7,2.263739,349,3,1.02254437,0.3312825,0.40014011,0.85656044,0.11354515,0.037212776493
7,2.263739,2136,3,0.90465197,0.90472726,0.6581169,0.78430524,0.46698813,0.051301629741
7,2.263739,3054,3,0.94561921,0.98638613,0.53355957,0.90481719,0.47620145,0.038326387314
7,2.263739,3018,3,1.00738959,1.42750374,0.79529349,0.66134704,0.75081699,0.050278015231
7,2.263739,3022,3,1.01453491,0.91382339,0.80349492,0.92927496,0.68232241,0.05045167064
7,2.263739,3492,3,0.88914984,0.22231285,0.7199677,0.83588455,0.13379007,0.033289258902
7,2.263739,2196,3,1.02254437,2.10606023,0.88083047,0.94970333,1.76177757,0.073064182346
7,2.263739,308,3,0.94922294,1.73712245,0.60433531,0.80407616,0.84412272,0.026879425033
7,2.263739,312,3,1.08573052,0.69410262,0.71121431,0.3336915,0.16472872,0.017246899774
7,2.263739,315,3,0.94922294,3.61632163,0.42272918,0.89780401,1.37249515,0.020993680662
7,2.263739,317,3,0.9452929,0.50112846,0.91742376,0.6327899,0.29092336,0.029757879197
7,2.263739,318,3,0.88914984,1.14098151,0.52279809,0.4181006,0.24939824,0.012090927095
7,2.263739,320,3,0.94922294,1.26358058,0.37165941,0.42834172,0.20115853,0.008806033367
7,2.263739,2312,3,0.79551816,0.19456087,0.74251819,0.74981341,0.10832178,0.012016648654
7,2.263739,304,3,1.08573052,4.40487977,0.80187605,0.89496154,3.16115414,0.05215272652
7,2.263739,1986,3,1.02254437,1.01804865,0.79833855,0.75878632,0.61670167,0.065770110799
7,2.263739,63,3,0.90306189,2.40574667,0.62783556,0.52256534,0.78928963,0.009875508097
7,2.263739,68,3,0.90306189,0.30279698,0.4702101,0.5536233,0.07882389,0.007835726166
7,2.263739,52,3,0.90306189,0.59553551,0.74271189,0.62933866,0.2783636,0.014069469681
7,2.263739,44,3,0.7754653,4.51906521,0.62621917,0.87656154,2.48060366,0.01652272655
7,2.263739,90,3,0.94922294,8.93697828,0.74029132,0.9087169,6.01204141,0.037211405827
7,2.263739,91,3,0.82805519,0.62487851,0.66526307,0.54065788,0.22475613,0.019895770718
7,2.263739,92,3,0.90306189,0.10192526,0.94123087,0.83180986,0.07979984,0.023566396002
7,2.263739,95,3,0.80321138,4.79638338,0.55002396,0.67879485,1.79074618,0.011238105073
8,3.902809,0,0,0.0,2.40510136,0.84712611,0.88037294,1.79369309,0.745786899384
8,3.902809,152,1,0.50618744,1.02967431,0.65155874,0.31715646,0.21277814,0.122680122289
8,3.902809,46,1,0.33855875,3.72045118,0.58728205,0.83105109,1.81580857,0.289748715011
8,3.902809,337,1,0.50618744,0.60910151,0.65007665,0.93710058,0.37105685,0.361657803152
8,3.902809,34,1,0.4759974,0.91959668,0.89163653,0.87827411,0.72013734,0.464905840028
8,3.902809,1,1,0.4167506,0.90380599,0.79154009,0.67899988,0.48575561,0.319072725401
8,3.902809,5,1,0.33781025,5.83273834,0.77385105,0.72736715,3.2830958,0.334162821363
8,3.902809,6,1,0.38310146,0.72108834,0.60627535,0.3837672,0.16777461,0.138128988025
8,3.902809,10,1,0.35148701,0.08212412,0.76577471,0.71901274,0.04521769,0.326877235394
8,3.902809,20,1,0.39986925,0.23429218,0.28730217,0.72915883,0.04908161,0.124367847707
8,3.902809,21,1,0.38028371,1.71567041,0.86488461,0.39777386,0.5902395,0.204240315917
8,3.902809,15,2,0.65567278,0.63154546,0.58252156,0.66955973,0.24632356,0.099065704177
8,3.902809,11,2,0.49994159,3.119346,0.80141873,0.84516503,2.11283,0.172037453359
8,3.902809,7,2,0.49033027,0.26068519,0.90785506,0.42538804,0.10067419,0.102728805465
8,3.902809,31,2,0.63481687,0.65307871,0.72449915,0.94314774,0.44625504,0.075133696825
8,3.902809,131,2,0.52360725,0.11643539,0.85047722,0.21071911,0.0208666,0.04133523802
8,3.902809,126,2,0.49571396,0.9690874,0.78413,0.6843471,0.52002886,0.123770838866
8,3.902809,2,2,0.53827703,0.27788606,0.81318767,0.81338635,0.18380378,0.168000147992
8,3.902809,52,2,0.53579979,0.6267422,0.40193046,0.73123019,0.18420184,0.032316340896
8,3.902809,24,2,0.52684149,1.56167507,0.59233491,0.88821431,0.82162902,0.13995084894
8,3.902809,710,2,0.65567278,0.38678723,0.59875907,0.9278508,0.21488316,0.141108198708
8,3.902809,332,2,0.65567278,1.77268673,0.58472695,0.85095635,0.88204835,0.126381176866
8,3.902809,415,2,0.6089727,0.34509246,0.86505036,0.87616128,0.26155373,0.174815238229
8,3.902809,1075,2,0.60855689,0.39331374,0.7971657,0.39272095,0.12313224,0.083276624503
8,3.902809,1888,2,0.64507452,0.47287317,0.45836177,0.83935776,0.18192826,0.038088680604
8,3.902809,739,2,0.48429032,19.75075623,0.90941906,0.55974025,10.05389444,0.135406975885
8,3.902809,3761,2,0.60855689,3.26187216,0.67054459,0.54144866,1.18427314,0.096577373577
8,3.902809,476,2,0.63312039,2.42845069,0.85309794,0.6399871,1.32586529,0.088765438659
8,3.902809,2149,2,0.60855689,1.45790822,0.80797482,0.53644201,0.63190355,0.115295154898
8,3.902809,1784,2,0.63312039,0.20423844,0.91850388,0.65975357,0.12376568,0.098522751856
8,3.902809,173,2,0.52328698,1.12425169,0.82284123,0.66923469,0.61909606,0.146482228833
8,3.902809,297,2,0.60855689,1.3887644,0.65228727,0.86957012,0.78772039,0.150880794344
8,3.902809,2535,2,0.65567278,2.2650961,0.51205,0.9247585,1.07257418,0.120271493262
8,3.902809,106,2,0.50012857,7.25042702,0.63595551,0.95226183,4.39083077,0.161091846668
8,3.902809,45,2,0.53551655,1.71009127,0.85020409,0.95919563,1.39460003,0.216930604986
8,3.902809,798,2,0.60855689,0.73750569,0.76012069,0.96294239,0.53981909,0.194703296938
8,3.902809,2230,2,0.63312039,1.06135318,0.5633159,0.88702819,0.53033386,0.081238748279
8,3.902809,624,2,0.60855689,1.34814356,0.52768286,0.88359473,0.62858244,0.124027088021
8,3.902809,320,2,0.5293183,2.3910968,0.57500515,0.77781357,1.06941041,0.118970063509
8,3.902809,215,2,0.52751868,2.00060098,0.80187801,0.96045234,1.54079407,0.177638851934
8,3.902809,2261,2,0.60855689,0.36919782,0.82605575,0.77586556,0.23662191,0.170485041195
8,3.902809,200,2,0.48296937,1.88592195,0.76101587,0.66088153,0.94850809,0.116003518704
8,3.902809,700,2,0.60855689,1.57946564,0.41336655,0.93425886,0.60997598,0.102728985144
8,3.902809,645,2,0.71585714,0.38897555,0.91520163,0.52105926,0.18549244,0.137288468115
8,3.902809,88,2,0.56632525,1.86774976,0.92715895,0.75965685,1.31549846,0.077444182964
8,3.902809,81,2,0.60855689,0.60632258,0.85164779,0.87956425,0.45418348,0.199259044338
8,3.902809,80,2,0.62756884,0.85921141,0.59890833,0.60072101,0.30912435,0.133146727656
8,3.902809,94,2,0.54479468,0.32360603,0.74148576,0.63957963,0.15346666,0.046950246642
8,3.902809,122,2,0.55643794,1.6793494,0.53618626,0.47536371,0.42803844,0.067800384102
8,3.902809,159,2,0.5272787,1.20785557,0.74182107,0.64848399,0.5810499,0.127964312586
8,3.902809,1102,3,0.65322768,1.61679759,0.62568854,0.79903063,0.80830875,0.053888361955
8,3.902809,290,3,0.73109622,0.14187317,0.3636574,0.76243486,0.03933648,0.039207165837
8,3.902809,1289,3,0.70054467,2.23384169,0.86207424,0.68616745,1.32137831,0.063759975244
8,3.902809,314,3,0.69963214,1.10192309,0.84930471,0.80254917,0.75108046,0.062941728329
8,3.902809,309,3,0.75957225,1.94937754,0.65772757,0.77524375,0.99398602,0.031434419092
8,3.902809,400,3,0.58528204,26.42240516,0.66194621,0.97420701,17.03908609,0.088313942372
8,3.902809,3786,3,0.81059679,1.75548416,0.70156215,0.69702471,0.85844256,0.034553381075
8,3.902809,32,3,0.81192252,0.84229686,0.69514891,0.57184941,0.33483027,0.023775332799
8,3.902809,1510,3,0.71145436,0.75537962,0.44660556,0.43157704,0.14559542,0.026395979118
8,3.902809,2350,3,0.70054467,21.68398548,0.67349154,0.91963969,13.43040026,0.066761057099
8,3.902809,324,3,0.62396794,0.66591996,0.56909085,0.86913803,0.32937633,0.066147333031
8,3.902809,1033,3,0.70473364,1.21274292,0.42951744,0.91252947,0.47533134,0.032051787928
8,3.902809,1073,3,0.65322768,0.85985695,0.48329996,0.59345991,0.24662344,0.030915872434
8,3.902809,758,3,0.61866132,0.71366199,0.9472926,0.93733105,0.63367958,0.087483832069
8,3.902809,1898,3,0.7388964,2.09403265,0.78910889,0.71382822,1.17954387,0.075330808972
8,3.902809,26,3,0.73060775,1.12468075,0.55947271,0.80910867,0.50911398,0.050430539874
8,3.902809,12,3,0.7388964,1.0198018,0.60099587,0.54300071,0.33280333,0.043642926642
8,3.902809,2997,3,0.73092308,1.21249441,0.52073516,0.53000675,0.33464015,0.028113796173
8,3.902809,9,3,0.56376442,0.7696732,0.64173573,0.40593667,0.200503,0.021302916272
8,3.902809,136,3,0.70838363,4.93145937,0.67705753,0.8701667,2.90538367,0.062444019051
8,3.902809,28,3,0.71145436,0.03404558,0.74395122,0.59060459,0.01495898,0.060172299056
8,3.902809,19,3,0.62756696,0.5334655,0.92047159,0.9162558,0.4499181,0.115500122801
8,3.902809,16,3,0.52103765,5.84766176,0.84520839,0.57973374,2.86532981,0.06710388992
8,3.902809,1969,3,0.65322768,0.22512964,0.70885021,0.41033833,0.0654831,0.03135233695
8,3.902809,384,3,0.71158577,6.61832247,0.73111832,0.3403874,1.64705864,0.031912954723
8,3.902809,681,3,0.62991292,0.97613039,0.68962388,0.84008394,0.56551328,0.067554180962
8,3.902809,1213,3,0.81059679,0.69388571,0.60774274,0.86654102,0.36542382,0.037212180959
8,3.902809,188,3,0.71158577,0.69107694,0.29142059,0.45704995,0.09204714,0.017080075222
8,3.902809,1138,3,0.65322768,0.39689825,0.52012813,0.98862812,0.20409036,0.05542639785
8,3.902809,181,3,0.81192252,1.78491118,0.80969556,0.8033563,1.16103837,0.038904249225
8,3.902809,1448,3,0.73092308,0.24335894,0.69059706,0.59577666,0.100128,0.041911132736
8,3.902809,1004,3,0.53986319,1.51531886,0.70119941,0.81516008,0.86614076,0.052782253407
8,3.902809,169,3,0.71145436,0.20646904,0.83060838,0.34215275,0.05867746,0.038919895905
8,3.902809,3815,3,0.79155999,0.59783901,0.84321552,0.43178215,0.21766446,0.027990521057
8,3.902809,2650,3,0.73060775,1.40426201,0.86022194,0.83454352,1.00810937,0.079977414391
8,3.902809,451,3,0.81192252,0.67460011,0.6256297,0.42647857,0.17999522,0.015958117238
8,3.902809,2426,3,0.8199676,0.92085005,0.75319763,0.80488,0.55825034,0.018380965757
8,3.902809,315,3,0.74365783,1.24455849,0.86145428,0.65035213,0.69726218,0.020938761594
8,3.902809,319,3,0.71145436,0.88639862,0.76398613,0.69378154,0.46982626,0.072587784263
8,3.902809,2528,3,0.73239578,0.95031988,0.5314501,0.83847641,0.4234705,0.042201059466
8,3.902809,3770,3,0.69963214,0.38921404,0.8850536,0.79869819,0.27513179,0.065276333292
8,3.902809,1647,3,0.61046404,1.90999618,0.63315099,0.72941077,0.8820881,0.037766263588
8,3.902809,1375,3,0.71158577,1.11792826,0.81920175,0.77042012,0.70555751,0.080932762437
8,3.902809,712,3,0.79155999,1.99309055,0.44054668,0.50633914,0.44459079,0.018241424291
8,3.902809,523,3,0.62673147,2.16607053,0.75124923,0.76863274,1.25076442,0.074047227295
8,3.902809,713,3,0.72827898,2.14347372,0.78330781,0.74852965,1.25678105,0.019292753838
8,3.902809,733,3,0.75957225,0.21709451,0.78267245,0.7659247,0.13014125,0.03695619445
8,3.902809,1221,3,0.73709371,0.31770294,0.4563074,0.8712928,0.12631149,0.010227656511
8,3.902809,209,3,0.80626818,0.3419143,0.62310328,0.38665734,0.08237654,0.025535778908
8,3.902809,2652,3,0.70054467,1.73833671,0.66051445,0.92864183,1.06626331,0.066115596601
8,3.902809,1421,3,0.71145436,0.27377644,0.85919983,0.32991292,0.07760498,0.038819401185
8,3.902809,3668,3,0.70054467,3.20971702,0.94658546,0.88609118,2.69218554,0.09040898604
8,3.902809,491,3,0.55778536,0.39089537,0.70723958,0.54601492,0.15094947,0.036571357598
8,3.902809,1352,3,0.70054467,0.23694423,0.62907345,0.88584184,0.13203944,0.060066302353
8,3.902809,1354,3,0.81059679,0.30408222,0.89914029,0.57168867,0.15630687,0.036321457001
8,3.902809,2269,3,0.79155999,0.8057545,0.50714889,0.80919998,0.33066946,0.037664717812
8,3.902809,205,3,0.71158577,2.66789743,0.64684731,0.61171008,1.05564171,0.050740330398
8,3.902809,241,3,0.71158577,1.08804944,0.47408696,0.76714458,0.39571623,0.046638128097
8,3.902809,227,3,0.6361153,0.33408346,0.92946392,0.88227414,0.27396247,0.095621013726
8,3.902809,224,3,0.60802534,1.24613571,0.47026242,0.72164585,0.42289225,0.031337754169
8,3.902809,2164,3,0.73109622,2.44185091,0.61833216,0.68880238,1.04000547,0.060226378957
8,3.902809,2299,3,0.73060775,1.71732141,0.81741326,0.75080981,1.05395776,0.068372187435
8,3.902809,247,3,0.73688785,0.5038129,0.78144034,0.76417414,0.30085515,0.103119621638
8,3.902809,639,3,0.71145436,1.14264553,0.5659903,0.82179344,0.53147542,0.063698174268
8,3.902809,626,3,0.73092308,1.62631115,0.90408177,0.73251311,1.07702741,0.067459683877
8,3.902809,711,3,0.70848998,0.15502327,0.92424884,0.89139279,0.12771883,0.081172454783
8,3.902809,276,3,0.58362854,2.66702941,0.33085204,0.77224191,0.68142017,0.044120489696
8,3.902809,261,3,0.63933148,0.17788505,0.70209792,0.70111714,0.08756443,0.026567625677
8,3.902809,2798,3,0.79155999,3.2072327,0.72952627,0.70379866,1.6467203,0.050691860812
8,3.902809,3,3,0.63082184,2.94299074,0.79847105,0.93551153,2.19835191,0.099896506717
8,3.902809,2157,3,0.79155999,0.61263744,0.54816434,0.69134428,0.23217138,0.034781517342
8,3.902809,2742,3,0.70054467,1.18981393,0.73031439,0.81452259,0.70776983,0.06411894267
8,3.902809,551,3,0.64535269,2.00983714,0.59400114,0.59883395,0.71491524,0.02192879699
8,3.902809,838,3,0.79155999,1.10868741,0.94327212,0.8047107,0.84156156,0.062072907659
8,3.902809,834,3,0.62376389,2.53740253,0.65392997,0.85733148,1.42255604,0.045846329426
8,3.902809,948,3,0.61105361,1.06812602,0.64560867,0.33920083,0.23390998,0.023604761764
8,3.902809,934,3,0.75957225,2.34755416,0.83001361,0.73176493,1.42584535,0.037443628236
8,3.902809,40,3,0.70473364,1.41419437,0.56101638,0.36977561,0.29337486,0.016964394035
8,3.902809,3233,3,0.71158577,0.84241315,0.71555596,0.70352777,0.42408214,0.064555124924
8,3.902809,116,3,0.73709371,0.5470382,0.58137309,0.6483724,0.20620401,0.009696922917
8,3.902809,3270,3,0.81059679,0.68594819,0.83227099,0.82284917,0.4697603,0.044287435848
8,3.902809,3215,3,0.75957225,0.92513446,0.32227899,0.88957518,0.26522809,0.017674037646
8,3.902809,437,3,0.71158577,1.68172179,0.76585313,0.56719284,0.73051709,0.055703451776
8,3.902809,1578,3,0.70054467,0.4248477,0.91310802,0.55843968,0.21663654,0.05496317107
8,3.902809,3722,3,0.59561124,0.58637672,0.54313593,0.54559708,0.17376299,0.031941398395
8,3.902809,1048,3,0.71145436,0.33999053,0.58568388,0.92522446,0.18423715,0.074210558361
8,3.902809,769,3,0.70054467,0.08465259,0.96921437,0.56849525,0.04664305,0.059390918167
8,3.902809,1001,3,0.73688785,0.71652525,0.45634073,0.75306988,0.24623853,0.059344114932
8,3.902809,22,3,0.71145436,0.09760116,0.5076393,0.40675427,0.02015312,0.028277608776
8,3.902809,800,3,0.75957225,0.30881427,0.70148551,0.87796427,0.19019228,0.037967907463
8,3.902809,822,3,0.70054467,0.53750559,0.52340752,0.65612637,0.18459097,0.037016965207
8,3.902809,3350,3,0.73060775,2.79319118,0.70280945,0.85974089,1.68774113,0.067315182487
8,3.902809,985,3,0.62824728,13.04891785,0.44125144,0.96828949,5.57526928,0.046053719113
8,3.902809,2040,3,0.73688785,1.87459656,0.71116522,0.5672507,0.75622907,0.069662442341
8,3.902809,3306,3,0.71158577,0.69677768,0.50991641,0.57403631,0.20395417,0.037535675489
8,3.902809,1864,4,0.864285,1.05112812,0.8848486,0.72586292,0.6751173,0.032598982002
8,3.902809,1875,4,0.89416601,0.29193824,0.87779664,0.83927323,0.21507418,0.005686742268
8,3.902809,1988,4,0.77380927,1.8168854,0.71126697,0.72349588,0.93496691,0.036176812346
8,3.902809,2102,4,0.80561657,0.45497579,0.71198878,0.71850531,0.23275093,0.030153952484
8,3.902809,3125,4,0.864285,11.23671148,0.53198102,0.9309899,5.56519437,0.026320651171
8,3.902809,911,4,0.8890862,0.46007473,0.53294004,0.77018219,0.1888427,0.022041870276
8,3.902809,815,4,0.87325829,0.92668235,0.70541674,0.89256495,0.58346725,0.015995025059
8,3.902809,830,4,0.80809406,0.84132051,0.36707739,0.91933329,0.28391746,0.018147431623
8,3.902809,981,4,0.79348109,0.94370027,0.61993589,0.87174468,0.50999998,0.01015472167
8,3.902809,931,4,0.7911514,1.14698168,0.56261858,0.34964347,0.22562955,0.004907266891
8,3.902809,3072,4,0.864285,0.3173278,0.50792841,0.86915174,0.14008971,0.023461384225
8,3.902809,3078,4,0.864285,0.54538433,0.73984935,0.67089488,0.27070759,0.026378694689
8,3.902809,771,4,0.69039592,0.39498997,0.72002994,0.8249579,0.23462183,0.041758407885
8,3.902809,3375,4,0.864285,3.28653517,0.59275016,0.89335315,1.74033613,0.028141702907
8,3.902809,436,4,0.69039592,2.63289422,0.8176111,0.93548875,2.01381125,0.053770854838
8,3.902809,440,4,0.72643372,0.15310298,0.56041611,0.5828284,0.05000748,0.017447424795
8,3.902809,442,4,0.87325829,0.57162633,0.83337408,0.49264069,0.23468347,0.015242061084
8,3.902809,1584,4,0.77380927,1.086372,0.84657826,0.85078015,0.78246158,0.050634444168
8,3.902809,115,4,0.72643372,0.05398555,0.48224228,0.78252031,0.02037222,0.020157697067
8,3.902809,920,4,0.79935446,0.31891313,0.64302906,0.66312701,0.13598773,0.029695280184
8,3.902809,923,4,0.71148285,0.80620232,0.66308643,0.458747,0.24523781,0.021384789081
8,3.902809,871,4,0.95678833,0.71682414,0.871646,0.85808583,0.53614653,0.023163289242
8,3.902809,852,4,0.72643372,0.84449585,0.64636819,0.52058066,0.28416169,0.017974135859
8,3.902809,3285,4,0.88882698,1.69175755,0.63714506,0.49878845,0.53764155,0.020232725157
8,3.902809,38,4,0.66416046,0.53899938,0.55195222,0.34493201,0.10261793,0.010169860326
8,3.902809,51,4,0.72643372,1.21613892,0.80196865,0.90859279,0.88615535,0.038923034631
8,3.902809,1928,4,0.7419351,1.44181273,0.97355041,0.92206299,1.29427895,0.044621298024
8,3.902809,941,4,0.88691375,1.05285674,0.718574,0.71120973,0.53806962,0.007848663885
8,3.902809,945,4,0.77255938,2.27851599,0.89415934,0.50047375,1.01964337,0.015716971288
8,3.902809,964,4,0.77380927,1.69236315,0.69469369,0.74859844,0.88010772,0.036559804309
8,3.902809,4,4,0.80880277,0.20484838,0.33414962,0.97907948,0.067018,0.026016061325
8,3.902809,71,4,0.72643372,0.59134619,0.85815749,0.45231185,0.22953386,0.020734089836
8,3.902809,76,4,0.80880277,1.05209284,0.82072392,0.61117177,0.52773323,0.039888067297
8,3.902809,3901,4,0.80679636,1.36563029,0.76958961,0.50725886,0.53311632,0.014311523351
8,3.902809,279,4,0.66416046,1.15405571,0.8000402,0.74146174,0.68458492,0.031686959604
8,3.902809,284,4,0.87325829,1.76065536,0.44805678,0.98019275,0.77324816,0.01630489355
8,3.902809,285,4,0.89399632,0.21358517,0.90792662,0.97876845,0.18980244,0.072946479853
8,3.902809,1664,4,0.77380927,0.24892849,0.38985131,0.50444417,0.04895383,0.013825272408
8,3.902809,1677,4,0.87065096,0.41854565,0.58976963,0.86591138,0.21374634,0.025385108314
8,3.902809,3607,4,0.80626672,11.88950048,0.67506366,0.83689244,6.71704079,0.051943252528
8,3.902809,582,4,0.72643372,0.33502795,0.7339695,0.87969604,0.21631752,0.034489799343
8,3.902809,584,4,0.87325829,0.94309558,0.66393209,0.36292594,0.22724659,0.006121262467
8,3.902809,1257,4,0.87325829,1.68938159,0.46316206,0.81850213,0.6404431,0.015312228499
8,3.902809,1275,4,0.88691375,1.20050165,0.8982084,0.86386881,0.93151031,0.011916574898
8,3.902809,1276,4,0.77380927,1.68009573,0.64963375,0.77804286,0.84919246,0.035533148644
8,3.902809,2877,4,0.80346855,0.28030312,0.75485601,0.90441193,0.19136316,0.035948026969
8,3.902809,2756,4,0.77380927,3.2192132,0.84172725,0.43594545,1.18128115,0.025796757765
8,3.902809,2733,4,0.87325829,1.40875953,0.65629449,0.80637734,0.74554514,0.013444244673
8,3.902809,554,4,0.95678833,0.9701298,0.66455217,0.90247802,0.58182926,0.018573556525
8,3.902809,570,4,0.77380927,2.82463923,0.87543626,0.8289038,2.04970637,0.0510141031
8,3.902809,571,4,0.77380927,0.46936809,0.28837781,0.57830748,0.07827701,0.011724173394
8,3.902809,3593,4,0.87325829,0.52755562,0.6630844,0.81796898,0.28613692,0.034943171738
8,3.902809,649,4,0.77380927,0.80780464,0.7416072,0.52775117,0.31616186,0.027514696721
8,3.902809,662,4,0.87325829,0.65169181,0.47573174,0.92058188,0.28540844,0.01112561133
8,3.902809,663,4,0.77255938,2.80114289,0.63325098,0.82478641,1.46302797,0.018343829558
8,3.902809,666,4,0.77255938,2.2781031,0.84182251,0.61918721,1.18745151,0.018306914361
8,3.902809,670,4,0.65987357,0.44538647,0.878407,0.58687589,0.2296038,0.036241289931
8,3.902809,3508,4,0.864285,8.24441923,0.75469068,0.62097816,3.86371767,0.02466502471
8,3.902809,2166,4,0.6854744,1.93701164,0.75278979,0.60842768,0.88718648,0.01608626886
8,3.902809,3929,4,0.95678833,0.25700986,0.70279662,0.73719091,0.13315559,0.00980547322
8,3.902809,3930,4,0.87325829,1.48562321,0.91681331,0.91768145,1.24991804,0.033982745981
8,3.902809,236,4,0.72643372,0.28920122,0.89136825,0.65151548,0.16795078,0.031021437056
8,3.902809,3876,4,0.87325829,1.65522554,0.75163797,0.74244685,0.92370068,0.014176643434
8,3.902809,1754,4,0.77380927,0.49333334,0.90702727,0.64149353,0.28704705,0.040904794631
8,3.902809,2211,4,0.79302716,1.21823779,0.88096623,0.4914715,0.52746016,0.013016491313
8,3.902809,2213,4,0.80679636,4.06539492,0.68853387,0.85845915,2.40296632,0.021669154633
8,3.902809,2898,4,0.89399632,3.42672675,0.32049694,0.76053546,0.83526219,0.011514718467
8,3.902809,1231,4,0.69394752,0.65086555,0.89525879,0.84736061,0.49375118,0.027810826179
8,3.902809,1235,4,0.82018646,0.14992263,0.84142305,0.84297913,0.10634043,0.012381645079
8,3.902809,3582,4,0.77380927,0.05501846,0.88991839,0.82944679,0.04061133,0.051891987294
8,3.902809,630,4,0.95678833,6.68904868,0.49582737,0.41207567,1.3666957,0.006327568102
8,3.902809,714,4,0.72643372,0.70564183,0.92665898,0.84210707,0.55064484,0.041683796488
8,3.902809,716,4,0.77380927,0.70386249,0.81728415,0.81632202,0.46959386,0.046902520162
8,3.902809,723,4,0.87325829,0.15119257,0.731118,0.73336974,0.08106641,0.013621025243
8,3.902809,731,4,0.93957061,1.83640083,0.7444743,0.71309568,0.97491106,0.007708831935
9,6.728654,0,0,0.0,0.84540694,0.78902589,0.89540553,0.59727843,0.706498139636
9,6.728654,1,1,0.326205,4.89786675,0.85211227,0.55985628,2.33657829,0.293432844815
9,6.728654,814,1,0.38551023,0.27015346,0.96190097,0.85194113,0.22138617,0.504051951676
9,6.728654,141,1,0.38551023,0.117087,0.72429514,0.42564615,0.03609715,0.189626763052
9,6.728654,310,1,0.38551023,1.11407325,0.68224049,0.52020081,0.39538689,0.218295039371
9,6.728654,18,1,0.33386166,0.36406621,0.77332669,0.66753644,0.18793962,0.317521642463
9,6.728654,37,1,0.33386166,0.48145424,0.7682358,0.72249038,0.2672278,0.341398778507
9,6.728654,38,1,0.326205,4.63792385,0.75077055,0.62320039,2.16999414,0.287786420957
9,6.728654,14,1,0.38551023,0.45073015,0.54074423,0.89755042,0.21875972,0.298528710882
9,6.728654,67,2,0.50500281,0.38212899,0.52641871,0.67872005,0.13653122,0.089519288294
9,6.728654,2568,2,0.50500281,1.03608999,0.6353018,0.56338804,0.37083881,0.091436745232
9,6.728654,2122,2,0.50500281,5.49192597,0.77433037,0.7204804,3.06388977,0.139779373508
9,6.728654,58,2,0.50500281,0.50725981,0.76681694,0.62962186,0.24490743,0.120966781169
9,6.728654,47,2,0.50500281,1.00669464,0.87781396,0.89325538,0.78936139,0.196459372909
9,6.728654,2,2,0.43312149,12.41984415,0.93381242,0.81314989,9.43075368,0.193982837946
9,6.728654,4,2,0.44727777,1.34977346,0.68954836,0.72154541,0.6715669,0.127104654171
9,6.728654,2640,2,0.5451938,0.60887844,0.92549312,0.8739882,0.49250354,0.153725869921
9,6.728654,2620,2,0.5099821,0.12387133,0.62691619,0.85019586,0.06602361,0.14734185557
9,6.728654,2985,2,0.50500281,0.1572529,0.51100775,0.38602079,0.03101965,0.05039311773
9,6.728654,613,2,0.50500281,1.796143,0.44731234,0.9339977,0.75040824,0.106730793953
9,6.728654,3603,2,0.50500281,1.42988596,0.84250891,0.68335722,0.82323475,0.144250364567
9,6.728654,1630,2,0.50500281,0.2967056,0.84048395,0.50535789,0.12602428,0.106419964202
9,6.728654,3282,2,0.50500281,0.12291021,0.94381091,0.75401399,0.08746863,0.178303153673
9,6.728654,484,2,0.50500281,1.25004307,0.74732985,0.87854471,0.82073164,0.16772942278
9,6.728654,184,2,0.50500281,0.86222652,0.9310608,0.71719684,0.57575509,0.167305814566
9,6.728654,170,2,0.46392911,2.95529148,0.76047289,0.80724394,1.81421543,0.15682727139
9,6.728654,176,2,0.50500281,1.02535983,0.52259204,0.57176036,0.30637486,0.076332570026
9,6.728654,185,2,0.50500281,0.28294826,0.54383213,0.80491532,0.12385744,0.109675515465
9,6.728654,133,2,0.42683068,3.23470766,0.82636818,0.93930596,2.5108207,0.198295891867
9,6.728654,159,2,0.50500281,1.22680881,0.80192385,0.64500109,0.63455674,0.132137665528
9,6.728654,124,2,0.44022475,1.64512048,0.96169561,0.66728937,1.05572194,0.160785346171
9,6.728654,1327,2,0.50500281,11.3088238,0.64767212,0.17470984,1.27964646,0.028350922161
9,6.728654,482,2,0.50500281,2.66559317,0.880897,0.80327519,1.88618093,0.180768408796
9,6.728654,421,2,0.50500281,2.34703702,0.91621584,0.94024978,2.02190607,0.215841854878
9,6.728654,1693,2,0.50500281,0.46485704,0.46460139,0.72272139,0.15608847,0.084129061533
9,6.728654,1680,2,0.44022475,0.15775739,0.69661682,0.75756604,0.08325382,0.134817883539
9,6.728654,1034,2,0.50500281,0.42899203,0.79282305,0.62920908,0.2140033,0.124987296342
9,6.728654,30,2,0.44084604,1.11171257,0.80603685,0.73912323,0.6623145,0.152196547965
9,6.728654,70,2,0.46676901,3.3007692,0.60911775,0.618799,1.24413073,0.096290603908
9,6.728654,93,2,0.50500281,0.76264722,0.87597738,0.8902279,0.59472717,0.195383876235
9,6.728654,257,2,0.4848476,0.47333536,0.79308776,0.65947054,0.24756292,0.13361330437
9,6.728654,264,2,0.4414985,1.14912001,0.87535031,0.68643227,0.69047025,0.153501504729
9,6.728654,46,2,0.46676901,0.73086685,0.90237019,0.61466458,0.40537895,0.141695473578
9,6.728654,275,2,0.50500281,0.09796007,0.68146794,0.80692541,0.05386764,0.140479151365
9,6.728654,165,2,0.47755615,2.64966664,0.95984853,0.83366349,2.12023856,0.204421486926
9,6.728654,173,2,0.40431969,0.49967649,0.86992781,0.77755264,0.33798851,0.169475780609
9,6.728654,1321,2,0.50500281,0.92772683,0.63783498,0.80181124,0.47446108,0.130651237636
9,6.728654,867,3,0.613741,4.17782295,0.83427548,0.60276179,2.10089927,0.089496503854
9,6.728654,796,3,0.57515439,1.55843175,0.8385855,0.74690676,0.97611621,0.108131389648
9,6.728654,913,3,0.57983822,3.10655554,0.50156741,0.32628359,0.50839781,0.02763835455
9,6.728654,904,3,0.57983822,4.49810607,0.72659346,0.94557857,3.0904292,0.116031723754
9,6.728654,868,3,0.63533139,1.29398322,0.87788235,0.55849369,0.6344293,0.046815384979
9,6.728654,56,3,0.52608991,1.04940902,0.49366596,0.60603074,0.31395877,0.050526063946
9,6.728654,2330,3,0.60538537,0.34051434,0.87682002,0.53334206,0.15923983,0.03920347185
9,6.728654,2322,3,0.63533139,2.50660429,0.95602371,0.60496461,1.44972095,0.098381103123
9,6.728654,863,3,0.57983822,0.32956172,0.75513533,0.70356494,0.17509177,0.089725650462
9,6.728654,69,3,0.57983822,0.24425185,0.7514332,0.87821287,0.16118627,0.111449420256
9,6.728654,64,3,0.57983822,4.95739001,0.78360699,0.44808241,1.74064131,0.059298517694
9,6.728654,120,3,0.57983822,0.90735214,0.35280176,0.58925232,0.18862876,0.035109098703
9,6.728654,123,3,0.57983822,0.66543942,0.73098346,0.46441076,0.2259011,0.057332048564
9,6.728654,119,3,0.57983822,0.94298836,0.96437134,0.57115673,0.51940476,0.093022332874
9,6.728654,2507,3,0.63533139,0.26799305,0.53457925,0.66082173,0.09467165,0.032825434481
9,6.728654,2236,3,0.63533139,9.75617292,0.67556341,0.82355422,5.42797456,0.013732507141
9,6.728654,2497,3,0.63533139,12.91031445,0.79550622,0.93159519,9.56770201,0.018292048284
9,6.728654,595,3,0.56984335,8.91818089,0.77504066,0.88019525,6.08386803,0.079355593084
9,6.728654,3035,3,0.60319844,0.22851277,0.79687371,0.85975328,0.15655748,0.093542560924
9,6.728654,2911,3,0.63533139,0.92054813,0.71452104,0.96596146,0.63536213,0.129698458987
9,6.728654,2752,3,0.60538537,0.75573245,0.78658425,0.87171832,0.51819055,0.057481707669
9,6.728654,988,3,0.55865244,0.16514265,0.74062632,0.35669961,0.04362757,0.038979274231
9,6.728654,2207,3,0.63533139,2.80604515,0.72898974,0.85435539,1.74765069,0.045617381354
9,6.728654,2164,3,0.51568019,0.59948649,0.69122758,0.93213432,0.38625931,0.111234012453
9,6.728654,670,3,0.58612205,1.85542963,0.79020682,0.71346432,1.04606223,0.07534423046
9,6.728654,2705,3,0.63533139,1.20530496,0.58035729,0.75022753,0.52478979,0.034660396457
9,6.728654,2564,3,0.57515439,2.37225802,0.53430376,0.7873695,0.99799587,0.072628130549
9,6.728654,140,3,0.63533139,1.07815593,0.47890293,0.64855761,0.33487107,0.052833466901
9,6.728654,139,3,0.57983822,0.88033207,0.91675094,0.88648192,0.71543102,0.137248902837
9,6.728654,147,3,0.57983822,15.64506419,0.88519387,0.69099973,9.56959647,0.103300854377
9,6.728654,155,3,0.57515439,0.7616577,0.87097357,0.84765649,0.56232152,0.127456771777
9,6.728654,156,3,0.57983822,0.29100809,0.59675861,0.87120361,0.1512946,0.087802322384
9,6.728654,2694,3,0.63533139,2.27405677,0.46834562,0.61382717,0.65375327,0.034984847895
9,6.728654,178,3,0.60319844,0.73969066,0.44288174,0.83644203,0.27401463,0.050578917814
9,6.728654,181,3,0.60319844,1.49531415,0.91246105,0.84415302,1.15177581,0.10516746965
9,6.728654,166,3,0.58563075,0.43355906,0.66072441,0.68973354,0.19758318,0.060385244474
9,6.728654,186,3,0.5468618,0.28979538,0.64377533,0.69521938,0.12970229,0.075586431444
9,6.728654,1856,3,0.60319844,0.39974588,0.70643032,0.60362443,0.17045907,0.058221320495
9,6.728654,1074,3,0.5468618,0.33409898,0.82896028,0.40105321,0.1110736,0.056146585714
9,6.728654,3150,3,0.63533139,3.67450963,0.74192915,0.41978075,1.14441711,0.028940033075
9,6.728654,544,3,0.63533139,23.87795444,0.60626888,0.76270501,11.04126899,0.067523578952
9,6.728654,3199,3,0.5449802,0.57927396,0.55378154,0.84702169,0.27171712,0.0834802753
9,6.728654,505,3,0.57983822,3.12583759,0.42357566,0.52133059,0.69025668,0.03729338857
9,6.728654,3845,3,0.63533139,1.60630613,0.6191624,0.68652552,0.68279381,0.072704005749
9,6.728654,1968,3,0.60538537,1.36192862,0.75109287,0.78042852,0.79832755,0.072311451259
9,6.728654,2020,3,0.63533139,1.13404978,0.83861503,0.88258797,0.83936869,0.054211449503
9,6.728654,1041,3,0.57983822,1.79666733,0.89865195,0.81557434,1.31680889,0.123777787511
9,6.728654,2037,3,0.60319844,0.19022786,0.77254829,0.67874792,0.09974893,0.071594566006
9,6.728654,604,3,0.57983822,0.71447984,0.8103271,0.81385661,0.47119236,0.111377097268
9,6.728654,3333,3,0.63533139,1.83339071,0.63632492,0.70922727,0.82740736,0.071024996041
9,6.728654,469,3,0.58612205,7.76729813,0.89725688,0.61704627,4.30035692,0.073989738727
9,6.728654,468,3,0.59048755,1.856281,0.81838823,0.5091702,0.77351025,0.04611138165
9,6.728654,3172,3,0.63533139,0.4086552,0.78610015,0.92486075,0.29710589,0.057876107777
9,6.728654,1852,3,0.60319844,0.27147293,0.78394795,0.79263344,0.16868876,0.084840952493
9,6.728654,1792,3,0.63533139,1.81814803,0.44695416,0.86355288,0.70174796,0.072529037335
9,6.728654,430,3,0.63533139,0.29510159,0.76818376,0.79534819,0.18029927,0.104500772321
9,6.728654,428,3,0.63533139,3.84656081,0.52328067,0.81699132,1.64446539,0.080336355815
9,6.728654,211,3,0.57983822,0.56983678,0.73324782,0.70896964,0.2962299,0.087794245912
9,6.728654,1449,3,0.60319844,1.42332107,0.85194985,0.86896264,1.05370251,0.101079027114
9,6.728654,1438,3,0.63533139,1.92309492,0.68748019,0.83156734,1.09940658,0.01411071857
9,6.728654,1436,3,0.57515439,1.43569456,0.72514126,0.95564061,0.99489963,0.119634175216
9,6.728654,1141,3,0.54135583,6.57263648,0.58670327,0.73465156,2.83295401,0.072792653337
9,6.728654,207,3,0.57983822,1.30825285,0.43126298,0.63314204,0.35721939,0.046113806662
9,6.728654,208,3,0.57983822,2.63714862,0.78906732,0.78926779,1.64237771,0.105178282523
9,6.728654,1774,3,0.63533139,2.27104006,0.46447584,0.85256964,0.89932733,0.074413715663
9,6.728654,1716,3,0.58612205,0.59810919,0.95268981,0.86421999,0.49244338,0.110030425412
9,6.728654,1750,3,0.57983822,0.67212086,0.81063506,0.63254732,0.34464008,0.086597637623
9,6.728654,1747,3,0.63533139,0.41452366,0.53595717,0.75402284,0.16751894,0.063600634822
9,6.728654,220,3,0.57983822,2.81932959,0.46649213,0.58993973,0.77588581,0.046477161631
9,6.728654,3458,3,0.60319844,9.97533189,0.64541962,0.84888828,5.46537614,0.074806376327
9,6.728654,50,3,0.5468618,0.71869111,0.74228172,0.60193705,0.32111613,0.07545838032
9,6.728654,5,3,0.5468618,2.05912762,0.6059517,0.49869926,0.62224297,0.051034559638
9,6.728654,48,3,0.59048755,5.02902564,0.82487667,0.66426614,2.75559245,0.060634097712
9,6.728654,2404,3,0.57983822,0.3317115,0.85537762,0.76646457,0.21747558,0.110722939942
9,6.728654,6,3,0.52901221,0.95713607,0.76080859,0.75702488,0.5512635,0.063734024228
9,6.728654,1399,3,0.613741,0.93745131,0.45216049,0.71520167,0.30315857,0.057553535455
9,6.728654,104,3,0.59048755,0.65446305,0.69130999,0.77294092,0.34970695,0.059129596325
9,6.728654,3,3,0.57983822,1.97828368,0.64954608,0.8554771,1.09927645,0.093843888041
9,6.728654,33,3,0.57983822,0.51998639,0.68749476,0.50260071,0.17967368,0.058355276652
9,6.728654,103,3,0.57983822,1.24615359,0.80018744,0.72529694,0.72323452,0.098015602566
9,6.728654,32,3,0.57983822,0.36330747,0.64626321,0.9265398,0.21754437,0.101125608641
9,6.728654,315,3,0.613741,1.03276987,0.50917315,0.52474054,0.27593937,0.047551145884
9,6.728654,314,3,0.613741,4.31226898,0.76616374,0.92901452,3.0693749,0.126676182585
9,6.728654,304,3,0.63533139,0.95208272,0.90746002,0.87476645,0.7557781,0.091320983033
9,6.728654,1184,3,0.57983822,0.74608894,0.45939065,0.89381995,0.30635347,0.069345748347
9,6.728654,1643,3,0.60538537,2.35364066,0.61154314,0.66702361,0.96008231,0.034196097805
9,6.728654,1621,3,0.57983822,0.09796362,0.68200839,0.19275032,0.01287804,0.022200995885
9,6.728654,327,3,0.63533139,0.4596401,0.35525336,0.94483872,0.15428148,0.057410716202
9,6.728654,1179,3,0.58612205,0.9544732,0.63039266,0.73259684,0.44079831,0.061718186116
9,6.728654,411,3,0.57515439,0.14363698,0.83593687,0.62340124,0.07485269,0.089966161831
9,6.728654,357,3,0.58612205,0.12640307,0.77989362,0.61394944,0.06052372,0.063988944255
9,6.728654,3612,3,0.57983822,2.18183612,0.73118686,0.6770152,1.0800626,0.083601570861
9,6.728654,1494,3,0.60538537,0.71097166,0.74392107,0.30976689,0.16383781,0.019318352893
9,6.728654,3710,3,0.613741,12.59700298,0.38998902,0.53234104,2.61522797,0.036948192131
9,6.728654,266,3,0.5851632,6.55059665,0.4123917,0.71667602,1.93603699,0.041371720908
9,6.728654,317,3,0.57983822,0.80244969,0.87293576,0.84002522,0.58842677,0.123840371221
9,6.728654,3689,3,0.63533139,0.60834191,0.33508646,0.82701585,0.16858481,0.006840096537
9,6.728654,45,3,0.5468618,0.86530708,0.64808927,0.60154554,0.33734448,0.065840176215
9,6.728654,42,3,0.57983822,0.76081738,0.87017371,0.67059635,0.44396381,0.098549579883
9,6.728654,39,3,0.57983822,0.22401796,0.52076682,0.78064242,0.09107062,0.068656726422
9,6.728654,1267,3,0.63533139,1.5338381,0.49497093,0.93082204,0.706685,0.07880312412
9,6.728654,233,3,0.51829621,0.29018635,0.83616746,0.70208545,0.17035709,0.099145012616
9,6.728654,80,3,0.63533139,0.69216846,0.91172457,0.84612253,0.53396001,0.131945323775
9,6.728654,99,3,0.57983822,1.04083833,0.62548436,0.61469202,0.40018178,0.064932432718
9,6.728654,92,3,0.57983822,4.14752481,0.85020363,0.5075572,1.78976883,0.072877855523
9,6.728654,7,3,0.57983822,1.35169483,0.74082512,0.77183462,0.77289163,0.096566744415
9,6.728654,82,3,0.57983822,0.77969245,0.67061381,0.72801293,0.38065796,0.082451626461
9,6.728654,8,3,0.57983822,1.55919983,0.76073908,0.9459086,1.12198404,0.121526932719
9,6.728654,9,3,0.59048755,0.41721562,0.74107402,0.86856983,0.26855107,0.071228222586
9,6.728654,11,3,0.57983822,3.93647403,0.67252043,0.9431212,2.49678058,0.107117548744
9,6.728654,10,3,0.52308922,0.61307675,0.81623733,0.94097049,0.47087681,0.129711981341
9,6.728654,12,3,0.5468618,0.206207,0.76660479,0.85360636,0.13493748,0.110513875361
9,6.728654,3730,3,0.63533139,2.67990964,0.82174336,0.57958764,1.27636672,0.057959247671
9,6.728654,17,3,0.57983822,0.586332,0.85663842,0.7930284,0.39831796,0.114729190331
9,6.728654,23,3,0.57983822,0.31663911,0.51786968,0.97697341,0.16020195,0.085445829399
9,6.728654,3086,4,0.69629771,2.74780757,0.64584802,0.74661559,1.32499335,0.030594777429
9,6.728654,3041,4,0.70519053,1.82128525,0.84288722,0.81668654,1.25372659,0.036338426165
9,6.728654,538,4,0.70153917,0.24116579,0.74307654,0.40067388,0.07180262,0.019178754911
9,6.728654,539,4,0.69629771,4.57810945,0.90748174,0.78327138,3.2541407,0.05756542451
9,6.728654,26,4,0.69629771,1.93339316,0.44589886,0.69409025,0.59837368,0.028862720317
9,6.728654,29,4,0.69629771,0.55197064,0.8527522,0.89569122,0.42159664,0.062403864538
9,6.728654,31,4,0.69629771,0.41866637,0.60587884,0.54767051,0.1389227,0.027110371128
9,6.728654,19,4,0.69629771,0.49947949,0.81512189,0.50927594,0.20734491,0.038713342728
9,6.728654,492,4,0.70519053,0.42625275,0.9721552,0.75479492,0.31277481,0.038735201377
9,6.728654,1872,4,0.74314475,0.25867534,0.93298906,0.59566544,0.14375865,0.038870077871
9,6.728654,1830,4,0.69629771,0.35182554,0.57336125,0.36363292,0.07335317,0.022059131059
9,6.728654,1837,4,0.70153917,0.07089585,0.87379344,0.62810818,0.03891025,0.035354040038
9,6.728654,3218,4,0.69629771,1.16843925,0.89466138,0.68764096,0.71883061,0.055328471149
9,6.728654,3219,4,0.59959554,6.10185215,0.4157856,0.48756839,1.23699138,0.012847448111
9,6.728654,483,4,0.70153917,0.20761619,0.63491575,0.81722815,0.10772603,0.033423755301
9,6.728654,489,4,0.70519053,2.02227904,0.70942459,0.50702427,0.72740464,0.018987869409
9,6.728654,1143,4,0.74314475,3.5960532,0.90503099,0.56440058,1.83686404,0.030028295799
9,6.728654,445,4,0.69629771,0.60428183,0.65215877,0.60471174,0.23830945,0.035467451069
9,6.728654,3316,4,0.74314475,1.93506727,0.60069237,0.74405813,0.86487839,0.026274760243
9,6.728654,1092,4,0.68799679,1.06892078,0.73377662,0.67049908,0.52590534,0.03399099907
9,6.728654,3176,4,0.69629771,0.92635581,0.64759382,0.65147341,0.39082039,0.042618725575
9,6.728654,3190,4,0.69629771,2.73466644,0.64719694,0.69682042,1.23328,0.040558844171
9,6.728654,1803,4,0.72477318,0.70006336,0.84369192,0.9199253,0.54334266,0.060473743354
9,6.728654,1806,4,0.74314475,1.43205351,0.85493048,0.62868714,0.76970556,0.031596949988
9,6.728654,1065,4,0.70519053,5.02163316,0.68306345,0.79232814,2.71776006,0.028569811603
9,6.728654,1862,4,0.70073826,0.65577561,0.86391058,0.6847713,0.3879445,0.021307978804
9,6.728654,3260,4,0.74314475,2.08374887,0.92663526,0.67461427,1.30259595,0.039473041225
9,6.728654,460,4,0.69629771,0.42485869,0.60221629,0.79593151,0.20364451,0.043891315793
9,6.728654,462,4,0.65221831,0.65946504,0.54714707,0.62670137,0.22612912,0.015083582901
9,6.728654,463,4,0.69629771,3.67856076,0.82915755,0.77581853,2.36632908,0.057852942019
9,6.728654,467,4,0.69629771,1.22390086,0.87289552,0.45170291,0.4825712,0.035460381078
9,6.728654,448,4,0.69629771,4.64126128,0.75132731,0.84312793,2.94007678,0.058006018757
9,6.728654,66,4,0.65221831,1.25525751,0.51964122,0.6405191,0.41780007,0.014641159571
9,6.728654,840,4,0.74314475,6.57387532,0.74028809,0.84055038,4.09059024,0.036580050175
9,6.728654,52,4,0.69629771,0.90704795,0.79730753,0.62929524,0.4551039,0.04099308765
9,6.728654,53,4,0.69629771,0.90390066,0.64324173,0.78679995,0.45746643,0.053547031293
9,6.728654,2382,4,0.69629771,1.16509374,0.55654505,0.4171488,0.27049061,0.011985592066
9,6.728654,2383,4,0.70153917,3.19551333,0.85101576,0.86328824,2.34765383,0.048191201777
9,6.728654,2493,4,0.68799679,1.69694983,0.70392916,0.70073541,0.8370512,0.034078846824
9,6.728654,909,4,0.68799679,0.34464108,0.89535872,0.77544739,0.23928554,0.047967963213
9,6.728654,842,4,0.70153917,0.06988332,0.62831376,0.82703239,0.03631388,0.034085794344
9,6.728654,847,4,0.69629771,0.68943865,0.65518388,0.86728291,0.39175957,0.022812836796
9,6.728654,852,4,0.74314475,0.24708724,0.81341475,0.61971229,0.1245525,0.029633430761
9,6.728654,855,4,0.70519053,0.44656428,0.87207927,0.81500702,0.31739589,0.037519631113
9,6.728654,860,4,0.69629771,0.85028554,0.90188915,0.90833878,0.69657168,0.075015572147
9,6.728654,2433,4,0.74314475,1.02458238,0.83345302,0.80251686,0.68530228,0.02726140413
9,6.728654,808,4,0.70073826,1.01352766,0.27928741,0.78095152,0.22106045,0.007856033975
9,6.728654,810,4,0.70073826,0.27026343,0.82867212,0.77738138,0.17410215,0.023203034023
9,6.728654,1518,4,0.74314475,2.35737114,0.68173717,0.82770007,1.33020301,0.033171854124
9,6.728654,1530,4,0.69629771,1.6040246,0.68890172,0.98566457,1.08917444,0.06217800997
9,6.728654,235,4,0.65221831,2.35834874,0.68070003,0.73452889,1.17915984,0.021994011476
9,6.728654,236,4,0.69629771,0.5289669,0.784794,0.89151622,0.37009517,0.06292354216
9,6.728654,1505,4,0.69629771,0.95657656,0.55956549,0.76159481,0.40765675,0.043050279622
9,6.728654,3752,4,0.74314475,1.53100042,0.85959513,0.61105774,0.80417674,0.030878484699
9,6.728654,2363,4,0.68799679,3.86818655,0.59487732,0.7844628,1.80512456,0.032240490184
9,6.728654,2308,4,0.74314475,0.75114489,0.64318056,0.70337081,0.33981376,0.026594818471
9,6.728654,20,4,0.69629771,1.77280495,0.90504991,0.65945931,1.05808727,0.04876304918
9,6.728654,3994,4,0.612652,9.64028654,0.88876526,0.52831137,4.52654636,0.032439854738
10,11.600564,0,0,0.0,2.59736713,0.69448547,0.85655236,1.54507804,0.594863167361
10,11.600564,1,1,0.29360298,0.41434954,0.88568035,0.75730637,0.27791724,0.367328664711
10,11.600564,4,1,0.24872825,1.0082811,0.60421277,0.58097454,0.35393917,0.192244179349
10,11.600564,2,1,0.21642437,0.22018392,0.82421489,0.79361511,0.14402437,0.358225570988
10,11.600564,2604,1,0.29360298,0.84011391,0.82105991,0.97738481,0.67418426,0.439487602205
10,11.600564,498,1,0.29360298,6.31861559,0.86764057,0.79175463,4.3406263,0.376215479303
10,11.600564,484,1,0.29360298,0.54394774,0.53459039,0.58866545,0.17117758,0.172343891324
10,11.600564,2827,1,0.26385696,2.08006889,0.60950163,0.74438197,0.94373147,0.2484716914
10,11.600564,27,1,0.25009054,1.00557687,0.65593953,0.75102521,0.49537444,0.269789170436
10,11.600564,75,1,0.22815092,2.77752439,0.5855695,0.85792705,1.39536135,0.275128135344
10,11.600564,353,1,0.29360298,0.33689938,0.97589832,0.48268682,0.15869755,0.257974163652
10,11.600564,51,2,0.33852815,1.18364127,0.78052457,0.84033699,0.77635465,0.16291223141
10,11.600564,5,2,0.24120178,9.01497285,0.51901521,0.34127909,1.59681349,0.058416491762
10,11.600564,3,2,0.30805362,0.3830142,0.57629697,0.289528,0.06390749,0.055027857884
10,11.600564,123,2,0.31962164,0.87551582,0.89619744,0.85731678,0.67268079,0.190835275971
10,11.600564,6,2,0.27396633,1.17865682,0.73820219,0.83782174,0.72897784,0.109463485309
10,11.600564,1690,2,0.28194926,4.43640666,0.64643331,0.90431457,2.59343043,0.148070102745
10,11.600564,3758,2,0.39474448,0.58033338,0.56020118,0.82332984,0.26766737,0.105507639791
10,11.600564,732,2,0.41521731,0.88211919,0.37705168,0.78356753,0.2606181,0.102330027303
10,11.600564,870,2,0.41521731,0.92119581,0.75841294,0.50939288,0.35588572,0.133808710547
10,11.600564,3594,2,0.3856786,0.99960682,0.95920522,0.68046077,0.6524449,0.162116888454
10,11.600564,3614,2,0.38479663,3.25464135,0.78944326,0.65738801,1.68906295,0.091851238032
10,11.600564,3066,2,0.32569396,0.88933911,0.49190415,0.71455617,0.3125966,0.080404970261
10,11.600564,458,2,0.27819271,10.00746722,0.67901396,0.29152883,1.98099963,0.050140001402
10,11.600564,502,2,0.41521731,0.93981447,0.60961325,0.59640035,0.34169169,0.086349061836
10,11.600564,170,2,0.37182731,0.24191275,0.81548976,0.73038487,0.14408841,0.150867052564
10,11.600564,3524,2,0.39474448,1.9096077,0.6062933,0.913851,1.05804056,0.126743062104
10,11.600564,1067,2,0.41521731,0.63263306,0.72034892,0.50960441,0.23223516,0.124142367481
10,11.600564,3274,2,0.37182731,0.12497054,0.48979102,0.65347094,0.0399986,0.081070194875
10,11.600564,132,2,0.37182731,1.06117988,0.82189723,0.640325,0.55847918,0.133303668656
10,11.600564,3300,2,0.41521731,2.20885493,0.69345901,0.9119664,1.39690484,0.219040997194
10,11.600564,62,2,0.3856786,0.11404618,0.68781133,0.78179326,0.06132563,0.133559528969
10,11.600564,3855,2,0.41521731,1.02857004,0.43080387,0.91841658,0.40696136,0.160086627907
10,11.600564,72,2,0.29718918,0.44660629,0.91199122,0.85221284,0.34710715,0.256321142728
10,11.600564,336,2,0.37182731,0.05169373,0.62406954,0.75501405,0.02435712,0.119347175796
10,11.600564,19,2,0.28984538,0.34294165,0.88340149,0.6673735,0.20218425,0.194434258565
10,11.600564,1230,3,0.40446742,2.67268746,0.75719655,0.9834741,1.99030545,0.034375182725
10,11.600564,1351,3,0.40446742,1.0599747,0.85735014,0.5967822,0.54233744,0.023618240662
10,11.600564,936,3,0.40157223,0.60660593,0.75901217,0.54380057,0.25037735,0.041595541664
10,11.600564,792,3,0.34648383,0.69163974,0.5782849,0.69716714,0.27884233,0.018610250666
10,11.600564,1816,3,0.34636209,2.76676084,0.73245348,0.85063346,1.7238288,0.028760469488
10,11.600564,676,3,0.37997501,0.44099137,0.26982324,0.72765999,0.08658406,0.010559234558
10,11.600564,2492,3,0.37997501,0.9384774,0.61052649,0.94600007,0.54202523,0.031061346095
10,11.600564,2809,3,0.37997501,0.30171346,0.31057497,0.54684895,0.05124229,0.009133945714
10,11.600564,1936,3,0.40446742,0.15748143,0.76557459,0.96042636,0.11579263,0.033941032022
10,11.600564,2471,3,0.40446742,0.10970109,0.42706788,0.5533956,0.02592648,0.01090953083
10,11.600564,767,3,0.50853528,0.37794028,0.71061165,0.39737783,0.10672327,0.022448260862
10,11.600564,800,3,0.40157223,0.58952975,0.86796173,0.44855058,0.22951852,0.039234704729
10,11.600564,3638,3,0.48401566,0.72124936,0.80799338,0.84916453,0.49486312,0.058019473299
10,11.600564,3601,3,0.50853528,0.53401131,0.4921762,0.73823023,0.19402732,0.028884122717
10,11.600564,33,3,0.34228514,1.68112693,0.46728376,0.39575925,0.31089395,0.009945722848
10,11.600564,191,3,0.40157223,1.00687359,0.70627029,0.65479988,0.46564451,0.046605580663
10,11.600564,752,3,0.40446742,0.4019998,0.57848847,0.6481417,0.15072681,0.017307651154
10,11.600564,733,3,0.40446742,0.09555535,0.37972118,0.85241365,0.03092931,0.014941309912
10,11.600564,803,3,0.37997501,1.08672902,0.7918021,0.91793291,0.7898577,0.039088785736
10,11.600564,1340,3,0.37997501,1.2533428,0.65055253,0.49576858,0.40423251,0.017345465517
10,11.600564,137,3,0.44811162,2.3361036,0.85221312,0.63216494,1.2585507,0.080801873213
10,11.600564,127,3,0.32280199,3.09077677,0.97995379,0.80898554,2.4502703,0.139281723728
10,11.600564,133,3,0.43400541,3.08823777,0.75912954,0.82334231,1.93022107,0.109810557883
10,11.600564,154,3,0.37997501,0.07788706,0.84499022,0.77749868,0.05117014,0.035332627419
10,11.600564,1425,3,0.40157223,0.48883356,0.88983481,0.56783316,0.2469967,0.050920016242
10,11.600564,3187,3,0.40706031,2.16273685,0.69722823,0.82833054,1.24905717,0.078729071948
10,11.600564,977,3,0.34117863,1.13960206,0.76102009,0.70712085,0.61325767,0.028941054635
10,11.600564,3051,3,0.35259602,0.58175107,0.88364794,0.75186236,0.38650472,0.118926741677
10,11.600564,595,3,0.30842375,1.84882827,0.49975602,0.98586096,0.9108991,0.026497096691
10,11.600564,616,3,0.47377026,0.22087414,0.62760226,0.80199002,0.11117275,0.061771007203
10,11.600564,527,3,0.362594,5.20470163,0.88565502,0.61745116,2.84618441,0.129044870728
10,11.600564,68,3,0.37997501,2.48632884,0.80546108,0.81187585,1.62589596,0.035168899189
10,11.600564,10,3,0.3122244,0.40886529,0.84918859,0.52389413,0.181898,0.023926119995
10,11.600564,9,3,0.37997501,1.63452937,0.93433449,0.96237688,1.46973924,0.048358425485
10,11.600564,563,3,0.40446742,2.00028218,0.47869386,0.77815128,0.74509759,0.017194729702
10,11.600564,559,3,0.37997501,0.12799777,0.54633239,0.73395069,0.05132468,0.021564948381
10,11.600564,90,3,0.37997501,0.99999181,0.92282038,0.64761785,0.59763005,0.032141088265
10,11.600564,84,3,0.44811162,2.21009342,0.50975387,0.76224133,0.85874388,0.058276818553
10,11.600564,551,3,0.32702257,0.65344319,0.9221191,0.72289248,0.43558063,0.030770473719
10,11.600564,232,3,0.37997501,0.26398506,0.84744736,0.88234806,0.19739313,0.040213998417
10,11.600564,2683,3,0.37065255,0.86080026,0.7673318,0.58287712,0.38500166,0.067081538704
10,11.600564,309,3,0.35467176,1.15066758,0.73291899,0.94309309,0.7953539,0.069657667245
10,11.600564,2277,3,0.40446742,1.97094419,0.71048996,0.70836154,0.99194421,0.02323198829
10,11.600564,3921,3,0.37997501,0.13901663,0.56625942,0.6773948,0.05332416,0.020629176428
10,11.600564,2056,3,0.47377026,0.96697268,0.79449549,0.74292913,0.57075934,0.081982724902
10,11.600564,2510,3,0.40446742,1.66402079,0.85506956,0.74179582,1.0554668,0.029279205675
10,11.600564,2057,3,0.41256885,2.29128701,0.64392882,0.83469651,1.23153272,0.096211806898
10,11.600564,34,3,0.35059135,1.08078539,0.75477655,0.51970645,0.4239513,0.0210960476
10,11.600564,2989,3,0.40446742,0.62739081,0.57221301,0.65341347,0.23457621,0.017259144767
10,11.600564,884,3,0.40446742,1.15505946,0.75405422,0.80950267,0.70505858,0.028176971899
10,11.600564,1708,3,0.40446742,3.33759329,0.35713022,0.68093707,0.81164663,0.011225534726
10,11.600564,8,3,0.37997501,1.0410055,0.76582479,0.61088015,0.48701065,0.025159964445
10,11.600564,12,3,0.3612971,1.21820669,0.57290931,0.81215005,0.56681735,0.023571861573
10,11.600564,20,3,0.33077829,5.75389616,0.67764214,0.88940999,3.46788293,0.03241357987
10,11.600564,24,3,0.33357524,0.71985152,0.44524758,0.75952351,0.24343651,0.018187264133
10,11.600564,26,3,0.40157223,0.50433564,0.73445364,0.78245714,0.28983085,0.05791396941
10,11.600564,18,3,0.31381742,2.02280563,0.68242475,0.26462677,0.36529413,0.009712099592
10,11.600564,76,3,0.36839083,0.56404963,0.50940309,0.7597433,0.218296,0.019606504834
10,11.600564,15,3,0.42555815,1.72440428,0.55642926,0.88266574,0.84692572,0.024881579998
10,11.600564,13,3,0.36057439,1.01437595,0.94919218,0.75089584,0.72299084,0.038331731908
10,11.600564,1590,3,0.40446742,0.88027587,0.93205546,0.79712561,0.65401441,0.034295882357
10,11.600564,7,3,0.36057439,1.36176722,0.76714682,0.75410258,0.7877924,0.03111239923
10,11.600564,39,3,0.37997501,0.47910911,0.62576562,0.81676608,0.24487465,0.027487420376
10,11.600564,2420,3,0.40446742,0.21517816,0.67116936,0.437853,0.06323516,0.013565440847
10,11.600564,28,3,0.40157223,0.2074455,0.63998966,0.73759511,0.09792532,0.047571777838
10,11.600564,41,3,0.33432679,0.33387737,0.44349554,0.68995533,0.10216384,0.016456399695
10,11.600564,2442,3,0.47377026,0.62809308,0.82059949,0.48619338,0.25059032,0.055414549518
10,11.600564,1497,4,0.53573009,4.97704444,0.888295,0.97376658,4.30510356,0.06434615965
10,11.600564,3119,4,0.52398799,13.58357685,0.63628599,0.35365342,3.05664055,0.022749059298
10,11.600564,1051,4,0.35970037,1.00776854,0.64251173,0.25427697,0.16464513,0.001460798593
10,11.600564,150,4,0.45095657,2.24558159,0.73697198,0.92011051,1.52271914,0.006208925352
10,11.600564,141,4,0.45720131,0.71085792,0.93679832,0.30270767,0.20158227,0.012624982773
10,11.600564,3223,4,0.53573009,0.63325188,0.48024105,0.3325498,0.1011329,0.011880275837
10,11.600564,1481,4,0.49979656,0.10131983,0.72635352,0.71868406,0.05289085,0.013541584954
10,11.600564,1170,4,0.38410984,0.65167544,0.86471969,0.88061908,0.49624345,0.0976442536
10,11.600564,136,4,0.40256019,2.09984666,0.75971106,0.67677305,1.07964029,0.004707788842
10,11.600564,2409,4,0.46655881,1.20132724,0.78889296,0.73482917,0.69641128,0.068870674202
10,11.600564,29,4,0.46499096,1.96204186,0.90852159,0.5912755,1.05398251,0.018957134712
10,11.600564,30,4,0.3667515,0.51895936,0.44241392,0.39857933,0.09151176,0.002952568931
10,11.600564,32,4,0.48019133,1.0847399,0.67070897,0.74542448,0.5423297,0.011580756024
10,11.600564,35,4,0.41721254,1.58796469,0.81010727,0.84031789,1.08100321,0.0203143185
10,11.600564,31,4,0.4974565,1.89422868,0.76992968,0.5737742,0.83680542,0.019347754941
10,11.600564,37,4,0.48019133,0.07697109,0.87772911,0.88759208,0.05996552,0.018045672006
10,11.600564,3499,4,0.48019133,0.88647543,0.957429,0.80663943,0.68462495,0.017888962991
10,11.600564,1407,4,0.43635288,0.61598713,0.69622961,0.82514376,0.35387815,0.073665706797
10,11.600564,1205,4,0.39009432,0.05089953,0.84080883,0.63146869,0.02702482,0.015040850335
10,11.600564,1193,4,0.38747922,0.85184757,0.93102504,0.5828124,0.46222351,0.016192214876
10,11.600564,1247,4,0.44228609,0.84282948,0.34461379,0.76716985,0.22282499,0.007889333049
10,11.600564,1152,4,0.46655881,0.2652398,0.93254395,0.5388358,0.13327983,0.059697427162
10,11.600564,1147,4,0.53573009,1.76938212,0.9136307,0.63342674,1.02397349,0.031049315683
10,11.600564,60,4,0.45095657,2.10272065,0.84795918,0.8373357,1.49298738,0.006501297345
10,11.600564,59,4,0.44228609,2.78242859,0.87028911,0.76596796,1.85480467,0.01989254142
10,11.600564,635,4,0.38363098,0.66510941,0.50168567,0.38985405,0.13008489,0.025079392004
10,11.600564,687,4,0.46655881,1.51933579,0.65457934,0.74876105,0.7446622,0.058228473799
10,11.600564,1934,4,0.52398799,0.26498167,0.71387503,0.55632159,0.1052359,0.040149609647
10,11.600564,674,4,0.46499096,1.39760941,0.65060295,0.94546739,0.85970291,0.017619160185
10,11.600564,1921,4,0.40019851,2.83167818,0.71064311,0.50032683,1.00681399,0.006905506849
10,11.600564,1841,4,0.51701301,0.96899287,0.89224767,0.77635049,0.67121837,0.01586756638
10,11.600564,1857,4,0.45405881,4.21771791,0.75777776,0.54312819,1.73588812,0.010897560541
10,11.600564,1867,4,0.48019133,1.77685695,0.56204174,0.65916398,0.65828582,0.011995267211
10,11.600564,1894,4,0.51701301,0.27825423,0.66691443,0.85692358,0.15902082,0.013091194798
10,11.600564,2489,4,0.48019133,0.11169966,0.31285104,0.67961074,0.02374924,0.003395259033
10,11.600564,1833,4,0.45405881,0.790078,0.75523207,0.69096937,0.41229607,0.013817335803
10,11.600564,766,4,0.42974886,8.85855222,0.83934677,0.75463723,5.61102753,0.005663460752
10,11.600564,769,4,0.48019133,0.14552711,0.76706322,0.71357513,0.07965532,0.017722245903
10,11.600564,2899,4,0.49979656,1.62435641,0.87846877,0.79071164,1.12830312,0.007178614264
10,11.600564,715,4,0.47107803,0.55930202,0.60650232,0.92834449,0.31491114,0.010163210753
10,11.600564,728,4,0.44228609,0.21946967,0.79239216,0.80349751,0.13973307,0.018999441027
10,11.600564,1755,4,0.46655881,0.90874842,0.75120146,0.53236507,0.36342069,0.047511182938
10,11.600564,741,4,0.48019133,0.69563815,0.71915247,0.68587697,0.3431236,0.021959804432
10,11.600564,187,4,0.45729313,0.28738286,0.50286485,0.72127408,0.10423474,0.007044364539
10,11.600564,3037,4,0.49979656,0.21997023,0.68705019,0.96474266,0.14580213,0.017194255751
10,11.600564,1659,4,0.48019133,1.21665007,0.71780626,0.51839091,0.45272065,0.008619136479
10,11.600564,3009,4,0.49979656,0.48911872,0.52815623,0.83149963,0.21480221,0.009549071201
10,11.600564,1716,4,0.48019133,0.97489905,0.5183313,0.57588419,0.2910062,0.01328935377
10,11.600564,2360,4,0.46655881,1.41953364,0.90273678,0.95137953,1.21915978,0.102033974632
10,11.600564,850,4,0.53573009,1.86083385,0.90636138,0.94585219,1.59526287,0.063772759393
10,11.600564,867,4,0.44228609,2.10231656,0.57088583,0.82985571,0.99597849,0.014137348494
10,11.600564,2953,4,0.48019133,5.55894833,0.95344284,0.93612894,4.96161396,0.039736682279
10,11.600564,815,4,0.52398799,0.11549148,0.81468925,0.5537992,0.05210678,0.045611832828
10,11.600564,825,4,0.51701301,1.17907983,0.66067418,0.97465153,0.75924145,0.014750399263
10,11.600564,842,4,0.52398799,0.31432019,0.79228389,0.61676448,0.15359337,0.049400733191
10,11.600564,1791,4,0.48019133,0.7217367,0.88758979,0.94111677,0.60288517,0.019348840925
10,11.600564,2943,4,0.48019133,0.63171948,0.92315605,0.36038951,0.21017039,0.007706308705
10,11.600564,3605,4,0.43635288,0.56323061,0.71799092,0.37124424,0.15012911,0.034179202716
10,11.600564,1592,4,0.49979656,0.63124309,0.90676661,0.66555822,0.38095897,0.013122549904
10,11.600564,195,4,0.48019133,0.32748841,0.46773282,0.69257751,0.106087,0.010488517981
10,11.600564,2357,4,0.45095657,2.27354398,0.66786296,0.85431799,1.29720994,0.005224351405
10,11.600564,1289,4,0.49979656,4.64721454,0.91348739,0.8567726,3.63714694,0.020302595492
10,11.600564,114,4,0.46499096,3.06174114,0.81431934,0.64018638,1.59613512,0.014932200226
10,11.600564,58,4,0.48019133,0.72206363,0.89581294,0.54571144,0.35298468,0.021764147318
10,11.600564,52,4,0.46499096,4.99096525,0.65827233,0.78184543,2.56868619,0.014741752873
10,11.600564,38,4,0.42974886,1.2377278,0.94565374,0.64729111,0.7576296,0.005473108186
10,11.600564,3893,4,0.45729313,9.70941111,0.65044083,0.35652152,2.25157504,0.004503848276
10,11.600564,407,4,0.46555161,3.29102797,0.64303154,0.63016071,1.33356801,0.008793597775
10,11.600564,403,4,0.52398799,0.68462464,0.73614005,0.43567457,0.21957111,0.032423200477
10,11.600564,453,4,0.48019133,0.15275471,0.77487885,0.91620923,0.10844838,0.017966007315
10,11.600564,430,4,0.53573009,2.45874111,0.74419533,0.61688799,1.12877157,0.024630782649
10,11.600564,417,4,0.48019133,0.88307508,0.72874478,0.6932789,0.44615018,0.022492861429
10,11.600564,426,4,0.48019133,0.23229773,0.32596747,0.79931005,0.06052496,0.01159980801
10,11.600564,292,4,0.48019133,0.6574716,0.8164276,0.7434134,0.39904793,0.014058765973
10,11.600564,501,4,0.42974886,14.22994044,0.87810651,0.59179604,7.39473022,0.004646452457
10,11.600564,221,4,0.4974565,1.12691368,0.66088561,0.99436835,0.7405668,0.028196852121
10,11.600564,218,4,0.52398799,0.30572687,0.60913883,0.66615938,0.12405893,0.041023022156
10,11.600564,228,4,0.51701301,1.99672588,0.96122021,0.4754252,0.91248039,0.01046820372
10,11.600564,248,4,0.4974565,0.8825991,0.85801179,0.6372423,0.48257113,0.029152131073
10,11.600564,251,4,0.45095657,1.23630839,0.84772361,0.89035429,0.93313386,0.006911027241
10,11.600564,252,4,0.46555161,1.39526827,0.9069798,0.86359287,1.09285963,0.016997680591
10,11.600564,569,4,0.52398799,0.15503955,0.89852784,0.92052687,0.12823616,0.083618278298
10,11.600564,2800,4,0.50637512,0.32719593,0.57064205,0.88585974,0.16540043,0.044776095733
10,11.600564,1980,4,0.52398799,0.11250589,0.83878467,0.91189664,0.08605406,0.077326672009
10,11.600564,586,4,0.49979656,1.08476282,0.75624289,0.96269318,0.78973973,0.011524807167
10,11.600564,1987,4,0.46499096,2.42701113,0.77505086,0.69712346,1.31132901,0.019067223649
10,11.600564,609,4,0.44228609,1.43157075,0.45491932,0.7023268,0.45738976,0.009534320361
10,11.600564,510,4,0.42974886,2.4625813,0.6784274,0.27258564,0.45540409,0.001653516748
10,11.600564,3825,4,0.49979656,0.47046872,0.67993118,0.56131517,0.17955706,0.009900455479
10,11.600564,92,4,0.40178728,1.38366689,0.77335875,0.44544962,0.47666268,0.003154315083
10,11.600564,88,4,0.44228609,0.86828258,0.67869951,0.87220933,0.51399555,0.017665030255
10,11.600564,85,4,0.42974886,3.80002154,0.58383202,0.39497036,0.87627108,0.002061838613
10,11.600564,3991,4,0.43635288,1.39644751,0.61834642,0.90028024,0.77738147,0.071382674794
10,11.600564,2237,4,0.4604289,1.17482065,0.92806699,0.72807672,0.79383098,0.04333257672
10,11.600564,305,4,0.44228609,4.54813429,0.53661236,0.74847403,1.82671453,0.011985427303
10,11.600564,313,4,0.45720131,0.90702069,0.39019546,0.75113076,0.26583671,0.013048453164
10,11.600564,322,4,0.42974886,1.14770126,0.90350178,0.4391588,0.45538578,0.003547748686
10,11.600564,2282,4,0.49979656,1.26348349,0.83067801,0.36862588,0.38689054,0.009690644706
10,11.600564,298,4,0.39888767,4.0308278,0.5443529,0.41948044,0.92042096,0.003823391306
10,11.600564,379,4,0.46499096,1.21472605,0.68180076,0.84112059,0.69661704,0.016426247793
10,11.600564,369,4,0.38900772,0.13415795,0.4458099,0.78747106,0.04709781,0.005318733885
10,11.600564,393,4,0.46499096,4.37427751,0.8459889,0.6153605,2.27719703,0.014911347764
10,11.600564,265,4,0.52398799,1.05250656,0.8481011,0.86213298,0.76956746,0.073918832771
10,11.600564,282,4,0.44228609,0.34221103,0.45197041,0.89901522,0.13905002,0.012125318792
10,11.600564,70,4,0.45095657,1.30299673,0.87288785,0.77269771,0.8788432,0.006175804529
10,11.600564,11,4,0.48019133,2.10452341,0.84515141,0.92271672,1.64118172,0.01806350614
10,11.600564,77,4,0.38701331,2.17701961,0.83576284,0.62116298,1.13018869,0.015491901755
10,11.600564,101,4,0.45095657,13.0248954,0.54132782,0.88106155,6.21213435,0.004367089243
10,11.600564,93,4,0.45095657,3.29303888,0.61737883,0.78404432,1.59400325,0.004432184342
10,11.600564,113,4,0.48019133,2.03478179,0.95684791,0.63648818,1.23922766,0.027114058456
10,11.600564,104,4,0.39842271,1.82890166,0.79794585,0.38680154,0.56448443,0.004676119021
10,11.600564,17,4,0.48019133,2.18868794,0.72569399,0.64457777,1.02379427,0.020825245119
10,11.600564,14,4,0.4160712,0.40536635,0.83442568,0.94678107,0.32024688,0.027879487356
10,11.600564,22,4,0.38684688,2.15623044,0.94125742,0.85059651,1.72634337,0.007158701519
10,11.600564,21,4,0.4160712,0.21600718,0.76551462,0.82953392,0.13716896,0.018189060221
10,11.600564,23,4,0.44228609,2.00380893,0.80737543,0.61146041,0.9892366,0.014731941527
10,11.600564,25,4,0.41721254,0.9872421,0.56870887,0.53713503,0.30157625,0.009115690995
11,20.0,0,0,0.0,5.90807705,0.81613346,0.867026,4.18060809,0.707608932135
11,20.0,4,1,0.19892708,2.31145479,0.85659732,0.79442052,1.57294147,0.458596955683
11,20.0,2,1,0.17968804,0.44935571,0.83333775,0.46628006,0.1746056,0.261861651448
11,20.0,1,1,0.1686196,1.70892939,0.3888081,0.66141628,0.43947514,0.173306239152
11,20.0,5,1,0.1963208,2.69179522,0.79080088,0.64563649,1.37434963,0.344079834055
11,20.0,69,1,0.19808911,0.88874541,0.67076351,0.70980665,0.42314271,0.320858462325
11,20.0,75,1,0.2236068,2.2710544,0.96200381,0.57004285,1.24540852,0.369562846121
11,20.0,1443,1,0.2236068,0.22637853,0.75061217,0.7792582,0.13241349,0.394185813172
11,20.0,401,1,0.2236068,0.55008118,0.67876796,0.58599613,0.21879776,0.268052637931
11,20.0,61,1,0.2236068,0.3523849,0.64625746,0.74971834,0.17073439,0.326518440384
11,20.0,8,1,0.19214803,0.37464753,0.61734622,0.49726596,0.11501127,0.20688143763
11,20.0,16,1,0.14908667,8.25504906,0.78890688,0.39385701,2.56498002,0.209395977704
11,20.0,12,1,0.20752665,1.13045211,0.93674192,0.93948251,0.99485738,0.593079161368
11,20.0,39,1,0.20891077,2.49645321,0.83997447,0.55604462,1.16600163,0.314760143047
11,20.0,194,1,0.2236068,0.75888405,0.65754781,0.68983075,0.3442273,0.305684833465
11,20.0,189,1,0.20221047,2.67030524,0.77040365,0.95278831,1.96008841,0.494673630966
11,20.0,52,1,0.17271784,1.17320238,0.6729358,0.57712692,0.45563587,0.2617272724
11,20.0,19,1,0.2236068,0.35482104,0.46672751,0.92727309,0.15356082,0.291658789397
11,20.0,27,1,0.2236068,0.87108188,0.83968824,0.82587291,0.60407418,0.467342527396
11,20.0,25,1,0.2236068,0.04186141,0.90752506,0.89318313,0.03393227,0.546264708742
11,20.0,18,1,0.2236068,0.68989633,0.750376,0.76190319,0.39442329,0.385285557295
11,20.0,9,1,0.2236068,0.0779778,0.58683634,0.61264667,0.02803484,0.242287541965
11,20.0,83,1,0.19143651,0.42107043,0.95014651,0.55586686,0.22239043,0.355930632852
11,20.0,64,2,0.26882939,2.28093911,0.76053076,0.75499981,1.30971656,0.324329903627
11,20.0,67,2,0.24281345,6.01303215,0.68243383,0.71514015,2.93457514,0.097326419143
11,20.0,121,2,0.28005815,1.36847393,0.86095507,0.91963089,1.08350411,0.13068295135
11,20.0,2086,2,0.31622777,6.7031299,0.45084934,0.8883338,2.68463507,0.140963484627
11,20.0,116,2,0.31622777,0.43953246,0.81431564,0.63677078,0.22791183,0.182505058778
11,20.0,3,2,0.22574091,0.20988588,0.59269967,0.78258049,0.09735246,0.07655765093
11,20.0,6,2,0.29928579,0.31443126,0.76828378,0.65102562,0.15726985,0.218454810934
11,20.0,119,2,0.26875051,2.3995321,0.82291031,0.90819841,1.79332831,0.149043237264
11,20.0,32,2,0.26875051,0.31281998,0.78199459,0.83664091,0.20466206,0.130473370387
11,20.0,627,2,0.30147815,0.58925902,0.8624305,0.75740763,0.38491074,0.307739501134
11,20.0,1247,2,0.30506935,1.93010338,0.29099379,0.76715072,0.43086875,0.126092075409
11,20.0,142,2,0.26426323,4.22448596,0.81450754,0.89679256,3.0857517,0.239363004662
11,20.0,2857,2,0.3060126,1.52029709,0.67827052,0.92608743,0.95495607,0.188297852068
11,20.0,144,2,0.28005815,0.46104469,0.67168456,0.81215184,0.25150442,0.090038343525
11,20.0,549,2,0.31622777,24.21545095,0.90453122,0.76720461,16.8045671,0.244249549944
11,20.0,524,2,0.26875051,1.60653544,0.66107694,0.70001009,0.74344119,0.09228589857
11,20.0,611,2,0.26875051,1.45412169,0.89043294,0.69422999,0.8988875,0.123277445131
11,20.0,510,2,0.31622777,0.62639341,0.82671271,0.65585651,0.33963358,0.157851254807
11,20.0,2596,2,0.26875051,1.39923389,0.48087349,0.3478886,0.2340784,0.033361845347
11,20.0,1545,2,0.30147815,1.29627503,0.68851184,0.59831855,0.53399973,0.19407667469
11,20.0,404,2,0.24372248,6.55294218,0.83785112,0.85651288,4.70258971,0.143113231741
11,20.0,411,2,0.29928579,4.03583499,0.7249101,0.33565096,0.98198634,0.106270790718
11,20.0,371,2,0.31622777,1.06803801,0.72660121,0.71587604,0.5555468,0.120026108592
11,20.0,1734,2,0.28005815,0.7711984,0.72275365,0.82426106,0.45943195,0.098328627396
11,20.0,1740,2,0.30506935,0.36014457,0.5449639,0.91200978,0.17899632,0.280731146865
11,20.0,315,2,0.29755984,0.41445616,0.63791931,0.36380163,0.09618536,0.076050189892
11,20.0,325,2,0.29755984,0.8594817,0.76277481,0.3880267,0.25438681,0.096990203603
11,20.0,73,2,0.25391021,5.56320628,0.81048912,0.71411273,3.21987586,0.144269206957
11,20.0,940,2,0.26875051,5.75328687,0.70341345,0.64368275,2.60494506,0.090294557785
11,20.0,779,2,0.29928579,7.57971433,0.77990189,0.83473036,4.93445305,0.284333513604
11,20.0,794,2,0.26875051,4.28938253,0.44407924,0.8508528,1.62072631,0.075351853744
11,20.0,758,2,0.31622777,0.25292039,0.7647395,0.55099757,0.10657297,0.148307189774
11,20.0,759,2,0.29755984,0.13842095,0.50193846,0.54879605,0.03812969,0.090267490394
11,20.0,3144,2,0.30506935,0.24499633,0.55205939,0.76950949,0.1040781,0.239951321113
11,20.0,712,2,0.29928579,1.54596334,0.61399314,0.72135972,0.6847225,0.193444895599
11,20.0,3580,2,0.26875051,0.29238708,0.61779065,0.7541879,0.13623198,0.092918015594
11,20.0,673,2,0.29755984,3.06629328,0.78601378,0.86972511,2.09616692,0.224017575076
11,20.0,1155,2,0.31622777,1.92261325,0.74340144,0.9859946,1.40925591,0.187123667151
11,20.0,640,2,0.31622777,2.81650416,0.47959362,0.80342649,1.08525036,0.11217708117
11,20.0,106,2,0.24011228,0.09675344,0.84370314,0.43292943,0.03534054,0.091047170581
11,20.0,100,2,0.29928579,0.49737278,0.5489054,0.6621828,0.18078293,0.158751292281
11,20.0,261,2,0.2825446,0.42134101,0.94052731,0.80096061,0.31740686,0.187776936655
11,20.0,254,2,0.29755984,0.1462335,0.78207257,0.71687512,0.08198557,0.183721710673
11,20.0,1975,2,0.30147815,0.20725719,0.91320391,0.76610412,0.14499905,0.329598344263
11,20.0,1973,2,0.30147815,1.04134564,0.55776315,0.75780516,0.44015159,0.199130065486
11,20.0,228,2,0.22646273,5.48704266,0.86457544,0.83316687,3.95251227,0.143652744098
11,20.0,3903,2,0.28685849,1.00487101,0.55671489,0.95106549,0.53205139,0.132046186473
11,20.0,1947,2,0.26875051,0.1947441,0.80623168,0.97612002,0.15325949,0.156943058836
11,20.0,2269,2,0.29755984,1.29941485,0.91699194,0.5412475,0.64492505,0.162641488919
11,20.0,2346,2,0.25210374,2.31459033,0.82231429,0.97305487,1.85203549,0.376968126926
11,20.0,2369,2,0.28005815,0.34916234,0.87517154,0.89570532,0.27370689,0.12938479401
11,20.0,1894,2,0.31622777,0.65914155,0.70704212,0.66468587,0.30977076,0.136818974006
11,20.0,2290,2,0.28685849,0.44311009,0.87028418,0.88174778,0.3400299,0.191376261561
11,20.0,353,2,0.26875051,0.07116943,0.78003414,0.84702427,0.0470222,0.13176149104
11,20.0,345,2,0.29928579,1.8215237,0.6832612,0.67919877,0.84531481,0.202686825894
11,20.0,174,2,0.29928579,2.49281328,0.93450345,0.75081631,1.74905857,0.306447774767
11,20.0,218,2,0.30506935,1.5163278,0.65837476,0.60726314,0.60623806,0.225825750836
11,20.0,44,2,0.26875051,4.03476636,0.8906017,0.82866718,2.97770759,0.14717793113
11,20.0,43,2,0.23286751,2.19789984,0.96030777,0.49375263,1.04214407,0.094558135903
11,20.0,38,2,0.24315104,0.68573276,0.66632766,0.83241874,0.38035103,0.138328700373
11,20.0,37,2,0.23205947,0.12007794,0.7175443,0.92957813,0.08009361,0.133018992293
11,20.0,35,2,0.21519141,4.1348134,0.47549932,0.91444716,1.79789544,0.086713666825
11,20.0,36,2,0.31622777,1.07824954,0.3963239,0.66662682,0.28487368,0.137450680206
11,20.0,34,2,0.23915437,0.71568419,0.85449315,0.76350991,0.46692238,0.107683252378
11,20.0,45,2,0.27308395,1.33332056,0.83130505,0.52273724,0.57939993,0.130266965728
11,20.0,80,2,0.28005815,6.7544264,0.39368433,0.56747738,1.5089858,0.036874112567
11,20.0,79,2,0.21904598,0.57329026,0.88053198,0.74896889,0.37807981,0.131518834579
11,20.0,78,2,0.30506935,0.70704292,0.73385627,0.69828827,0.36231936,0.28944704724
11,20.0,94,2,0.31622777,0.46309761,0.65906379,0.61595718,0.18799682,0.142881820403
11,20.0,166,2,0.26875051,1.10886632,0.79900503,0.65221247,0.57785357,0.103924429449
11,20.0,167,2,0.232863,2.12887301,0.60068948,0.68354407,0.87411043,0.081883346277
11,20.0,173,2,0.30506935,0.27257008,0.3388283,0.37034682,0.03420318,0.070878034918
11,20.0,3876,2,0.26875051,0.30410871,0.74662197,0.83036956,0.18853893,0.12363778652
11,20.0,13,2,0.26678382,0.59119313,0.58725599,0.59691622,0.20723839,0.114871092812
11,20.0,10,2,0.29928579,1.15888932,0.71814839,0.30263542,0.25186969,0.094923954459
11,20.0,7,2,0.24142895,1.59507013,0.84312944,0.62514739,0.84072983,0.23020701136
11,20.0,90,2,0.23865704,30.42180732,0.76965755,0.92909752,21.75423663,0.218515896186
11,20.0,21,2,0.26875051,0.46663951,0.73696788,0.67324696,0.2315285,0.098946854735
11,20.0,17,2,0.21550233,3.10486774,0.67575023,0.34815476,0.73046875,0.038831434724
11,20.0,24,2,0.28005815,1.26989517,0.6850165,0.80712687,0.70211898,0.091257325869
11,20.0,57,3,0.32284249,2.27962027,0.75844748,0.48037813,0.83056045,0.032810914755
11,20.0,60,3,0.31033425,2.21881124,0.49650137,0.73063253,0.80489609,0.029958337628
11,20.0,62,3,0.31054992,3.87578194,0.60508927,0.71898873,1.68616809,0.016089245149
11,20.0,47,3,0.31054992,1.15578876,0.66456103,0.58366491,0.44830845,0.014344737202
11,20.0,48,3,0.32740619,0.19643567,0.68821712,0.68488324,0.09258964,0.048339357778
11,20.0,33,3,0.31054992,0.69912287,0.74844442,0.59125574,0.30937729,0.016365491763
11,20.0,40,3,0.31054992,2.53391014,0.71489669,0.81534813,1.47699008,0.021556612018
11,20.0,2033,3,0.38729833,0.92688133,0.86124272,0.94307561,0.75282878,0.086773460557
11,20.0,2616,3,0.38729833,0.19964156,0.69500969,0.94810218,0.13155185,0.153281759394
11,20.0,1571,3,0.3583749,1.00083715,0.74678346,0.76655728,0.57293152,0.020103495565
11,20.0,1587,3,0.38729833,0.37116774,0.51558448,0.46736584,0.08943902,0.056053312508
11,20.0,96,3,0.37359334,0.4210338,0.78204502,0.78917387,0.25984922,0.055794446732
11,20.0,99,3,0.30181581,0.76676554,0.72600917,0.46645635,0.25966637,0.037048835845
11,20.0,49,3,0.26788804,0.67432371,0.60773257,0.24700816,0.10122604,0.012397156012
11,20.0,51,3,0.37359334,0.86509099,0.41074494,0.50926852,0.18095927,0.043520249046
11,20.0,53,3,0.31054992,2.29857465,0.49917732,0.67086806,0.76975156,0.012384717469
11,20.0,2611,3,0.35295162,6.49107205,0.88114746,0.9592462,5.48649653,0.104863337911
11,20.0,1505,3,0.32704309,0.04479452,0.74695976,0.84618278,0.02831303,0.131539179181
11,20.0,1508,3,0.38729833,0.86438033,0.6420579,0.73522792,0.40803842,0.109809688112
11,20.0,1642,3,0.33075769,3.53877955,0.78272583,0.81244812,2.2503953,0.086675387984
11,20.0,425,3,0.31825362,0.12302458,0.2620142,0.64010954,0.02063341,0.022945829262
11,20.0,427,3,0.3583749,2.71159952,0.64568794,0.73291816,1.28322765,0.040580403143
11,20.0,433,3,0.31054992,11.68265811,0.76128359,0.93858203,8.34757572,0.026424868675
11,20.0,2653,3,0.33833474,0.59799878,0.29435358,0.81576573,0.1435936,0.032992796049
11,20.0,482,3,0.37221211,0.68367804,0.69891431,0.82420965,0.39383405,0.053210850612
11,20.0,486,3,0.37359334,1.65728122,0.97402293,0.7590763,1.22532367,0.215785265139
11,20.0,1463,3,0.38729833,2.82907551,0.76008474,0.6016459,1.29374152,0.106376929456
11,20.0,3668,3,0.37359334,1.63303726,0.52773616,0.79300518,0.68342203,0.077101150339
11,20.0,1460,3,0.32704309,9.30244767,0.6917643,0.71350308,4.5914645,0.102718278338
11,20.0,2745,3,0.37359334,2.17220429,0.883738,0.37515012,0.72016048,0.033554689783
11,20.0,2747,3,0.34960955,0.46859658,0.8316973,0.91082438,0.35497605,0.094130967542
11,20.0,2604,3,0.34960955,2.26409431,0.72189743,0.91859894,1.5013984,0.094129209345
11,20.0,2189,3,0.38729833,0.26521051,0.83975329,0.6443746,0.14350957,0.125873584054
11,20.0,1992,3,0.37221211,0.66159179,0.69717624,0.74592581,0.34405535,0.110950944963
11,20.0,221,3,0.29111301,1.8950141,0.45672172,0.67847736,0.58721815,0.042576638716
11,20.0,212,3,0.3583749,8.25013376,0.93537734,0.69638462,5.37399184,0.0566127761
11,20.0,215,3,0.32284249,0.29054767,0.80494022,0.51952619,0.12150341,0.037660031433
11,20.0,220,3,0.3583749,0.51129811,0.4613951,0.38937757,0.09185824,0.006309227558
11,20.0,2182,3,0.38729833,2.5557267,0.77962908,0.76245351,1.51920301,0.079802910042
11,20.0,197,3,0.32283924,0.23351483,0.68833863,0.84018564,0.13504916,0.045100741614
11,20.0,92,3,0.32284249,1.19341322,0.90009107,0.9574533,1.02847774,0.07760927992
11,20.0,165,3,0.29598275,0.65151554,0.72672396,0.88898378,0.42090888,0.199554263385
11,20.0,168,3,0.28099981,0.70091924,0.44757895,0.44900126,0.1408592,0.041822593181
11,20.0,172,3,0.34967019,1.85013713,0.55265662,0.47512169,0.48580742,0.081106922725
11,20.0,149,3,0.29584338,0.87692112,0.44188971,0.84999999,0.32937705,0.08562499049
11,20.0,156,3,0.32704309,4.7670867,0.47554491,0.84440152,1.91422767,0.083566896752
11,20.0,159,3,0.31301939,0.82734232,0.8119791,0.80056277,0.5378058,0.081421460917
11,20.0,160,3,0.31033425,8.06820703,0.61854756,0.75039345,3.74489089,0.038331903585
11,20.0,11,3,0.2769165,0.03485879,0.76970894,0.41534158,0.01114408,0.07009082774
11,20.0,14,3,0.37359334,0.52512572,0.93271262,0.61375283,0.30061085,0.051752088826
11,20.0,104,3,0.37359334,0.52923179,0.45427,0.80783896,0.1942159,0.03317610321
11,20.0,102,3,0.31054992,0.74005751,0.54719583,0.66651657,0.26991014,0.013488009561
11,20.0,101,3,0.33833474,1.68974348,0.59341463,0.59231919,0.59392941,0.048294580439
11,20.0,85,3,0.34960955,1.87152689,0.87144855,0.6130771,0.99989158,0.074887655943
11,20.0,122,3,0.34960955,1.77990414,0.8361162,0.62562477,0.93105897,0.073321943481
11,20.0,120,3,0.27764892,1.5045892,0.8981771,0.88755412,1.1994296,0.165901594155
11,20.0,2042,3,0.32704309,0.73445069,0.69016677,0.89052326,0.45140042,0.12790662787
11,20.0,26,3,0.27849253,3.70192565,0.47633135,0.73423837,1.29471426,0.025500314626
11,20.0,109,3,0.28650474,0.34884177,0.59895913,0.66874217,0.1397283,0.037127640057
11,20.0,31,3,0.3583749,2.0853509,0.63014074,0.71700414,0.94218974,0.039267899006
11,20.0,3972,3,0.38729833,0.80844948,0.88324259,0.42822354,0.30577603,0.051468110105
11,20.0,107,3,0.32704309,3.38727073,0.44531682,0.75309227,1.13597087,0.069792864559
11,20.0,20,3,0.3004765,0.37917459,0.60544766,0.83003283,0.19055094,0.110179582556
11,20.0,22,3,0.37359334,0.54640803,0.6333325,0.92829759,0.32124477,0.053150275503
11,20.0,2257,3,0.37359334,5.0859247,0.77767779,0.94691098,3.74523243,0.199410306925
11,20.0,269,3,0.3583749,4.56606127,0.78583502,0.82216542,2.95006998,0.056152490474
11,20.0,277,3,0.33833474,0.33854364,0.88094984,0.7402386,0.22076874,0.089599844915
11,20.0,3161,3,0.31825362,4.2314876,0.99017028,0.71878427,3.01162937,0.097371773198
11,20.0,3163,3,0.38729833,1.00616545,0.88125806,0.60564558,0.53702073,0.069547044745
11,20.0,1109,3,0.27878539,0.53672497,0.85160892,0.60289427,0.27557077,0.070243474311
11,20.0,1113,3,0.3583749,0.65354378,0.73549784,0.86583846,0.41619127,0.079258876242
11,20.0,760,3,0.34967019,2.52572285,0.6912063,0.89398977,1.56072337,0.190870114034
11,20.0,972,3,0.32704309,0.31042834,0.67257374,0.69533671,0.14517653,0.097325983915
11,20.0,2211,3,0.3583749,1.55661129,0.76090314,0.90257612,1.06903861,0.024118233397
11,20.0,3843,3,0.33008843,4.39380247,0.69262542,0.80338698,2.44491489,0.051578019634
11,20.0,1936,3,0.33833474,0.87959958,0.47280717,0.6585523,0.27387938,0.042781762662
11,20.0,279,3,0.3782424,1.95939744,0.66376591,0.42340918,0.55067803,0.060444859828
11,20.0,283,3,0.32704309,2.3467993,0.57612922,0.51037635,0.69005927,0.061193343477
11,20.0,286,3,0.32907133,1.56163057,0.72622877,0.4942953,0.56058082,0.0787026182
11,20.0,1917,3,0.37359334,3.20467513,0.84770593,0.84913568,2.30678078,0.210082311425
11,20.0,226,3,0.30462009,0.53921617,0.62000607,0.41916697,0.14013477,0.032242447137
11,20.0,3192,3,0.38729833,1.815067,0.94424198,0.6089863,1.04371876,0.086446928861
11,20.0,1028,3,0.32704309,1.42615412,0.73966832,0.7501231,0.79129062,0.115468438768
11,20.0,784,3,0.33075769,5.30666987,0.80311801,0.72628943,3.09535995,0.079502278936
11,20.0,1022,3,0.33075769,1.26929665,0.99019468,0.55570012,0.69843214,0.074998326267
11,20.0,770,3,0.32704309,0.7524447,0.88548642,0.54494595,0.36308635,0.100422047177
11,20.0,775,3,0.38729833,1.15019731,0.80532274,0.68342125,0.63303948,0.128027397453
11,20.0,777,3,0.32704309,0.76980689,0.78302345,0.87005993,0.52445198,0.141780880857
11,20.0,253,3,0.32704309,0.65471375,0.60400239,0.75751353,0.29955772,0.095218818392
11,20.0,2229,3,0.34960955,1.36292015,0.59659577,0.38914762,0.31642075,0.022978564565
11,20.0,1956,3,0.38729833,5.48704799,0.46373979,0.62541117,1.59139782,0.067465924069
11,20.0,237,3,0.28218127,0.24607381,0.65908725,0.57790704,0.09372734,0.083508395533
11,20.0,238,3,0.3481,2.05267213,0.76437914,0.80403442,1.26154589,0.067236472595
11,20.0,240,3,0.32704309,0.29793397,0.6458478,0.56560347,0.10883342,0.076021421129
11,20.0,224,3,0.32704309,0.259094,0.93818595,0.90376797,0.21968642,0.176457291039
11,20.0,225,3,0.33833474,10.85127524,0.70739647,0.75665107,5.80816997,0.073543261003
11,20.0,699,3,0.37359334,2.76019667,0.38273657,0.78532436,0.8296388,0.030421010918
11,20.0,1185,3,0.32907133,1.26283395,0.42388771,0.84200979,0.45072766,0.078252318373
11,20.0,1188,3,0.34960955,1.72583357,0.54974931,0.81456641,0.77284091,0.063564431042
11,20.0,675,3,0.33833474,0.25248022,0.51555962,0.16198673,0.02108559,0.011474735131
11,20.0,679,3,0.32704309,0.18462799,0.84089024,0.90742974,0.14088017,0.158798376884
11,20.0,2382,3,0.2867262,2.64085944,0.68722247,0.47447474,0.86110424,0.04444275075
11,20.0,2341,3,0.34967019,0.81660577,0.54537093,0.7072358,0.31496962,0.119138990271
11,20.0,1867,3,0.32704309,0.18612259,0.84642897,0.74122625,0.11677245,0.130567488443
11,20.0,657,3,0.34960955,0.51590713,0.49268414,0.59387471,0.15095064,0.028959546863
11,20.0,1159,3,0.32704309,0.62601843,0.82757585,0.88006276,0.45594092,0.151570676579
11,20.0,1173,3,0.33833474,0.98687654,0.39892456,0.47722444,0.18787815,0.026157594204
11,20.0,1174,3,0.33008843,2.28180528,0.52110846,0.37781569,0.44924856,0.018249440489
11,20.0,1198,3,0.32704309,3.2962349,0.52412798,0.77049262,1.33114077,0.08404261737
11,20.0,1200,3,0.33833474,0.14452727,0.8665104,0.48014491,0.06013065,0.05716503287
11,20.0,3086,3,0.3583749,1.80662355,0.53970388,0.62389322,0.60832193,0.011824916641
11,20.0,696,3,0.32704309,1.65865983,0.53192168,0.84616975,0.74655622,0.093669656238
11,20.0,1124,3,0.31033425,0.83440315,0.71677371,0.54165388,0.3239514,0.032062854223
11,20.0,1128,3,0.32704309,1.46999591,0.88239973,0.79682597,1.03358209,0.146326364858
11,20.0,1137,3,0.3583749,0.18540491,0.79927737,0.72636782,0.10764041,0.020388552342
11,20.0,3123,3,0.34960955,17.41672639,0.76664155,0.80537233,10.75364232,0.07672230461
11,20.0,3126,3,0.3583749,1.09326194,0.86368959,0.90741655,0.85681805,0.027523056333
12,0.05,0,0,0.0,4.52337832,0.7049114,0.68779912,2.19310316,0.484837439247
12,0.05,5,1,3.61157559,4.0333344,0.6735629,0.53093225,1.44238598,0.008256464455
12,0.05,916,1,4.47213595,0.88992324,0.69192717,0.50774861,0.31265234,0.008111216295
12,0.05,6,1,3.3968311,9.81200524,0.60647709,0.79687016,4.74198016,0.011157806244
12,0.05,594,1,4.47213595,3.88472324,0.65520603,0.69033419,1.75710352,0.010442731664
12,0.05,554,1,4.47213595,0.09551841,0.5523014,0.18780408,0.0099076,0.002394738037
12,0.05,145,1,4.06469422,1.75295047,0.65610881,0.61664948,0.70922476,0.009340951042
12,0.05,695,1,4.47213595,0.76870412,0.72375402,0.74477888,0.41435973,0.012445008309
12,0.05,519,1,4.47213595,4.8192118,0.69814887,0.91462195,3.07727051,0.014742343127
12,0.05,32,1,4.47213595,0.38116818,0.80961914,0.87124907,0.26886838,0.016285456891
12,0.05,85,1,4.05728215,5.7342194,0.92777919,0.8020621,4.26704212,0.017180249942
12,0.05,273,1,4.05728215,4.77781583,0.52898187,0.76881064,1.94307508,0.009389382495
12,0.05,403,1,4.47213595,0.1752988,0.65805339,0.64483219,0.07438524,0.009796810081
12,0.05,271,1,4.47213595,1.03695174,0.52154573,0.62928033,0.34032598,0.007577281287
12,0.05,191,1,4.47213595,0.40162217,0.70448795,0.76617938,0.21678125,0.01246180305
12,0.05,659,1,4.47213595,2.22012428,0.66499714,0.37217447,0.54946957,0.005714039222
12,0.05,288,1,4.47213595,0.43970649,0.38579051,0.72641293,0.12322476,0.006470114511
12,0.05,23,1,4.47213595,1.78692724,0.70819613,0.7817233,0.98926689,0.012781548087
12,0.05,46,1,4.47213595,0.03779923,0.70549875,0.47055599,0.01254846,0.007664510268
12,0.05,1,1,3.84481582,1.00110657,0.75288963,0.89358503,0.67351537,0.015532596271
12,0.05,55,1,3.82300727,3.39497884,0.84497896,0.61744426,1.7712535,0.012045379932
12,0.05,110,2,5.7483457,0.11848773,0.63224679,0.43603157,0.03266465,0.000108387547
12,0.05,784,2,5.88348405,1.12638785,0.75238532,0.49863495,0.42258199,0.000215191064
12,0.05,781,2,5.61591146,1.15970291,0.90897815,0.80043223,0.84377132,0.000386578354
12,0.05,115,2,5.7483457,0.75984482,0.95421507,0.5872413,0.42578246,0.000220311761
12,0.05,13,2,5.61591146,1.61408381,0.61651763,0.73114809,0.7275736,0.000239502678
12,0.05,19,2,5.61591146,1.23151615,0.79774025,0.66060912,0.64900222,0.000280004876
12,0.05,18,2,5.61591146,0.10616471,0.87596014,0.70887639,0.0659227,0.000329924357
12,0.05,9,2,5.61591146,0.08867193,0.51792217,0.87253676,0.04007139,0.000240108623
12,0.05,10,2,5.61591146,0.61333916,0.9588974,0.7981508,0.46941589,0.000406646104
12,0.05,7,2,5.61591146,0.56238674,0.89926237,0.55430303,0.28032946,0.000264845862
12,0.05,8,2,5.61591146,1.03024583,0.40597852,0.65422498,0.27363462,0.000141120367
12,0.05,1005,2,5.61591146,0.9055561,0.57978178,0.84973049,0.44612969,0.000261761209
12,0.05,771,2,6.32455532,0.76154197,0.45222625,0.82121438,0.28281742,0.000184674587
12,0.05,809,2,6.03833905,1.01517722,0.53377825,0.85909362,0.46552524,0.000205030801
12,0.05,892,2,6.03833905,2.4649293,0.67264772,0.73114544,1.2122604,0.000219891877
12,0.05,867,2,5.08391127,0.35542949,0.46570659,0.71951828,0.11909888,0.000149820745
12,0.05,901,2,5.88348405,1.25734076,0.79209269,0.58226668,0.5798971,0.000264544754
12,0.05,939,2,6.03833905,6.75916459,0.34891434,0.47677007,1.12439997,0.000136093689
12,0.05,1010,2,5.61591146,1.68910236,0.70564194,0.8655199,1.03161444,0.00032450468
12,0.05,149,2,5.61591146,0.18914468,0.30701561,0.77141568,0.04479639,0.000125837025
12,0.05,161,2,5.03831474,0.73101893,0.75645332,0.66081809,0.36542031,0.000286724803
12,0.05,2932,2,6.32455532,2.43458895,0.95142997,0.73086585,1.69293445,0.000268584648
12,0.05,3021,2,6.03833905,0.19453961,0.81188481,0.78800128,0.12445988,0.000523397351
12,0.05,1068,2,6.32455532,0.90469958,0.70073472,0.69963911,0.4435393,0.000243793734
12,0.05,120,2,5.61591146,1.23697604,0.66369627,0.90653207,0.74424142,0.000319677501
12,0.05,127,2,5.61591146,3.43932886,0.93322963,0.32091517,1.03003617,0.000159124954
12,0.05,129,2,5.03831474,2.4378303,0.85179231,0.84514422,1.75496319,0.000412919838
12,0.05,991,2,5.88348405,3.711572,0.67147574,0.85319178,2.12635062,0.000328608049
12,0.05,1024,2,6.32455532,0.04069758,0.94942552,0.41670658,0.01610126,0.000277740034
12,0.05,1084,2,6.32455532,0.95082989,0.66025595,0.68538642,0.43027949,0.000225031152
12,0.05,1194,2,5.88348405,1.87788135,0.86300374,0.91015551,1.47501497,0.000450535987
12,0.05,699,2,5.61591146,3.57524033,0.58500543,0.7722257,1.61513708,0.000240028974
12,0.05,720,2,5.7483457,0.63844223,0.79994293,0.74354702,0.37974236,0.000233852631
12,0.05,34,2,5.7483457,0.52425473,0.82590743,0.67789596,0.29351938,0.000220124932
12,0.05,786,2,5.61591146,2.48761305,0.32451834,0.69824332,0.56367512,0.000120394199
12,0.05,35,2,6.32455532,0.78981373,0.83500203,0.66997182,0.44184378,0.000340493034
12,0.05,37,2,5.7483457,1.62423521,0.79379894,0.90600406,1.1681257,0.000282758376
12,0.05,690,2,6.32455532,0.81667849,0.9399442,0.81183059,0.62318731,0.000275335112
12,0.05,101,2,6.03833905,1.0331253,0.78724651,0.69481814,0.56511247,0.000447499009
12,0.05,106,2,6.32455532,2.1540963,0.57731991,0.73451864,0.91344936,0.000258097337
12,0.05,109,2,6.32455532,0.75157984,0.71680906,0.38038978,0.2049309,0.000165957347
12,0.05,11,2,5.61591146,0.35774525,0.593219,0.26887345,0.05706067,8.474664e-05
12,0.05,12,2,5.89767825,2.71632009,0.78012574,0.76219347,1.61514225,0.000439799358
12,0.05,421,2,5.61591146,1.02248189,0.62926311,0.54950167,0.35355494,0.00018372185
12,0.05,1577,2,6.04332186,0.4583414,0.58407942,0.92424163,0.24742668,0.000240120497
12,0.05,1561,2,5.89767825,0.41298591,0.64416135,0.60748587,0.1616092,0.000289438039
12,0.05,1690,2,6.32455532,0.47442831,0.72894837,0.69170274,0.23921415,0.000353967579
12,0.05,1504,2,5.7483457,1.27418215,0.8505558,0.70978276,0.76923632,0.000237357567
12,0.05,492,2,6.03833905,0.17239055,0.72113046,0.70404456,0.08752406,0.000415359521
12,0.05,1587,2,5.61591146,0.39765514,0.71856759,0.78716858,0.2249272,0.000300534888
12,0.05,1427,2,6.32455532,1.65438919,0.65443291,0.40484658,0.43832201,9.55982e-05
12,0.05,528,2,6.32455532,0.99210183,0.97161227,0.72086172,0.69486623,0.000491690904
12,0.05,523,2,6.03833905,3.80330847,0.86517408,0.75297495,2.47768206,0.000532959501
12,0.05,3747,2,5.61591146,1.502131,0.90896612,0.95098916,1.29846746,0.000459285552
12,0.05,3755,2,6.32455532,0.62831739,0.48379694,0.90548888,0.27524873,0.000307534232
12,0.05,383,2,5.61591146,1.17762041,0.6380203,0.9067534,0.6812853,0.000307385383
12,0.05,186,2,5.7483457,0.82709666,0.87734572,0.7587555,0.55059071,0.00026172634
12,0.05,166,2,5.89767825,1.76008288,0.62235059,0.69209374,0.7581116,0.000318584605
12,0.05,434,2,6.03833905,2.65232193,0.89235728,0.86473778,2.04667762,0.00063129651
12,0.05,320,2,5.08391127,1.09943114,0.63432839,0.88589565,0.61782397,0.000459734298
12,0.05,2191,2,6.03833905,1.67701074,0.9167349,0.64776068,0.9958506,0.000265507066
12,0.05,2180,2,4.93435164,0.57062321,0.66698558,0.7004031,0.26657164,0.000183670465
12,0.05,322,2,6.04332186,2.21707347,0.63201733,0.52135023,0.73053098,0.000146565028
12,0.05,280,2,5.61591146,2.31973831,0.92061498,0.5664756,1.20975726,0.000277088667
12,0.05,292,2,6.32455532,0.56293846,0.89487368,0.57460503,0.28946235,0.000312964678
12,0.05,2140,2,5.10753918,1.50536906,0.54213973,0.83681962,0.68294554,0.000201797086
12,0.05,2138,2,5.61591146,1.23966486,0.81207774,0.82829143,0.83384449,0.00035738827
12,0.05,2312,2,6.03833905,0.38571777,0.82681497,0.80160833,0.25564671,0.000296338644
12,0.05,3543,2,6.03833905,0.9679948,0.73235297,0.58677115,0.4159702,0.000351559939
12,0.05,365,2,5.88348405,6.88769512,0.37232367,0.78255422,2.00682269,0.000167123028
12,0.05,1946,2,6.03833905,1.30447915,0.61185515,0.92187556,0.73579709,0.000252196271
12,0.05,1956,2,5.61591146,0.8595101,0.69721501,0.79395981,0.47579101,0.000294120142
12,0.05,192,2,5.61591146,0.66093937,0.76917029,0.67318991,0.34223287,0.000275118388
12,0.05,2762,2,6.32455532,1.66661167,0.6838362,0.90554072,1.03203515,0.000376898348
12,0.05,2823,2,6.03833905,1.07054893,0.85876214,0.71397622,0.65639182,0.00027414124
12,0.05,2387,2,5.7483457,0.6632864,0.66659726,0.54285108,0.24001883,0.000142271873
12,0.05,2373,2,5.61591146,0.35162282,0.37100134,0.48690345,0.06351779,9.5979362e-05
12,0.05,3246,2,5.61591146,2.40918179,0.8071363,0.65729923,1.27814339,0.000281883417
12,0.05,272,2,5.61591146,0.23708377,0.29068836,0.82051649,0.05654794,0.000126728551
12,0.05,2246,2,5.61591146,4.48664352,0.74009267,0.9872663,3.2782493,0.000388221813
12,0.05,2250,2,5.61591146,0.21424538,0.88167441,0.62276572,0.11763712,0.000291737632
12,0.05,296,2,6.04332186,0.85178109,0.6167134,0.48038199,0.25234698,0.000131777696
12,0.05,2548,2,4.8357642,0.24438302,0.6127051,0.63367296,0.09488285,0.000206289057
12,0.05,76,2,5.88348405,0.14076703,0.80730166,0.49698255,0.05647782,0.000230132626
12,0.05,75,2,4.88325238,3.70580972,0.62582643,0.40052559,0.92889642,0.000133181436
12,0.05,68,2,4.88325238,1.12924842,0.64685385,0.74757976,0.54607613,0.000256934973
12,0.05,88,2,6.32455532,0.91190068,0.67021697,0.57339798,0.35044439,0.000233902971
12,0.05,93,2,5.61591146,5.0895379,0.65774059,0.76049752,2.54583823,0.000265773681
12,0.05,2692,2,6.03833905,0.45333344,0.71199826,0.7521977,0.24278882,0.000239457625
12,0.05,231,2,5.7483457,2.01751964,0.85458091,0.44006748,0.7587352,0.000147858836
12,0.05,3963,2,5.15154943,0.54239691,0.90534103,0.96715617,0.47492607,0.000465230664
12,0.05,3,2,5.89767825,3.63960056,0.63981077,0.93059961,2.16704605,0.000440391752
12,0.05,2,2,5.89767825,1.98072283,0.77061674,0.81543351,1.24465992,0.000464784627
12,0.05,90,2,5.88348405,0.68136269,0.69507879,0.87322253,0.41355885,0.000348145013
12,0.05,48,2,5.61591146,2.655267,0.67618151,0.5118483,0.91899417,0.000183892526
12,0.05,52,2,5.15154943,1.67038194,0.86718953,0.63278839,0.91661786,0.000291562758
12,0.05,58,2,5.88348405,1.36645189,0.5148875,0.26432167,0.18596853,7.8063194e-05
12,0.05,22,2,5.7483457,0.19690099,0.7939046,0.82336666,0.12870917,0.000257001947
12,0.05,26,2,5.7483457,2.24072904,0.91398615,0.57665304,1.18098272,0.000207218737
12,0.05,29,2,5.7483457,2.70589267,0.72494702,0.84850756,1.66445689,0.000241844829
12,0.05,30,2,4.8357642,0.65393813,0.60142981,0.70609771,0.27770673,0.000225636458
12,0.05,25,3,7.17902929,1.66456518,0.82175109,0.7899186,1.08049668,7.403102e-06
12,0.05,28,3,7.40152746,0.31126917,0.9235969,0.51666432,0.1485344,9.993698e-06
12,0.05,31,3,7.17902929,0.43327951,0.88193191,0.63530349,0.24276409,6.390096e-06
12,0.05,3979,3,7.74596669,2.10379144,0.70877201,0.43020955,0.64148911,2.409705e-06
12,0.05,3982,3,7.51408933,2.30645929,0.97228474,0.9726202,2.18113499,2.4000023e-05
12,0.05,67,3,7.40152746,0.35084564,0.54790271,0.580616,0.11161139,6.671328e-06
12,0.05,69,3,7.28309538,0.80458204,0.79023666,0.74569587,0.47412106,6.786353e-06
12,0.05,70,3,7.17902929,0.66849489,0.70823177,0.90720074,0.42951357,4.317668e-06
12,0.05,2508,3,7.28309538,0.19567911,0.7607882,0.92033442,0.13701052,9.427697e-06
12,0.05,2524,3,7.51408933,3.65115671,0.43522025,0.92531119,1.47037253,1.2106288e-05
12,0.05,2563,3,7.39022223,0.42589392,0.74755687,0.7044601,0.22428595,6.634077e-06
12,0.05,2542,3,7.51408933,0.86463104,0.55460795,0.85114574,0.40815098,1.1980224e-05
12,0.05,2599,3,7.51408933,0.48356144,0.46247051,0.44745709,0.10006613,2.485163e-06
12,0.05,2611,3,7.74596669,2.57464177,0.8379332,0.74063251,1.59782414,1.0460594e-05
12,0.05,3116,3,7.51408933,1.52496296,0.70034354,0.56006701,0.59815042,4.710538e-06
12,0.05,3123,3,7.51408933,0.31783699,0.71518181,0.75210341,0.17096156,1.6169929e-05
12,0.05,227,3,7.74596669,1.05570188,0.97106757,0.88617457,0.90846882,9.584847e-06
12,0.05,787,3,7.39022223,3.17604724,0.58255777,0.7617598,1.40943159,3.531621e-06
12,0.05,798,3,7.17902929,5.77564333,0.77396469,0.71651192,3.20291149,7.018386e-06
12,0.05,775,3,6.73681048,0.61592421,0.46666345,0.8708323,0.25030274,7.990699e-06
12,0.05,831,3,7.28309538,0.42374376,0.83952945,0.80174963,0.28521872,6.641779e-06
12,0.05,863,3,7.39022223,2.18145917,0.74057037,0.62194057,1.00475992,3.665492e-06
12,0.05,886,3,6.7709788,1.13704231,0.75572715,0.89408949,0.76828551,1.4792229e-05
12,0.05,887,3,7.40152746,1.26761238,0.75281232,0.9699883,0.92563483,1.5292853e-05
12,0.05,666,3,7.17902929,6.02519178,0.80839498,0.73326501,3.57153939,2.392146e-06
12,0.05,36,3,7.40152746,0.47556734,0.88138115,0.83440173,0.34974457,1.6276889e-05
12,0.05,39,3,7.28309538,8.30723882,0.53396082,0.8558867,3.79649091,5.592974e-06
12,0.05,40,3,7.28309538,0.3461488,0.87071181,0.75049576,0.22619631,8.798707e-06
12,0.05,42,3,7.28309538,0.0756894,0.95872254,0.86848319,0.0630216,9.588968e-06
12,0.05,135,3,6.73681048,2.59158303,0.86500006,0.69276331,1.55298101,1.1782772e-05
12,0.05,955,3,6.62164284,1.0166425,0.68131466,0.90479374,0.6267085,7.542256e-06
12,0.05,3843,3,7.17902929,0.20597405,0.54958946,0.31216856,0.03533784,2.163722e-06
12,0.05,899,3,7.17902929,1.11634189,0.90523068,0.93671827,0.94659777,9.691983e-06
12,0.05,911,3,6.62164284,1.4795164,0.63528331,0.77108249,0.72474974,3.106653e-06
12,0.05,3871,3,7.17902929,0.08821032,0.75751512,0.86729339,0.05795311,4.978246e-06
12,0.05,940,3,7.39022223,1.06703754,0.73026224,0.92776876,0.7229334,5.391823e-06
12,0.05,945,3,7.17902929,2.07222562,0.88647841,0.61364969,1.12726421,4.759159e-06
12,0.05,952,3,7.39022223,0.40238949,0.47812382,0.89019929,0.17126722,3.38723e-06
12,0.05,625,3,7.39022223,2.42632422,0.52044599,0.7745545,0.97808474,3.208076e-06
12,0.05,626,3,7.39022223,0.92181294,0.67340264,0.69603851,0.43206679,3.73014e-06
12,0.05,634,3,7.40152746,0.25747726,0.96265663,0.50592806,0.12540044,1.0213629e-05
12,0.05,637,3,6.73681048,0.40811878,0.75966663,0.68081381,0.21107558,1.0169459e-05
12,0.05,999,3,7.17902929,4.08142853,0.54963533,0.9580978,2.14929823,8.016361e-06
12,0.05,2698,3,7.40152746,1.78277611,0.86135772,0.84566033,1.29860274,1.5275639e-05
12,0.05,218,3,7.74596669,0.11301285,0.67561513,0.81869793,0.0625102,6.798096e-06
12,0.05,3127,3,7.74596669,1.43394431,0.89091879,0.74751959,0.95497715,3.031734e-06
12,0.05,201,3,7.17902929,0.44785486,0.69666233,0.79084685,0.24674707,7.346171e-06
12,0.05,211,3,7.17902929,1.18297487,0.84854184,0.70606951,0.70875516,7.582517e-06
12,0.05,212,3,7.51408933,2.14900631,0.78052513,0.80159676,1.34456107,1.3332624e-05
12,0.05,213,3,7.40152746,0.29804966,0.86598567,0.59618512,0.15387939,1.0827089e-05
12,0.05,3096,3,7.17902929,2.80990505,0.78929277,0.78130339,1.73280413,1.1400357e-05
12,0.05,2731,3,7.17902929,1.36707918,0.71557885,0.84465646,0.82628768,7.533965e-06
12,0.05,195,3,6.73681048,0.25065477,0.42425344,0.53618273,0.05701829,3.105876e-06
12,0.05,3922,3,7.40152746,0.48985251,0.88740488,0.40958518,0.17804566,8.04449e-06
12,0.05,1060,3,7.51408933,1.42238749,0.72744585,0.7112671,0.7359551,1.10257e-05
12,0.05,2908,3,7.17902929,0.74375987,0.9535134,0.85899525,0.60918655,9.361856e-06
12,0.05,3033,3,7.17902929,0.53909904,0.73746734,0.78582876,0.31242032,9.862607e-06
12,0.05,3057,3,7.51408933,0.24843474,0.36058524,0.77720418,0.06962343,7.11243e-06
12,0.05,152,3,6.73681048,1.75681603,0.49868272,0.87624408,0.76767201,8.592032e-06
12,0.05,2968,3,7.17902929,1.53382706,0.21506345,0.74812175,0.24678302,9.22412e-07
12,0.05,2905,3,7.40152746,0.99558218,0.8890514,0.54454627,0.48199082,1.0139043e-05
12,0.05,136,3,6.62164284,0.25841704,0.82239452,0.85716199,0.18216472,4.470618e-06
12,0.05,144,3,7.17902929,1.77489095,0.71539182,0.36733371,0.46641921,3.32581e-06
12,0.05,148,3,7.74596669,0.29769242,0.82877085,0.62241077,0.15356044,5.745502e-06
12,0.05,595,3,7.39022223,1.48426809,0.80128969,0.80582752,0.95839381,5.138645e-06
12,0.05,603,3,7.39022223,0.19855448,0.91135026,0.75039131,0.13578532,5.442396e-06
12,0.05,1152,3,7.17902929,0.61958669,0.69526736,0.75935678,0.3271145,4.618907e-06
12,0.05,1171,3,7.17902929,0.69200817,0.74109077,0.85132142,0.43659241,3.617023e-06
12,0.05,1196,3,7.51408933,1.99398703,0.58580502,0.56913707,0.66480196,2.160671e-06
12,0.05,1199,3,7.40152746,1.79005112,0.49633702,0.8484198,0.75379438,8.819069e-06
12,0.05,578,3,7.40152746,0.36303386,0.86005869,0.76745691,0.2396234,1.38421e-05
12,0.05,983,3,7.28309538,0.22140181,0.52442471,0.65942512,0.07656491,3.982595e-06
12,0.05,985,3,7.17902929,2.50222414,0.75986688,0.98652139,1.8757296,4.491932e-06
12,0.05,986,3,7.51408933,3.60633779,0.84648179,0.67804117,2.06985579,1.4566278e-05
12,0.05,988,3,7.51408933,3.79198063,0.66929007,0.88422148,2.24409661,3.835254e-06
12,0.05,993,3,7.74596669,4.19928192,0.59189791,0.57790095,1.4363995,5.546119e-06
12,0.05,1023,3,7.39022223,1.41080134,0.49644576,0.82808176,0.57997716,6.815315e-06
12,0.05,1031,3,7.17902929,2.01522872,0.91082947,0.74289495,1.36360574,1.2456118e-05
12,0.05,197,3,7.17902929,1.17204611,0.64076784,0.65377353,0.4909901,5.301768e-06
12,0.05,2412,3,7.28309538,2.55361401,0.778604,0.85733357,1.70459696,8.31945e-06
12,0.05,2420,3,7.17902929,1.36169817,0.43473639,0.91778167,0.54330816,5.049612e-06
12,0.05,2429,3,7.28309538,1.82828916,0.69360014,0.74100114,0.93966475,6.920289e-06
12,0.05,3248,3,7.17902929,2.78157948,0.53588713,0.899163,1.34030375,7.445835e-06
12,0.05,2464,3,7.17902929,2.8099134,0.65418486,0.93434478,1.7175152,7.735713e-06
12,0.05,267,3,7.28309538,0.24803801,0.4691489,0.94158442,0.10956913,3.110269e-06
12,0.05,2481,3,7.28309538,0.08896034,0.57306354,0.9529975,0.04858374,3.699937e-06
12,0.05,242,3,7.17902929,0.2389757,0.61477696,0.87037626,0.12787285,6.772005e-06
12,0.05,2245,3,6.73681048,0.20241958,0.75289937,0.81947438,0.12488918,1.2131619e-05
12,0.05,2223,3,7.40152746,1.53500408,0.75305098,0.57774643,0.66783808,9.123921e-06
12,0.05,1257,3,7.51809412,0.28382606,0.79767857,0.76510949,0.17322229,4.259539e-06
12,0.05,1267,3,7.17902929,3.82627662,0.27997926,0.85821244,0.91938419,1.820705e-06
12,0.05,559,3,6.62164284,0.61775955,0.78593965,0.87310613,0.423912,4.351917e-06
12,0.05,573,3,6.62164284,1.01452773,0.86723207,0.55070104,0.48452383,3.028835e-06
12,0.05,1311,3,7.17902929,5.38144372,0.41884931,0.68321612,1.53997868,2.505882e-06
12,0.05,1337,3,7.28309538,0.6438361,0.63033951,0.89518516,0.36329776,5.567973e-06
12,0.05,3712,3,7.17902929,0.55125306,0.74078679,0.88227789,0.36028787,4.952422e-06
12,0.05,545,3,7.40152746,0.78967078,0.8541952,0.87516897,0.59033034,1.1341083e-05
12,0.05,550,3,7.28309538,4.42582796,0.86921732,0.81330228,3.12877902,8.141377e-06
13,0.086203,0,0,0.0,0.86746342,0.56014153,0.86260453,0.41914152,0.483180625616
13,0.086203,22,1,2.66886455,1.27278199,0.92709028,0.8274432,0.97636958,0.029415738853
13,0.086203,99,1,3.40596,0.49089092,0.86660363,0.69761207,0.29676965,0.023182167013
13,0.086203,500,1,3.40596,0.23373136,0.73596964,0.9788269,0.168377,0.02762392207
13,0.086203,10,1,2.78665226,1.12515775,0.6108726,0.77732388,0.5342765,0.018208417285
13,0.086203,2,1,3.04312165,0.71076845,0.81897259,0.83492841,0.48601172,0.026220329751
13,0.086203,1,1,2.3500106,1.58516681,0.95042433,0.93041797,1.40175013,0.033909015086
13,0.086203,103,1,3.08242645,2.28139663,0.72851755,0.63475877,1.05499286,0.017732430516
13,0.086203,18,1,3.21568036,0.10826863,0.91270021,0.28340934,0.02800561,0.009918862244
13,0.086203,591,2,3.84763359,0.72155864,0.89260753,0.69210482,0.44576303,0.000869382148
13,0.086203,21,2,3.61267645,0.54428425,0.80866329,0.77385963,0.34060866,0.001684050554
13,0.086203,28,2,3.09983491,1.88445365,0.48334406,0.8422326,0.7671387,0.00058826182
13,0.086203,62,2,4.26160459,0.4905225,0.87473937,0.90474664,0.38820809,0.000622984935
13,0.086203,762,2,3.57978808,0.20684521,0.5060872,0.69083517,0.07231781,0.000940859997
13,0.086203,680,2,4.59368222,3.8947344,0.74431461,0.86352508,2.50327952,0.000904502553
13,0.086203,20,2,3.76208921,2.37123302,0.50173848,0.6370455,0.75791777,0.000461880988
13,0.086203,2237,2,4.3270546,0.56476683,0.76757808,0.68344451,0.296275,0.001224660238
13,0.086203,263,2,4.13800838,1.36669735,0.76461831,0.8707245,0.90990868,0.00179163965
13,0.086203,322,2,4.13800838,2.14313749,0.60661138,0.51980606,0.67577469,0.000848549336
13,0.086203,1446,2,4.40068112,1.70721474,0.84886019,0.73621453,1.06691225,0.000903072834
13,0.086203,15,2,3.38467413,1.43372531,0.63002935,0.90570526,0.81811362,0.001535581528
13,0.086203,13,2,4.13800838,0.73066314,0.92732902,0.64958821,0.44013832,0.001621052907
13,0.086203,5,2,4.56740112,0.21289937,0.82194123,0.86693488,0.1517056,0.001482775563
13,0.086203,3,2,2.99377152,0.96344936,0.57803997,0.56989276,0.31738025,0.000886494848
13,0.086203,254,2,3.72038043,0.53145798,0.79659754,0.49089344,0.20782372,0.000813718841
13,0.086203,344,2,3.85687069,1.1790616,0.81472274,0.58316543,0.56019355,0.001109152862
13,0.086203,1502,2,4.81675483,2.55360342,0.60671956,0.8978784,1.39110198,0.001194265504
13,0.086203,281,2,3.5574087,1.13247723,0.88004439,0.68577141,0.68346052,0.001408879161
13,0.086203,188,2,3.55016043,0.55106135,0.50512771,0.69261396,0.1927935,0.000941494196
13,0.086203,191,2,4.3270546,0.51077719,0.91892222,0.55727267,0.26156401,0.001195463418
13,0.086203,367,2,4.3270546,1.2761054,0.84879363,0.75406877,0.81676968,0.001494179779
13,0.086203,481,2,4.59368222,0.47008162,0.76337793,0.44631561,0.16016033,0.000479468386
13,0.086203,88,2,3.63233526,3.25958495,0.69434543,0.76135127,1.72314951,0.001422610024
13,0.086203,76,2,3.55803052,0.39028327,0.34362422,0.91276533,0.12241167,0.000844049871
13,0.086203,206,2,4.56740112,3.00148514,0.79543304,0.91853824,2.19299209,0.001520369143
13,0.086203,205,2,3.4881018,1.67112213,0.76503013,0.89587373,1.14533764,0.001599982141
13,0.086203,126,2,4.56740112,0.2000018,0.87998664,0.75856351,0.13350635,0.001389044638
13,0.086203,2786,3,5.56476036,1.0098102,0.78054623,0.73465583,0.57905833,4.1097497e-05
13,0.086203,2777,3,5.56476036,0.6404268,0.95613859,0.72841905,0.44603777,4.9915445e-05
13,0.086203,3333,3,5.04398593,0.17374741,0.62507037,0.89044774,0.0967065,3.5943615e-05
13,0.086203,2751,3,4.87518386,0.42462672,0.7804604,0.75469399,0.25010887,7.4790585e-05
13,0.086203,817,3,5.71860822,0.46164669,0.85272419,0.82740768,0.32571507,5.0646328e-05
13,0.086203,694,3,4.96507751,0.49378417,0.89840024,0.90739394,0.40253431,0.000108950916
13,0.086203,437,3,4.80172703,1.91810026,0.88077475,0.89583768,1.51344098,9.6156156e-05
13,0.086203,1139,3,5.14548492,0.55737612,0.4917291,0.70029513,0.19193553,3.0311571e-05
13,0.086203,515,3,4.13684323,1.20194675,0.39939482,0.45212862,0.21704493,8.430341e-06
13,0.086203,2513,3,5.50671999,0.95797543,0.77752014,0.78687641,0.58610111,5.946259e-05
13,0.086203,2782,3,5.69751845,0.84266385,0.89377812,0.81282973,0.61218638,8.7657358e-05
13,0.086203,1062,3,4.80172703,0.25284371,0.67840552,0.56374579,0.09669964,4.6607477e-05
13,0.086203,1026,3,5.35944744,0.28889223,0.81065342,0.61763675,0.14464526,3.3717509e-05
13,0.086203,940,3,5.71860822,1.32467315,0.94157643,0.85435352,1.06561892,3.0609991e-05
13,0.086203,2710,3,4.97939986,1.09626846,0.64177213,0.82724425,0.58201145,5.993914e-05
13,0.086203,2885,3,4.53466994,0.81043135,0.52140113,0.89507562,0.378223,3.2833558e-05
13,0.086203,777,3,5.71860822,0.88468045,0.6805324,0.80257692,0.48319441,3.920625e-05
13,0.086203,159,3,3.88730312,2.58773779,0.70200961,0.66785219,1.21323151,5.2932123e-05
13,0.086203,2851,3,5.04398593,5.99552011,0.74395103,0.81855726,3.65107097,3.9325822e-05
13,0.086203,781,3,4.87518386,0.39233841,0.76071273,0.69900897,0.208624,6.7519404e-05
13,0.086203,38,3,4.40291282,0.21463825,0.7278143,0.87506921,0.1367005,2.3345496e-05
13,0.086203,26,3,5.69751845,1.89718853,0.74919422,0.89489819,1.2719749,7.8895731e-05
13,0.086203,1784,3,5.71860822,3.30201354,0.63017044,0.86403364,1.79790828,3.9084855e-05
13,0.086203,57,3,5.35944744,2.87704268,0.67053997,0.65974255,1.27275693,5.6912332e-05
13,0.086203,37,3,4.80172703,0.37022514,0.60202264,0.39111195,0.08717256,2.8694378e-05
13,0.086203,24,3,3.99741785,0.65008513,0.76640856,0.9450466,0.47085133,5.0956527e-05
13,0.086203,27,3,4.53466994,2.72611026,0.94588495,0.93160595,2.40222666,6.1995021e-05
13,0.086203,266,3,4.18245068,0.37932512,0.4237427,0.97865635,0.15730555,5.0537687e-05
13,0.086203,265,3,4.18431352,7.0427805,0.56655758,0.90519921,3.61187219,2.3942468e-05
13,0.086203,2203,3,5.35944744,1.29082168,0.66846097,0.91638435,0.79071498,4.1251604e-05
13,0.086203,372,3,4.35152172,3.23857152,0.60144407,0.63531821,1.23748529,3.3634733e-05
13,0.086203,3152,3,5.07482796,0.34022181,0.631504,0.74355565,0.159754,1.7211935e-05
13,0.086203,1403,3,5.69751845,0.38036199,0.87194195,0.89601237,0.29716571,9.4267211e-05
13,0.086203,290,3,5.07482796,0.21396361,0.62955292,0.92162965,0.12414482,2.1268105e-05
13,0.086203,303,3,4.00896658,0.80946551,0.85405825,0.95668001,0.66138225,3.814476e-05
13,0.086203,3143,3,4.25352355,0.55295464,0.86309725,0.59763334,0.28522268,5.7673768e-05
13,0.086203,432,3,4.41199964,0.9806625,0.78333472,0.90316281,0.69379792,8.9833556e-05
13,0.086203,430,3,4.97939986,1.99352557,0.83076632,0.6415503,1.06250604,6.017353e-05
13,0.086203,389,3,3.71272802,56.72725181,0.33833449,0.79179099,15.19667477,3.2646734e-05
13,0.086203,3506,3,5.71860822,1.59788399,0.93385772,0.8406458,1.25440856,5.6352552e-05
13,0.086203,3065,3,5.50671999,2.21367577,0.87938653,0.81331507,1.58326147,6.9512719e-05
13,0.086203,1916,3,4.21149147,0.98798248,0.78234601,0.47479205,0.36698773,4.153231e-05
13,0.086203,1275,3,5.07482796,1.95746381,0.56531028,0.79743369,0.88241972,1.6524243e-05
13,0.086203,2518,3,4.92500967,1.62301065,0.81283744,0.69992689,0.92337422,6.3612162e-05
13,0.086203,49,3,4.80172703,1.37619251,0.76540998,0.83961323,0.88440783,7.8317047e-05
13,0.086203,1603,3,4.97939986,0.25128862,0.63533846,0.62589523,0.09992625,4.4895487e-05
13,0.086203,2189,3,5.56476036,0.45604198,0.41696473,0.94998064,0.18064207,2.838879e-05
13,0.086203,244,3,4.80172703,0.34531908,0.57584776,0.91028629,0.18101154,6.3880543e-05
13,0.086203,2098,3,5.35944744,0.67433036,0.67029171,0.68929077,0.31155808,6.5694197e-05
13,0.086203,2111,3,5.14548492,1.81514146,0.86182483,0.81136109,1.26923972,6.1550929e-05
13,0.086203,1620,3,4.97939986,2.2374949,0.86581154,0.78191636,1.51476661,7.6432764e-05
13,0.086203,2181,3,4.02660778,2.42001176,0.6923563,0.24473227,0.41005146,7.910457e-06
13,0.086203,238,3,4.84376099,2.46365322,0.83824125,0.81577503,1.68468618,3.3808586e-05
13,0.086203,4,3,3.83159801,8.47331071,0.89181987,0.93639275,7.07600805,5.8751835e-05
13,0.086203,86,3,4.51300591,1.70523346,0.80657998,0.84234976,1.1585739,2.4904625e-05
13,0.086203,32,4,5.12656872,0.67517811,0.88346762,0.60170144,0.3589137,2.478581e-06
13,0.086203,66,4,5.12656872,13.48695961,0.65408846,0.88979065,7.84943468,2.713662e-06
13,0.086203,67,4,5.12656872,1.62874404,0.67408256,0.76967773,0.8450353,2.419098e-06
13,0.086203,30,4,6.63794246,0.22581976,0.66998405,0.53910265,0.08156388,2.261515e-06
13,0.086203,29,4,6.63794246,0.51079867,0.73935267,0.59042002,0.22297824,2.73323e-06
13,0.086203,33,4,5.12656872,2.98954817,0.86167998,0.90653291,2.33525943,3.642177e-06
13,0.086203,34,4,5.12656872,18.11048693,0.52068116,0.95759198,9.02989073,2.324791e-06
13,0.086203,35,4,5.67131334,1.09212243,0.79880201,0.81567323,0.71158483,3.205695e-06
13,0.086203,102,4,5.88703202,0.97245849,0.62615642,0.71880976,0.43769126,2.797455e-06
13,0.086203,19,4,5.12656872,0.61268371,0.60797623,0.73161292,0.27252371,2.073955e-06
13,0.086203,84,4,5.12656872,2.68634349,0.53279629,0.58177931,0.8326855,1.445276e-06
13,0.086203,109,4,5.67131334,0.16048015,0.48129547,0.86362995,0.06670537,2.045061e-06
13,0.086203,82,4,5.25165812,0.34285486,0.94188852,0.56642669,0.18291677,2.157511e-06
13,0.086203,81,4,5.12656872,0.06127742,0.90614326,0.78038745,0.04333189,3.297149e-06
13,0.086203,115,4,5.67131334,0.52988696,0.53715406,0.77215666,0.21977967,2.040662e-06
13,0.086203,233,4,5.67131334,1.01270908,0.72962813,0.84866329,0.62707818,3.046519e-06
13,0.086203,224,4,5.88703202,0.08549741,0.49157089,0.61874636,0.02600469,1.89045e-06
13,0.086203,1622,4,5.03834426,1.30867563,0.6904313,0.48188748,0.43540972,8.62017e-07
13,0.086203,3689,4,6.08624331,0.6920896,0.78589286,0.46705124,0.25403304,1.145554e-06
13,0.086203,1956,4,4.74181105,0.5132738,0.60271226,0.89163042,0.27583159,1.392338e-06
13,0.086203,1964,4,5.65400618,1.53448422,0.91582553,0.6130728,0.86156335,1.109724e-06
13,0.086203,2092,4,5.39527971,5.04409346,0.54279452,0.7448089,2.03921697,7.68173e-07
13,0.086203,2103,4,5.92136674,0.38430333,0.86217908,0.4421901,0.14651451,1.022924e-06
13,0.086203,2116,4,5.52596642,0.3966212,0.69196752,0.66289987,0.1819322,1.224424e-06
13,0.086203,2871,4,5.03834426,2.03464026,0.62940215,0.9005335,1.15322947,1.468513e-06
13,0.086203,794,4,4.42397429,1.6353396,0.48624288,0.51483712,0.40938418,6.48594e-07
13,0.086203,2834,4,5.03834426,0.43039127,0.86788322,0.85581075,0.31967044,1.924371e-06
13,0.086203,3903,4,5.12656872,2.36239587,0.92547522,0.69802506,1.5261193,3.012085e-06
13,0.086203,2776,4,5.16833523,0.24520956,0.88992984,0.80916444,0.1765753,3.024976e-06
13,0.086203,708,4,5.03834426,4.7885568,0.75545597,0.69971435,2.53124733,1.369556e-06
13,0.086203,716,4,5.92136674,0.26659807,0.77381602,0.48575149,0.10020949,1.00853e-06
13,0.086203,717,4,5.03834426,1.80436786,0.72199635,0.91105756,1.18687751,1.704239e-06
13,0.086203,826,4,5.03834426,1.48103279,0.65257251,0.86863436,0.83951887,1.468641e-06
13,0.086203,3847,4,5.03834426,1.4274225,0.34721847,0.49461549,0.24514502,4.44959e-07
13,0.086203,3412,4,5.03834426,0.56023719,0.61599311,0.85524152,0.29514577,1.364943e-06
13,0.086203,2826,4,5.03834426,2.3345846,0.8006988,0.84951976,1.58800651,1.762351e-06
13,0.086203,2897,4,5.67131334,0.69610661,0.57315231,0.77449955,0.30900604,1.156696e-06
13,0.086203,674,4,5.03834426,1.41885803,0.74388216,0.61952339,0.65388413,1.19402e-06
13,0.086203,681,4,5.57371549,0.08911965,0.44829312,0.76560021,0.03058705,2.44688e-06
13,0.086203,687,4,5.03834426,3.88234997,0.68323053,0.85716464,2.2736635,1.517334e-06
13,0.086203,809,4,5.03834426,0.42135832,0.96385692,0.81824172,0.33231179,2.043356e-06
13,0.086203,2717,4,5.88703202,2.87240603,0.81805802,0.74617183,1.75335067,4.658114e-06
13,0.086203,3425,4,5.16833523,0.71887745,0.72179641,0.76807608,0.39854175,2.328886e-06
13,0.086203,3433,4,6.11182807,0.48291203,0.69178652,0.90041035,0.30080192,8.16854e-07
13,0.086203,3445,4,6.08624331,0.14765229,0.8986575,0.7671786,0.10179604,2.151684e-06
13,0.086203,920,4,4.47366777,1.02245484,0.73722948,0.9616101,0.72484617,1.836756e-06
13,0.086203,2579,4,5.03834426,0.37467787,0.74551175,0.24598713,0.06871079,4.75135e-07
13,0.086203,2662,4,5.39527971,0.46768495,0.58952662,0.41835117,0.11534474,4.68623e-07
13,0.086203,642,4,5.03834426,0.17991664,0.7837706,0.68826992,0.09705526,1.397647e-06
13,0.086203,647,4,5.12656872,3.03833154,0.8233701,0.86590176,2.16620161,3.324261e-06
13,0.086203,649,4,5.03834426,0.29192601,0.51543274,0.55055208,0.08284059,7.35225e-07
13,0.086203,655,4,5.03834426,0.08896176,0.74590326,0.56929532,0.03777665,1.100196e-06
13,0.086203,630,4,5.92136674,0.82724898,0.7694125,0.75497252,0.48053676,1.558574e-06
13,0.086203,635,4,4.92389082,2.20087365,0.67202566,0.90963336,1.34538737,4.358137e-06
13,0.086203,823,4,5.52596642,0.0516568,0.75232889,0.80455776,0.03126745,1.615708e-06
13,0.086203,1500,4,5.03834426,1.27187028,0.78521044,0.81205097,0.81098379,1.652035e-06
13,0.086203,3952,4,5.03834426,0.5416793,0.31831542,0.80381456,0.13859762,6.62923e-07
13,0.086203,3170,4,5.03834426,1.28827177,0.70897879,0.63937862,0.58398116,1.174468e-06
13,0.086203,3188,4,5.03834426,1.62287435,0.73742194,0.70265361,0.8408959,1.342478e-06
13,0.086203,3204,4,5.03834426,0.81526457,0.69572033,0.41245632,0.23394363,7.43468e-07
13,0.086203,1479,4,5.03834426,1.19886822,0.94580584,0.72808337,0.82557123,1.784156e-06
13,0.086203,2061,4,5.03834426,0.10856149,0.80678981,0.77354644,0.06775207,1.61695e-06
13,0.086203,2000,4,5.03834426,1.59570603,0.50081999,0.61888591,0.49458977,8.03049e-07
13,0.086203,2190,4,4.59756239,1.09046629,0.81154623,0.70075328,0.62014129,2.388954e-06
13,0.086203,2201,4,5.03834426,0.68480159,0.6208816,0.78764116,0.33488983,1.26703e-06
13,0.086203,943,4,5.39383512,0.27135202,0.70562907,0.59571296,0.11406347,1.685928e-06
13,0.086203,2586,4,5.88703202,0.16680413,0.61292145,0.35359239,0.03615052,1.34702e-06
13,0.086203,598,4,5.39527971,8.37395632,0.69809333,0.4688755,2.74095383,6.21942e-07
13,0.086203,606,4,5.03834426,2.8178874,0.37461113,0.73244977,0.77318275,7.109e-07
13,0.086203,616,4,5.16833523,4.46028472,0.78890513,0.4201047,1.47823984,1.392232e-06
13,0.086203,3343,4,5.25165812,0.62770473,0.71810481,0.67972863,0.30639298,1.973937e-06
13,0.086203,3357,4,4.85045964,0.74139834,0.62358869,0.67217772,0.31076633,8.28462e-07
13,0.086203,596,4,5.03834426,1.32008339,0.73949142,0.76838669,0.75009166,1.472186e-06
13,0.086203,537,4,4.59756239,0.35961346,0.5087863,0.66906312,0.12241607,1.429986e-06
13,0.086203,966,4,4.54795769,6.44025965,0.70926042,0.79390318,3.6264078,2.625456e-06
13,0.086203,970,4,5.03834426,3.24886528,0.66502068,0.51325431,1.10891806,8.84336e-07
13,0.086203,980,4,4.74181105,0.61270827,0.64387844,0.472297,0.18632572,7.87896e-07
13,0.086203,2521,4,5.27391067,0.70913659,0.61259695,0.92704896,0.40272389,3.56524e-07
13,0.086203,1005,4,5.03834426,13.85711974,0.64832013,0.81180154,7.29310297,1.363607e-06
13,0.086203,963,4,5.39527971,0.32782698,0.73894566,0.91621537,0.2219498,1.286438e-06
13,0.086203,903,4,6.35013704,1.55582773,0.77028709,0.53237342,0.63801441,1.852189e-06
13,0.086203,908,4,5.03834426,1.18923785,0.85739321,0.71950461,0.73363889,1.598319e-06
13,0.086203,912,4,5.26045402,3.98862528,0.94952302,0.44708238,1.69323131,1.285103e-06
13,0.086203,913,4,5.92136674,0.03463039,0.65935206,0.60874328,0.01389981,1.076933e-06
13,0.086203,914,4,5.03834426,4.16226648,0.4423579,0.7688039,1.41553055,8.81128e-07
13,0.086203,2940,4,5.03834426,0.34152137,0.76517857,0.62965619,0.1645448,1.248292e-06
13,0.086203,582,4,5.03834426,1.91399189,0.55836937,0.77548158,0.82876837,1.121871e-06
13,0.086203,287,4,5.12656872,1.08197274,0.64693454,0.63135602,0.44192745,1.904435e-06
13,0.086203,2145,4,5.03834426,1.35293375,0.7357848,0.80198533,0.79835081,1.528857e-06
13,0.086203,1448,4,5.03834426,0.24024672,0.55021681,0.70516281,0.09321391,1.005248e-06
13,0.086203,1375,4,5.12656872,0.13658597,0.89740577,0.73497191,0.09008774,3.075325e-06
13,0.086203,2235,4,6.35013704,0.70270696,0.86878569,0.38237461,0.23344037,1.500438e-06
13,0.086203,294,4,6.35013704,0.1529473,0.89055588,0.91398624,0.12449234,3.676353e-06
13,0.086203,321,4,5.12277665,3.31393219,0.63954205,0.401257,0.85042367,6.88539e-07
13,0.086203,1369,4,5.03834426,0.11677307,0.72461365,0.78232441,0.06619666,1.468734e-06
13,0.086203,3751,4,5.27391067,0.47192903,0.73762801,0.69663037,0.24250266,3.2259e-07
13,0.086203,1408,4,5.39527971,1.51876368,0.80817153,0.96654488,1.18635802,1.484241e-06
13,0.086203,518,4,4.67715389,0.21819909,0.20367999,0.74630657,0.03316794,2.88832e-07
13,0.086203,524,4,4.47436537,0.23352617,0.80652442,0.53483939,0.10073409,2.011279e-06
13,0.086203,1066,4,5.65400618,0.99420934,0.76528206,0.51906999,0.3949347,7.85123e-07
13,0.086203,3054,4,5.03834426,1.25001671,0.80120471,0.67909844,0.68013018,1.409698e-06
13,0.086203,539,4,5.03834426,6.8708195,0.8247192,0.82498966,4.6748012,1.762805e-06
13,0.086203,543,4,5.67131334,0.39081636,0.64345573,0.95332662,0.23973593,3.018056e-06
13,0.086203,552,4,5.03834426,4.28710561,0.66535423,0.79955435,2.28068388,1.378322e-06
13,0.086203,993,4,5.03834426,0.48341253,0.88647526,0.4074732,0.17461582,9.3587e-07
13,0.086203,2543,4,5.03834426,0.33758422,0.74125687,0.81843587,0.20480262,1.571821e-06
13,0.086203,2559,4,5.03834426,2.09077713,0.41683597,0.89493659,0.77994719,9.66512e-07
13,0.086203,461,4,5.12656872,1.6128183,0.71938889,0.94256376,1.09360354,3.161593e-06
13,0.086203,462,4,5.39527971,0.98836104,0.82372903,0.94564355,0.76988782,1.480099e-06
13,0.086203,465,4,4.23703817,0.41161259,0.86332066,0.65456758,0.23260298,1.464119e-06
13,0.086203,466,4,5.12656872,3.02965361,0.91809732,0.39601923,1.10153416,1.695261e-06
13,0.086203,471,4,5.03834426,3.08460196,0.56223891,0.8421345,1.46049975,1.226739e-06
13,0.086203,1107,4,6.03282575,0.05867481,0.67880725,0.71720975,0.02856566,2.324921e-06
13,0.086203,1113,4,5.03834426,0.83597299,0.52021495,0.7536966,0.32777184,1.015849e-06
13,0.086203,455,4,5.03834426,0.53492731,0.75886959,0.55445403,0.22507511,1.09014e-06
13,0.086203,3478,4,6.08624331,0.52569422,0.80080522,0.68980995,0.29039528,1.724028e-06
13,0.086203,1086,4,5.03834426,5.57134882,0.23923468,0.8389814,1.11824463,5.20027e-07
13,0.086203,530,4,5.67131334,1.38565966,0.94629487,0.48119012,0.630957,2.24032e-06
13,0.086203,503,4,5.88703202,0.798602,0.74415687,0.54839519,0.32590313,2.536439e-06
13,0.086203,505,4,5.03834426,0.43968554,0.96325029,0.86595449,0.3667553,2.161145e-06
13,0.086203,2175,4,5.92136674,0.80407306,0.98941892,0.89532829,0.71229194,2.376838e-06
13,0.086203,3248,4,6.35013704,1.2297163,0.81100088,0.57464853,0.57309755,2.429745e-06
13,0.086203,1430,4,5.03834426,8.59206476,0.64728443,0.74866704,4.16371904,1.255549e-06
13,0.086203,2222,4,5.03834426,2.26750014,0.45886023,0.93798053,0.97593652,1.115126e-06
13,0.086203,343,4,5.12656872,0.25810697,0.72177917,0.7806594,0.14543391,2.627226e-06
13,0.086203,345,4,5.92136674,8.78666962,0.71090506,0.5174214,3.2320665,9.86945e-07
13,0.086203,2283,4,5.67131334,8.97755287,0.70737889,0.86869972,5.51670478,3.023351e-06
13,0.086203,1343,4,5.03834426,0.61103759,0.83062472,0.70209144,0.35634155,1.510944e-06
14,0.148618,0,0,0.0,0.46028964,0.62905667,0.67245916,0.19470939,0.42301492296
14,0.148618,46,1,2.03349967,3.53269123,0.63711408,0.76451368,1.72071184,0.026659641521
14,0.148618,1,1,1.99889651,0.8697656,0.47968639,0.31023093,0.12943291,0.008145060682
14,0.148618,429,1,1.91450855,11.60614062,0.54561415,0.97886643,6.19864675,0.029232159384
14,0.148618,518,2,2.99242516,1.13877825,0.88937842,0.64494956,0.65320801,0.002169548615
14,0.148618,1377,2,3.22397219,0.54809074,0.81004982,0.75058201,0.333244,0.002299677468
14,0.148618,167,2,2.42920341,1.88655435,0.75889467,0.80250072,1.1489371,0.000641826149
14,0.148618,163,2,3.09031867,0.81516134,0.73588013,0.58077542,0.34838454,0.00147423174
14,0.148618,1355,2,3.29602407,1.34575159,0.67226077,0.84309313,0.76274298,0.00195507659
14,0.148618,1098,2,2.78172969,0.67205088,0.86155961,0.41813665,0.2421061,0.001362575625
14,0.148618,235,2,2.99086404,1.3414117,0.85657744,0.80933025,0.92993907,0.000730605404
14,0.148618,1146,2,3.22397219,1.34880553,0.53270062,0.8615659,0.61904332,0.001735916177
14,0.148618,2328,2,3.22397219,0.99681403,0.91864606,0.92524607,0.84726568,0.003214863349
14,0.148618,680,2,2.77670522,8.77617412,0.76053866,0.8131201,5.42726744,0.002339015177
14,0.148618,3087,2,3.29602407,0.46126707,0.68292221,0.60948315,0.191993,0.001435765114
14,0.148618,1694,2,3.22397219,2.93801651,0.7827265,0.49665444,1.14213802,0.001470352298
14,0.148618,830,2,2.58089974,7.46332273,0.90283155,0.66632789,4.4897994,0.002275368617
14,0.148618,2,2,2.45247013,1.90372403,0.76827723,0.63435403,0.92779848,0.000513617884
14,0.148618,3703,2,3.22397219,1.76182947,0.82305901,0.71847674,1.04185566,0.002236663916
14,0.148618,7,2,2.57064688,0.74264546,0.64717823,0.87990196,0.42290198,0.000600134594
14,0.148618,4,2,2.69966124,0.10302819,0.82585867,0.43689024,0.03717356,0.000380249408
14,0.148618,97,2,2.69167806,0.33142148,0.95968546,0.42140016,0.13403069,0.001394999564
14,0.148618,78,2,3.27478869,0.4403014,0.84420772,0.76650106,0.28491292,0.000681950025
14,0.148618,87,2,2.66121922,0.5571187,0.76972525,0.52372893,0.2245898,0.001390569672
14,0.148618,1682,3,3.73815256,0.8402672,0.6123222,0.76455599,0.39337496,8.4500549e-05
14,0.148618,135,3,2.98062169,0.4351753,0.92745875,0.62577654,0.25256788,0.000104757254
14,0.148618,1576,3,3.55382652,0.91777839,0.8692367,0.77606308,0.61911725,5.6020714e-05
14,0.148618,1541,3,3.95903037,0.64127064,0.95462963,0.61502404,0.37650293,5.5501668e-05
14,0.148618,2287,3,3.24723597,1.38255548,0.85751651,0.7870287,0.93307301,0.000198692272
14,0.148618,446,3,3.61187945,4.35489021,0.59022357,0.72405195,1.86107333,8.1516999e-05
14,0.148618,1775,3,3.95903037,3.92797607,0.82530477,0.81361076,2.63754496,6.3476076e-05
14,0.148618,416,3,2.87166723,2.98696888,0.422298,0.6637135,0.83720223,2.3276262e-05
14,0.148618,1310,3,3.65919352,0.24052855,0.63347507,0.77816088,0.11856747,0.000145126539
14,0.148618,3177,3,4.13795244,1.85382179,0.48055508,0.79329953,0.70672158,0.000158576576
14,0.148618,1343,3,4.13795244,1.50460331,0.77533461,0.28244122,0.32948775,4.9186074e-05
14,0.148618,330,3,3.56977079,0.41600175,0.7954114,0.94772477,0.31359505,5.009684e-05
14,0.148618,2518,3,3.79983494,3.51333202,0.68871332,0.57320343,1.38696805,0.000119474839
14,0.148618,1398,3,3.41857479,0.17606117,0.75744229,0.90976387,0.12132263,6.5141427e-05
14,0.148618,559,3,2.98259217,2.35632033,0.72670829,0.43678618,0.74793411,2.6359828e-05
14,0.148618,1391,3,3.79983494,0.36097369,0.56692497,0.8329981,0.1704689,0.000142921901
14,0.148618,1882,3,3.56977079,7.98711931,0.50000964,0.74557696,2.9775635,2.4774628e-05
14,0.148618,1511,3,3.79983494,7.04915949,0.8087418,0.76731449,4.37442147,0.000187807304
14,0.148618,390,3,3.23637456,2.76028602,0.65128947,0.85050931,1.52899905,4.6000938e-05
14,0.148618,537,3,2.79904252,17.82929076,0.71290104,0.84406084,10.72845208,0.000108265953
14,0.148618,3312,3,3.18862412,0.68165451,0.94816395,0.79372235,0.51299881,0.000227761982
14,0.148618,3409,3,4.19433289,2.14182827,0.70971308,0.7989924,1.2145352,0.000105342836
14,0.148618,695,3,3.95903037,1.00343439,0.66188683,0.81276399,0.53980533,5.0854246e-05
14,0.148618,696,3,3.71628059,0.33461078,0.68408489,0.69154441,0.15829602,8.5117524e-05
14,0.148618,890,3,3.79983494,0.27134731,0.64887321,0.71015621,0.1250372,0.000139457837
14,0.148618,3586,3,4.13795244,5.46147742,0.73992058,0.66408837,2.68362064,9.3482116e-05
14,0.148618,870,3,3.79983494,1.68494102,0.63134001,0.69140719,0.7354987,0.000132107172
14,0.148618,888,3,3.50473313,4.30774043,0.75052893,0.84384529,2.72822254,0.000177785281
14,0.148618,936,3,3.13830035,0.14664158,0.779619,0.39528118,0.04519035,9.0726982e-05
14,0.148618,1162,3,3.1561967,0.22787887,0.50390326,0.68067036,0.07816063,0.0001009792
14,0.148618,2418,3,4.03468998,0.30660773,0.59299832,0.81171022,0.14758342,9.181558e-05
14,0.148618,274,3,4.03468998,0.20149101,0.87982591,0.36405444,0.06453848,6.1097718e-05
14,0.148618,2359,3,3.65919352,0.53659895,0.34415135,0.72521021,0.13392548,7.3478673e-05
14,0.148618,2352,3,3.95903037,0.70965233,0.57306956,0.7228323,0.29396155,3.9158308e-05
14,0.148618,1048,3,3.65919352,0.65281114,0.79140761,0.48288155,0.24947579,0.000112509386
14,0.148618,243,3,3.971238,0.85993263,0.91943366,0.78366383,0.6196046,6.3576835e-05
14,0.148618,1099,3,3.42071132,3.91823791,0.83279995,0.79588255,2.59705098,0.000200594427
14,0.148618,861,3,3.56977079,1.21806927,0.44539206,0.85315782,0.46285379,2.5252718e-05
14,0.148618,44,3,3.0913714,3.78560253,0.84625294,0.73653707,2.35955342,4.1422002e-05
14,0.148618,24,3,2.8272705,0.54804522,0.60681271,0.41975824,0.13959514,1.6927397e-05
14,0.148618,6,3,3.56977079,0.54654509,0.8052316,0.8209398,0.36129181,4.3930729e-05
14,0.148618,5,3,2.93368148,0.65212901,0.82371869,0.49913892,0.26812288,2.732352e-05
14,0.148618,3,3,3.27220649,0.39538659,0.77353158,0.64301175,0.1966613,3.3054702e-05
14,0.148618,109,3,3.971238,1.34666283,0.84231714,0.9018322,1.02296377,6.7027046e-05
14,0.148618,8,3,2.44747718,11.34268179,0.51300719,0.52303083,3.04345222,2.0835098e-05
14,0.148618,64,3,3.56977079,0.87287095,0.93967429,0.94062696,0.77151577,5.873961e-05
14,0.148618,27,4,4.41269954,0.61444749,0.94571353,0.75577582,0.43917476,4.062722e-06
14,0.148618,68,4,3.56634243,1.86288984,0.48866876,0.83307392,0.75837723,1.097463e-06
14,0.148618,9,4,3.56634243,20.81854808,0.37207962,0.41951277,3.24961195,4.20797e-07
14,0.148618,10,4,3.56634243,2.19793826,0.69640458,0.83833901,1.28320718,1.573885e-06
14,0.148618,11,4,3.32214311,0.24844044,0.79022,0.69609528,0.13665924,1.482888e-06
14,0.148618,36,4,3.56634243,0.48453856,0.86892396,0.64648411,0.27218737,1.514368e-06
14,0.148618,38,4,3.56634243,0.28387593,0.79891145,0.77787975,0.1764167,1.675339e-06
14,0.148618,1122,4,3.56634243,0.3755705,0.59626285,0.34851514,0.07804604,5.6021e-07
14,0.148618,753,4,3.95278507,1.27901005,0.47186141,0.59949205,0.36180273,9.64798e-07
14,0.148618,2339,4,4.44683335,5.87940157,0.42641138,0.47429175,1.18907018,2.133137e-06
14,0.148618,2365,4,3.83694047,2.21285645,0.87652681,0.81691098,1.5845034,1.56829e-06
14,0.148618,808,4,4.44683335,0.03915333,0.73618563,0.43331337,0.01248988,3.364602e-06
14,0.148618,2880,4,3.81618825,1.63819238,0.4012224,0.8902148,0.58511992,5.003432e-06
14,0.148618,2893,4,3.58902902,1.59274232,0.57070186,0.71134169,0.64659609,5.6869e-06
14,0.148618,2895,4,3.81618825,4.19175971,0.73500172,0.82227885,2.53340051,8.466337e-06
14,0.148618,461,4,4.41269954,1.8541708,0.87531183,0.85999538,1.39575327,4.278815e-06
14,0.148618,1656,4,4.6008042,0.28402942,0.805969,0.60413226,0.13829729,1.1832023e-05
14,0.148618,2873,4,3.81618825,2.52289191,0.63096467,0.95062343,1.5132553,8.402366e-06
14,0.148618,1527,4,4.14762269,0.56142649,0.8806779,0.90178584,0.4458753,4.726975e-06
14,0.148618,3003,4,4.17564235,0.49955619,0.6165006,0.7588974,0.23372271,2.000995e-06
14,0.148618,2279,4,3.95129844,0.71438093,0.86341794,0.7987296,0.49266385,9.347621e-06
14,0.148618,385,4,4.03549636,3.79763712,0.48644798,0.92137893,1.70211206,2.40216e-06
14,0.148618,1887,4,4.79660056,0.42223506,0.73328472,0.70681381,0.21884264,4.09731e-06
14,0.148618,2648,4,4.29300823,1.54041307,0.6076715,0.79496897,0.74414272,1.2538167e-05
14,0.148618,2650,4,3.40159571,2.72890236,0.97551676,0.60566962,1.61234704,8.276726e-06
14,0.148618,2661,4,3.40704972,1.49921798,0.5275158,0.83634626,0.66143379,1.504736e-06
14,0.148618,2803,4,3.86977084,1.74999596,0.68324935,0.53270942,0.63695192,1.096173e-06
14,0.148618,2816,4,3.91601082,3.33377153,0.86725047,0.63801859,1.84464887,1.956188e-06
14,0.148618,2767,4,4.6008042,1.22787809,0.89546325,0.7097152,0.78034585,9.824365e-06
14,0.148618,430,4,4.03549636,0.30365234,0.89375373,0.50634647,0.13741758,2.425453e-06
14,0.148618,434,4,3.86977084,0.86695757,0.72863747,0.90383354,0.57094963,1.983396e-06
14,0.148618,439,4,3.56634243,1.26517561,0.72752374,0.76573917,0.70482101,1.501826e-06
14,0.148618,1762,4,3.81618825,0.60140651,0.72538023,0.85717139,0.37393964,8.710066e-06
14,0.148618,2750,4,4.36025321,0.40702574,0.72358711,0.67913527,0.20001795,1.130418e-05
14,0.148618,1747,4,4.41269954,3.59707875,0.59541858,0.80951595,1.73379498,3.663321e-06
14,0.148618,404,4,3.56634243,0.18207085,0.75675105,0.95463414,0.13153169,1.947519e-06
14,0.148618,415,4,3.57345454,0.71977636,0.71973248,0.89570502,0.46401679,3.837063e-06
14,0.148618,1803,4,3.56634243,0.45592824,0.81132452,0.85956011,0.31795624,1.88002e-06
14,0.148618,1000,4,3.81618825,0.27570379,0.65331407,0.97322001,0.17529752,8.906788e-06
14,0.148618,784,4,4.44683335,0.77484584,0.76693164,0.79287241,0.47116743,6.413636e-06
14,0.148618,790,4,3.58902902,0.9006903,0.47759989,0.8642387,0.37176921,5.782105e-06
14,0.148618,795,4,3.86977084,0.99343903,0.38877279,0.53136284,0.20522405,6.22152e-07
14,0.148618,3691,4,4.93164091,1.00299104,0.63376474,0.48201057,0.30639501,4.163761e-06
14,0.148618,3699,4,3.56634243,0.94990127,0.54433803,0.67901505,0.35109654,9.96414e-07
14,0.148618,1153,4,4.74335166,0.70570775,0.57190247,0.77571313,0.31307472,3.847418e-06
14,0.148618,257,4,3.41451217,0.28069923,0.51962844,0.59374454,0.08660316,1.09075e-06
14,0.148618,261,4,4.74335166,6.80518283,0.77627216,0.75688605,3.99838223,5.095546e-06
14,0.148618,1012,4,3.44094388,1.01980066,0.81669306,0.73878673,0.61530896,2.057864e-06
14,0.148618,2388,4,4.73313587,0.25999905,0.349138,0.71720283,0.06510448,1.647641e-06
14,0.148618,566,4,3.22917683,0.49761576,0.93465446,0.20958884,0.09747952,5.28094e-07
14,0.148618,567,4,4.44683335,3.3306708,0.60397778,0.81883427,1.64720889,5.216285e-06
14,0.148618,1905,4,4.36025321,2.7440827,0.87771614,0.63254666,1.52350486,1.2771403e-05
14,0.148618,1912,4,3.24106094,2.27344412,0.63137857,0.74443872,1.06857025,1.267099e-06
14,0.148618,1431,4,3.26461051,1.46921704,0.85370805,0.25518016,0.32006798,5.87284e-07
14,0.148618,388,4,4.03549636,0.6316879,0.75129428,0.32819981,0.15575822,1.321526e-06
14,0.148618,539,4,3.58902902,1.57035824,0.7362008,0.88462356,1.0227124,9.123108e-06
14,0.148618,2687,4,3.69472339,4.8310045,0.81765576,0.72439344,2.86142556,1.3625014e-05
14,0.148618,533,4,3.06989856,0.40735914,0.51097129,0.67102611,0.1396733,9.24331e-07
14,0.148618,599,4,4.14762269,0.74600234,0.85725619,0.59267614,0.37902535,3.024064e-06
14,0.148618,611,4,3.86977084,0.83078056,0.83343378,0.64244899,0.44483206,1.612572e-06
14,0.148618,1998,4,3.81618825,0.20136755,0.79591949,0.6812563,0.10918656,7.595699e-06
14,0.148618,2003,4,4.41269954,3.28467805,0.62477886,0.74915717,1.53741841,2.660503e-06
14,0.148618,591,4,3.95278507,1.13640213,0.51585332,0.98035626,0.57470133,1.72484e-06
14,0.148618,2598,4,4.6008042,0.55490851,0.51255142,0.66299693,0.18856902,8.257671e-06
14,0.148618,2616,4,3.82386348,1.13314072,0.68432072,0.72514791,0.56230265,5.233963e-06
14,0.148618,358,4,4.74335166,0.05503449,0.73994769,0.91551446,0.03728217,5.875062e-06
14,0.148618,366,4,3.56634243,0.20306464,0.57860355,0.56143413,0.0659651,8.75733e-07
14,0.148618,3136,4,4.39981098,1.88158238,0.81067126,0.61630944,0.94008437,3.621499e-06
14,0.148618,560,4,3.58902902,0.23399798,0.55710845,0.86972193,0.11337891,6.787475e-06
14,0.148618,561,4,3.91601082,0.46674044,0.46619629,0.34958582,0.07606731,5.76176e-07
14,0.148618,1074,4,3.81618825,2.29175582,0.89486246,0.65882385,1.35112008,8.258737e-06
14,0.148618,1038,4,3.81618825,0.38171361,0.6478304,0.36743413,0.0908612,3.334486e-06
14,0.148618,2164,4,4.6008042,1.39327528,0.48664534,0.73061778,0.49538145,8.639954e-06
14,0.148618,2125,4,3.30256617,0.30109295,0.8049935,0.89398266,0.21668161,1.0081137e-05
14,0.148618,2129,4,4.36025321,2.5848182,0.57599029,0.75302402,1.12112489,9.977367e-06
14,0.148618,3948,4,4.73313587,0.47823261,0.57724725,0.65154765,0.17986524,3.088974e-06
14,0.148618,892,4,3.95278507,3.50154251,0.78743851,0.5052605,1.39312921,1.356971e-06
14,0.148618,838,4,3.83694047,2.26756648,0.71668988,0.76059363,1.23607262,1.193906e-06
14,0.148618,926,4,3.81618825,0.74578609,0.59374651,0.62325803,0.27598357,5.183905e-06
14,0.148618,3579,4,3.36295796,0.2819604,0.95867575,0.92390405,0.24973921,1.2407568e-05
14,0.148618,276,4,3.477871,0.33516056,0.37856139,0.7373366,0.09355242,3.783401e-06
14,0.148618,1303,4,4.44683335,0.17800728,0.81895769,0.59186096,0.08628175,5.112408e-06
14,0.148618,618,4,3.95278507,1.4778915,0.70860251,0.75757118,0.79335704,1.830901e-06
14,0.148618,626,4,3.81618825,1.14967718,0.49347897,0.75090236,0.42601808,5.19087e-06
14,0.148618,1268,4,4.48534847,0.83449516,0.93381072,0.84887022,0.66149105,1.1539449e-05
14,0.148618,3238,4,3.67761584,0.17553267,0.85586792,0.72556724,0.10900399,1.6117565e-05
14,0.148618,2505,4,4.03549636,1.36745233,0.73180662,0.80685495,0.80742835,3.164602e-06
14,0.148618,2512,4,3.56634243,0.51704343,0.79819036,0.73077855,0.30159164,1.572476e-06
14,0.148618,1354,4,4.41269954,1.91985157,0.61329718,0.95078816,1.11949559,4.431818e-06
14,0.148618,1366,4,3.46647009,0.39901458,0.6975675,0.34470462,0.09594495,3.368382e-06
14,0.148618,285,4,3.21725382,1.72503998,0.89899995,0.85189256,1.32112424,2.064601e-06
14,0.148618,2020,4,3.56634243,0.28050281,0.77973878,0.74582961,0.16312705,1.567763e-06
14,0.148618,707,4,4.03549636,0.63065343,0.72788932,0.81215036,0.37281429,3.16832e-06
14,0.148618,3230,4,3.81618825,1.03987267,0.71958767,0.83500541,0.62481748,8.417072e-06
14,0.148618,326,4,3.56634243,0.75750693,0.58093659,0.3677302,0.16182464,5.75904e-07
14,0.148618,1336,4,4.17564235,1.7626984,0.55141912,0.77647298,0.75472055,1.831208e-06
14,0.148618,25,4,3.15985698,0.61138457,0.70246296,0.96608909,0.41491113,1.8295e-06
14,0.148618,100,4,3.56634243,2.46439993,0.42104503,0.64613716,0.67044701,7.33407e-07
14,0.148618,2233,4,4.41269954,2.61656681,0.76955652,0.83458441,1.68051586,2.0588e-06
14,0.148618,85,4,3.32214311,2.05440702,0.66148925,0.69176646,0.94008859,1.233599e-06
14,0.148618,95,4,4.41269954,0.7086049,0.84682883,0.7466944,0.44806671,3.594207e-06
14,0.148618,99,4,3.56634243,2.73289986,0.79432161,0.87716868,1.90415901,1.878327e-06
14,0.148618,79,4,3.49439541,5.8684828,0.4412557,0.70714543,1.83115413,1.672347e-06
14,0.148618,80,4,4.41269954,0.39924799,0.77883283,0.48022416,0.14932447,2.842598e-06
14,0.148618,130,4,3.56634243,3.02751046,0.36073726,0.82544835,0.9015017,8.02736e-07
14,0.148618,816,4,3.81618825,2.08369147,0.74311529,0.90793365,1.40586534,9.451448e-06
14,0.148618,154,4,3.26638907,0.87011861,0.63464392,0.62616115,0.34577588,1.071292e-06
14,0.148618,47,4,3.24462471,2.46885042,0.86686599,0.72655065,1.55493643,1.69789e-06
14,0.148618,54,4,3.56634243,0.26196345,0.57578043,0.72181579,0.10887395,1.120405e-06
14,0.148618,3618,4,3.86977084,0.40378695,0.40113954,0.58059054,0.0940411,7.01415e-07
14,0.148618,16,4,3.56634243,5.98303369,0.75565169,0.78309429,3.54043934,1.595245e-06
14,0.148618,19,4,3.56634243,0.25187984,0.80877749,0.91498731,0.1863964,1.994968e-06
14,0.148618,21,4,3.56634243,0.36149295,0.67850876,0.76887451,0.18858657,1.40638e-06
14,0.148618,22,4,4.41269954,0.72747084,0.896422,0.7640957,0.49828274,3.893362e-06
14,0.148618,17,5,4.40992653,0.07077699,0.60010468,0.85549451,0.03633593,2.7952e-08
14,0.148618,18,5,4.40992653,0.20156415,0.80845042,0.72903108,0.11879898,3.209e-08
14,0.148618,20,5,4.40992653,7.52291361,0.7956209,0.71353187,4.27076458,3.0909e-08
14,0.148618,23,5,4.40992653,1.26604828,0.39763595,0.86781744,0.43688213,7.0272e-08
14,0.148618,33,5,4.40992653,1.45046561,0.93933064,0.81965868,1.11675773,4.192e-08
14,0.148618,59,5,4.40992653,0.8558509,0.62060937,0.96295586,0.51147312,3.2538e-08
14,0.148618,3590,5,4.63149716,3.78714997,0.44263875,0.68724706,1.15205928,4.6993e-08
14,0.148618,3613,5,4.91575455,1.19576251,0.81950815,0.48986491,0.48003681,1.03937e-07
14,0.148618,862,5,4.42829347,1.17449129,0.90656521,0.61280469,0.6524856,6.55783e-07
14,0.148618,42,5,4.40992653,0.12378008,0.67725393,0.82570296,0.06921913,3.0447e-08
14,0.148618,15,5,4.40992653,0.99751068,0.55683942,0.91041838,0.50569486,2.7602e-08
14,0.148618,158,5,4.40992653,1.63405918,0.66888829,0.84628713,0.92499442,1.15276e-07
14,0.148618,160,5,4.35194818,0.44137037,0.70667185,0.89709772,0.27980838,1.37177e-07
14,0.148618,48,5,4.08819641,0.85925958,0.91359254,0.65102478,0.51106301,1.40792e-07
14,0.148618,55,5,4.40992653,0.53691127,0.94866395,0.68299221,0.34788097,3.5277e-08
14,0.148618,57,5,4.40992653,0.54972266,0.61711682,0.4855976,0.16473563,1.6316e-08
14,0.148618,58,5,4.40992653,6.90881836,0.29124201,0.72067743,1.45010254,1.1428e-08
14,0.148618,968,5,4.40992653,1.12304012,0.68772044,0.79756465,0.6159892,1.33305e-07
14,0.148618,142,5,4.08819641,0.49121575,0.92730246,0.60323099,0.27477508,1.32414e-07
14,0.148618,143,5,4.35194818,1.66052611,0.78428675,0.97863879,1.27450932,1.66081e-07
14,0.148618,147,5,4.40992653,0.33283822,0.8478361,0.86628141,0.24445791,3.9989e-08
14,0.148618,149,5,4.40992653,0.73324283,0.60729151,0.54848618,0.24423659,1.8136e-08
14,0.148618,157,5,4.35194818,0.83007518,0.67762324,0.87392768,0.4915653,1.2814e-07
14,0.148618,123,5,4.40992653,1.51222911,0.50704132,0.7283921,0.55850385,2.0108e-08
14,0.148618,124,5,4.40992653,0.27935285,0.73469316,0.5313106,0.10904546,9.4868e-08
14,0.148618,126,5,4.40992653,1.91511373,0.40314973,0.7309487,0.56434909,6.001e-08
14,0.148618,128,5,4.40992653,0.37834346,0.72168498,0.78017266,0.21302208,1.16215e-07
14,0.148618,131,5,4.35194818,1.57243296,0.88646829,0.8943888,1.24669925,1.71558e-07
14,0.148618,133,5,4.40992653,0.30545378,0.95527655,0.92276618,0.26925656,1.72722e-07
14,0.148618,106,5,4.40992653,0.1820049,0.83307264,0.3862986,0.05857187,1.7522e-08
14,0.148618,1597,5,5.40629621,3.48583175,0.94203851,0.76169932,2.50125889,4.73085e-07
14,0.148618,2916,5,4.40992653,0.36059942,0.80705969,0.57547691,0.16747831,2.5287e-08
14,0.148618,29,5,4.40992653,1.01981646,0.59062635,0.49896126,0.30053957,1.6045e-08
14,0.148618,77,5,4.40992653,1.07251956,0.66642784,0.93465769,0.66805302,1.28567e-07
14,0.148618,81,5,4.40992653,1.17610485,0.54966395,0.90097634,0.58244736,7.1793e-08
14,0.148618,120,5,4.40992653,1.22494725,0.43853974,0.81143737,0.43589446,1.9375e-08
15,0.256226,0,0,0.0,0.59481999,0.88029993,0.60224203,0.31534597,0.530153617108
15,0.256226,1201,1,1.97555277,0.22687196,0.57380519,0.45275015,0.05893915,0.028091817873
15,0.256226,1060,1,1.97555277,2.43955029,0.77306167,0.64449709,1.21547178,0.053875570046
15,0.256226,1,1,1.97555277,7.98052462,0.91103977,0.64639535,4.69966607,0.063678428193
15,0.256226,30,2,2.79385352,0.28872868,0.87533794,0.85667358,0.21651155,0.00973954141
15,0.256226,31,2,2.61341067,0.55816082,0.91987423,0.68205932,0.35019501,0.008148881157
15,0.256226,22,2,2.49889856,0.33794628,0.58302227,0.59969183,0.11815741,0.004541095738
15,0.256226,21,2,2.58243666,0.75612336,0.46199929,0.75935077,0.26526283,0.00455649738
15,0.256226,650,2,2.79385352,0.24019986,0.63301144,0.63313205,0.09626726,0.005205389561
15,0.256226,3080,2,2.79385352,4.54302539,0.88076537,0.95112187,3.80576145,0.010880372902
15,0.256226,498,2,2.79385352,1.01071178,0.77527443,0.6324163,0.49554813,0.006368041617
15,0.256226,178,2,2.79385352,0.54141542,0.61014416,0.5313863,0.17553893,0.00421104806
15,0.256226,87,2,2.79385352,0.27938017,0.69348093,0.80437796,0.15584406,0.007245061302
15,0.256226,42,2,2.53211693,4.17721544,0.77879701,0.39182445,1.27468443,0.003963356967
15,0.256226,519,2,2.79385352,0.56587492,0.51389535,0.48628142,0.14141088,0.003245710236
15,0.256226,40,2,2.5784514,5.28674579,0.81023914,0.85824525,3.6763179,0.009031752179
15,0.256226,2728,2,2.67127359,7.5854425,0.38664928,0.84465136,2.47728294,0.004241720742
15,0.256226,2731,2,2.79385352,4.07816589,0.78465752,0.65611892,2.09955661,0.00668667297
15,0.256226,339,2,2.65617707,1.85113047,0.93465308,0.7672448,1.32745993,0.00931390436
15,0.256226,794,2,2.79385352,2.88302181,0.70705351,0.71539409,1.45829558,0.006569692074
15,0.256226,1471,2,2.79385352,0.15460724,0.85362474,0.55344134,0.07304129,0.006136008748
15,0.256226,107,2,2.60093608,1.68392915,0.68395294,0.6579131,0.75773713,0.005844429642
15,0.256226,56,2,2.79385352,1.37796697,0.3581393,0.76502451,0.37754275,0.003558563442
15,0.256226,2,2,2.67110568,0.77572165,0.65743981,0.52422446,0.26734939,0.004476315224
15,0.256226,17,2,2.57809098,1.67803134,0.89000482,0.92002945,1.3740235,0.010635097458
15,0.256226,49,2,2.61341067,0.26458979,0.63022323,0.60068067,0.10016388,0.00491683289
15,0.256226,51,2,2.60093608,0.41151462,0.70767723,0.76490087,0.22275407,0.00703052501
15,0.256226,52,2,2.60481791,0.71567694,0.84511124,0.86610339,0.52384239,0.009506726502
15,0.256226,113,2,2.79385352,3.10425479,0.73829419,0.82881162,1.89951463,0.007947538945
15,0.256226,2219,2,2.79385352,3.78362537,0.77696035,0.98543951,2.89692304,0.00994434566
15,0.256226,1213,2,2.79385352,0.39693982,0.60909761,0.68077649,0.1645948,0.002375890036
15,0.256226,159,2,2.79385352,1.33049237,0.87291753,0.41498234,0.48196468,0.004704897984
15,0.256226,3,2,2.37848786,4.83044816,0.60955683,0.80353075,2.36594217,0.006361566642
15,0.256226,4,2,2.39639522,4.53877573,0.6967869,0.95732862,3.02760868,0.008663799626
15,0.256226,8,2,2.46733698,4.2236588,0.31639659,0.71639111,0.95735016,0.002943942794
15,0.256226,15,2,2.79385352,2.76537194,0.51392338,0.68568567,0.97448912,0.004576893708
15,0.256226,14,2,2.79385352,0.34545751,0.89632819,0.74702311,0.2313107,0.008696579637
15,0.256226,2866,3,3.24826421,0.88177873,0.83531609,0.73435956,0.54090279,0.001130021387
15,0.256226,80,3,3.42175777,1.10160983,0.74549706,0.8802635,0.72291366,0.000612610592
15,0.256226,47,3,3.16078479,6.1230168,0.82084052,0.89973687,4.52209574,0.000443464353
15,0.256226,483,3,2.76156869,0.90404204,0.72445062,0.8207782,0.5375554,0.001152977018
15,0.256226,558,3,3.09192711,1.12077229,0.40920522,0.87058218,0.39927151,0.000462242707
15,0.256226,1802,3,3.24797811,2.54260635,0.59805203,0.56280815,0.8558122,0.000730122725
15,0.256226,572,3,2.95040573,0.45640962,0.56491327,0.67063631,0.1729114,0.000352091072
15,0.256226,2886,3,3.42175777,0.97366655,0.72946027,0.93426188,0.6635605,0.000929470057
15,0.256226,2874,3,3.0047906,2.7307369,0.95790885,0.90354501,2.36349036,0.000748809071
15,0.256226,2876,3,3.42175777,3.49943974,0.34272203,0.82001691,0.98347506,0.000269693258
15,0.256226,84,3,3.26614104,1.27357342,0.71698645,0.49397962,0.45107002,0.00050788195
15,0.256226,43,3,2.86135879,3.85799368,0.55807877,0.97594646,2.10127554,0.000962464987
15,0.256226,512,3,3.26614104,1.41348941,0.82267433,0.86361995,1.00425307,0.000846930534
15,0.256226,1913,3,3.24797811,1.398809,0.61092819,0.86559083,0.73970956,0.001147094862
15,0.256226,2962,3,3.3102999,0.44211954,0.63780694,0.93978694,0.26500762,0.00113868989
15,0.256226,509,3,2.9535055,0.6414028,0.75125594,0.94220506,0.45400873,0.000425028217
15,0.256226,69,3,3.09192711,2.67449143,0.4381549,0.86325933,1.01160312,0.000490781378
15,0.256226,71,3,3.21160784,1.31943458,0.59742086,0.90722015,0.7151233,0.000438138389
15,0.256226,70,3,2.74018064,2.23204478,0.81570928,0.63316247,1.15279868,0.000417511848
15,0.256226,18,3,3.42175777,2.19802432,0.59211094,0.74155759,0.9651181,0.000409896153
15,0.256226,2470,3,3.27608365,0.68186627,0.71571704,0.61787986,0.30153978,0.00073501877
15,0.256226,19,3,2.93195361,0.77459478,0.52591688,0.9105236,0.37092225,0.001038735169
15,0.256226,111,3,2.96570477,0.03236878,0.76449466,0.65001315,0.01608507,0.000461830669
15,0.256226,76,3,3.24826421,4.55915432,0.36903354,0.55163909,0.92812221,0.000375014389
15,0.256226,23,3,3.42175777,0.11841381,0.6248062,0.87418109,0.06467689,0.000509885442
15,0.256226,24,3,3.10572356,0.22566463,0.69637819,0.51095786,0.08029597,0.000628772727
15,0.256226,37,3,2.83473235,0.89503594,0.71551285,0.80156932,0.51333278,0.001013495842
15,0.256226,192,3,3.42175777,0.69326667,0.5409526,0.4374961,0.16407172,0.000470139731
15,0.256226,187,3,2.75809077,0.32292993,0.66110734,0.55972844,0.11949718,0.000480140654
15,0.256226,186,3,3.42175777,1.17663951,0.87557827,0.81907401,0.84384279,0.000669489841
15,0.256226,183,3,3.24826421,1.10914067,0.73734444,0.58200092,0.47597124,0.000790535063
15,0.256226,177,3,3.24826421,0.2690486,0.82965493,0.5599154,0.12498291,0.000855750116
15,0.256226,175,3,3.32229052,0.20118164,0.66584082,0.44078246,0.05904499,0.000267960283
15,0.256226,174,3,3.25142859,0.71739359,0.78086693,0.9448239,0.52927989,0.000685668301
15,0.256226,167,3,3.42175777,0.49503034,0.71782057,0.84726438,0.30106944,0.000567754682
15,0.256226,1711,3,3.32229052,1.56110629,0.5127079,0.62392633,0.49938534,0.000292064672
15,0.256226,653,3,3.21160784,1.66635225,0.75014321,0.90040194,1.12550497,0.000546007792
15,0.256226,195,3,3.24826421,0.29524246,0.71059283,0.76191968,0.15984859,0.000997371763
15,0.256226,3462,3,3.16078479,1.24999888,0.47944213,0.57060139,0.34196263,0.000164268176
15,0.256226,1000,3,2.94675332,2.11791488,0.92454305,0.76938273,1.50653101,0.00131037812
15,0.256226,2821,3,3.26614104,0.10088868,0.6521436,0.64760095,0.0426082,0.000503440198
15,0.256226,3492,3,3.42175777,3.71143544,0.43831117,0.53568763,0.87143715,0.000320227989
15,0.256226,3496,3,3.21160784,0.99052336,0.68472978,0.26361887,0.17879709,0.000145919708
15,0.256226,731,3,3.27608365,0.46925554,0.7729045,0.75519921,0.27390299,0.000585366498
15,0.256226,373,3,3.42175777,2.74123793,0.96144264,0.6656794,1.75442669,0.000597467611
15,0.256226,3771,3,2.95077326,0.11403947,0.50083077,0.67395039,0.03849232,0.00064121807
15,0.256226,1558,3,3.18548313,0.33295524,0.60216645,0.68523282,0.13738539,0.000382182159
15,0.256226,1111,3,3.10572356,1.36767299,0.87753017,0.95877766,1.15070032,0.001486768701
15,0.256226,198,3,2.92851711,0.1563074,0.89736253,0.89940331,0.12615427,0.000652440102
15,0.256226,1625,3,3.42175777,0.88509362,0.67236086,0.66429913,0.39532595,0.000724025427
15,0.256226,701,3,2.93942595,1.19128983,0.80335369,0.8546218,0.8178962,0.001264759115
15,0.256226,204,3,3.42175777,0.12199025,0.66658849,0.72089728,0.05862142,0.000448597728
15,0.256226,2290,3,3.42175777,0.7705388,0.86381959,0.43894737,0.29216623,0.000508084052
15,0.256226,668,3,3.42175777,0.53981282,0.76018242,0.73017178,0.29963053,0.00040287714
15,0.256226,422,3,3.42175777,1.49324056,0.89851076,0.7536004,1.01110017,0.001000602342
15,0.256226,425,3,3.09192711,0.94888542,0.41310899,0.68443825,0.26829507,0.000366874936
15,0.256226,438,3,3.24826421,1.38565186,0.94852843,0.82658648,1.08640756,0.001444327598
15,0.256226,2829,3,3.32242552,8.6414305,0.50963706,0.68451831,3.01461399,0.000301816646
15,0.256226,2083,3,3.10572356,0.86355207,0.95745289,0.71325983,0.58973066,0.001206781457
15,0.256226,1215,3,3.42175777,0.17269798,0.58780178,0.67579377,0.0686013,0.000370826665
15,0.256226,961,3,3.42175777,2.76521405,0.82408039,0.56704306,1.29215429,0.000626160518
15,0.256226,225,3,2.89879719,0.40634786,0.69230342,0.87516895,0.24619904,0.000363808458
15,0.256226,948,3,2.84291571,2.00105333,0.75610169,0.789968,1.19522143,0.001055487649
15,0.256226,220,3,3.09192711,2.94464766,0.52252857,0.82664298,1.2719246,0.000560463271
15,0.256226,213,3,3.18548313,6.02419643,0.6174065,0.83700031,3.11312058,0.000478643894
15,0.256226,344,3,3.16078479,1.40215057,0.76894659,0.83819997,0.90372952,0.000387015382
15,0.256226,1540,3,3.16078479,1.1502979,0.72216492,0.58371168,0.48489209,0.000253115759
15,0.256226,298,3,3.16078479,0.92154874,0.36114611,0.8159883,0.27157212,0.000176950295
15,0.256226,2136,3,3.10572356,1.83766154,0.73314632,0.6615395,0.89127549,0.000857057355
15,0.256226,309,3,3.24826421,0.66507646,0.66853359,0.5931581,0.26373348,0.000730500898
15,0.256226,1428,3,3.42175777,2.58657084,0.89736787,0.38399808,0.89130007,0.00044756952
15,0.256226,1376,3,3.24826421,0.84220019,0.59508901,0.52270068,0.26196926,0.000573009805
15,0.256226,1436,3,3.42175777,1.22763154,0.84745018,0.7800809,0.81156228,0.000885837129
15,0.256226,1496,3,3.16078479,0.1558025,0.76807266,0.9443832,0.11301211,0.000435546945
15,0.256226,331,3,3.42175777,4.68064994,0.71909712,0.48731972,1.64024111,0.000621591484
15,0.256226,626,3,2.96328401,1.71527787,0.87401455,0.70319541,1.05421495,0.001333187423
15,0.256226,502,3,2.82610105,4.1798968,0.58771922,0.8687974,2.13429262,0.000662533025
15,0.256226,1945,3,3.21160784,1.15461795,0.54868994,0.70583861,0.44716799,0.000313076624
15,0.256226,1670,3,3.16078479,0.54368841,0.85096405,0.83465667,0.38616166,0.000426484738
15,0.256226,1789,3,3.25142859,1.66996036,0.46796257,0.59928695,0.46833014,0.000260634627
15,0.256226,1794,3,3.42175777,0.45663332,0.65387619,0.94170718,0.28117649,0.000446931706
15,0.256226,2575,3,3.42175777,0.46729434,0.72978454,0.66201569,0.22576336,0.000234123133
15,0.256226,628,3,3.00419346,1.73542865,0.88771938,0.41530971,0.6398152,0.000336607275
15,0.256226,1101,3,3.16078479,0.86916631,0.91608001,0.64284297,0.51184821,0.00035360852
15,0.256226,1082,3,3.21160784,0.48663834,0.56527234,0.61976464,0.17048684,0.000283206205
15,0.256226,2311,3,3.42175777,0.19820248,0.73099422,0.51633248,0.07480876,0.000505758807
15,0.256226,20,3,2.84634462,0.43616468,0.69282212,0.61315505,0.18528597,0.000551202504
15,0.256226,25,3,2.81336488,1.79295405,0.60854723,0.60294118,0.65786745,0.000476089244
15,0.256226,32,3,3.10572356,1.4702008,0.84443937,0.8517308,1.05741989,0.001270966981
15,0.256226,27,3,3.24797811,3.54279394,0.71001085,0.68217315,1.71595345,0.001050645318
15,0.256226,33,3,3.42175777,2.22898656,0.75569361,0.94793098,1.59672423,0.000668726204
15,0.256226,3914,3,3.3102999,0.58682873,0.55059469,0.70315196,0.22719176,0.000735475193
15,0.256226,287,3,3.24826421,0.86686068,0.9494969,0.62688162,0.51597468,0.001096493721
15,0.256226,283,3,3.24826421,2.16635543,0.38985408,0.72101017,0.60893816,0.000517810125
15,0.256226,275,3,3.09192711,0.88633651,0.85567212,0.60204034,0.45659549,0.000668424105
15,0.256226,274,3,3.10572356,5.81290858,0.62334667,0.48283018,1.74951449,0.00053184796
15,0.256226,264,3,3.42175777,0.70490877,0.48915095,0.80069712,0.27608581,0.000365625971
15,0.256226,883,3,3.42175777,1.95928765,0.69481556,0.72231465,0.98331839,0.000672505784
15,0.256226,1304,3,3.42175777,0.21895431,0.87535853,0.70902541,0.13589431,0.00045048209
15,0.256226,932,3,3.42175777,0.24925119,0.82446825,0.55055443,0.11313877,0.00042374059
15,0.256226,927,3,3.16078479,0.71689148,0.23024077,0.68536805,0.11312524,9.475246e-05
15,0.256226,256,3,3.10572356,0.2875684,0.6144748,0.77394707,0.13675918,0.000840385949
15,0.256226,249,3,3.26923311,1.34338225,0.95737279,0.68082217,0.87561739,0.001263865383
15,0.256226,244,3,3.26614104,4.19532687,0.86280729,0.72526868,2.62529756,0.000745950335
15,0.256226,241,3,3.09192711,3.7004672,0.86329192,0.74343292,2.3749585,0.000832757579
15,0.256226,3282,3,3.42175777,3.1580806,0.85178808,0.61161955,1.64526602,0.000698092514
15,0.256226,1486,3,3.16078479,2.31834141,0.38137549,0.79709452,0.70475797,0.000182535363
15,0.256226,48,3,3.24797811,0.9265469,0.59205137,0.79975814,0.43871802,0.001027104386
15,0.256226,2392,3,3.16078479,5.7305033,0.70971852,0.77261038,3.14224065,0.000329254022
15,0.256226,131,3,3.26614104,1.69998035,0.6468026,0.50161156,0.55154785,0.000465245413
15,0.256226,138,3,3.42175777,0.83803915,0.7942543,0.90666354,0.60348994,0.001167329441
15,0.256226,128,3,3.16078479,1.02376212,0.67247735,0.87992072,0.60578744,0.000355308519
15,0.256226,124,3,3.21160784,13.48324087,0.87690315,0.85568452,10.11718288,0.000606573656
15,0.256226,2188,3,3.10572356,0.41435557,0.83684687,0.61879714,0.21456925,0.000915077215
15,0.256226,58,3,3.24826421,0.0688686,0.91763467,0.64457297,0.04073457,0.001089604699
15,0.256226,89,3,3.10572356,0.40943779,0.79025622,0.6111316,0.1977382,0.00085342647
15,0.256226,63,3,3.09192711,4.63681353,0.70308148,0.40945719,1.33485408,0.000373536709
15,0.256226,62,3,3.42175777,0.41020001,0.92681193,0.54086405,0.20562475,0.000467956628
15,0.256226,116,3,3.42175777,0.41622701,0.7322553,0.62756628,0.19127243,0.000428990819
15,0.256226,2660,3,3.10572356,3.79946549,0.82220088,0.84833085,2.65012098,0.001232555953
15,0.256226,3341,3,3.42175777,0.4022684,0.79380034,0.61135771,0.19521923,0.001076974705
15,0.256226,3920,3,3.42175777,1.47376232,0.52034783,0.60153514,0.46129867,0.000300372389
15,0.256226,1354,3,3.42175777,0.61790311,0.73355839,0.65096365,0.295061,0.000620229426
15,0.256226,90,3,3.16078479,3.39768066,0.59544544,0.92814202,1.87775517,0.000331849236
15,0.256226,95,3,3.42175777,0.25077601,0.74984313,0.59628842,0.11212767,0.000324531268
15,0.256226,101,3,3.42175777,0.38732434,0.77126208,0.80636899,0.24088546,0.000580579463
15,0.256226,103,3,3.42175777,2.52294397,0.75742911,0.83073424,1.5874926,0.000587394639
15,0.256226,60,3,3.10572356,0.37577849,0.54079889,0.78829605,0.16019799,0.000753335768
15,0.256226,7,3,3.10572356,1.63717421,0.75880467,0.63661693,0.7908663,0.00085363384
15,0.256226,6,3,2.85818647,0.95287374,0.58683972,0.7421062,0.41497403,0.000769571554
15,0.256226,5,3,3.10572356,0.49567597,0.64365218,0.81505539,0.26003765,0.000927047144
15,0.256226,10,3,3.16078479,2.76037456,0.70822299,0.95176746,1.86066799,0.000404748535
15,0.256226,9,3,2.79900103,0.21544212,0.24965688,0.6096482,0.03279091,9.1391805e-05
15,0.256226,13,3,2.89239309,1.06725968,0.71442,0.53353668,0.40680659,0.000494580522
15,0.256226,11,3,2.8305587,0.24070604,0.61392637,0.8140504,0.12029694,0.000648465255
15,0.256226,16,3,2.85069766,0.19270297,0.5457634,0.2718313,0.02858856,0.000192496573
15,0.256226,12,4,3.47448394,1.91740189,0.62902331,0.84537773,1.01960204,8.3468306e-05
15,0.256226,105,4,3.77057471,2.33820643,0.89239175,0.89116616,1.85950387,7.1069063e-05
15,0.256226,106,4,3.72738102,0.13416201,0.79780187,0.59180679,0.06334386,4.2705986e-05
15,0.256226,77,4,3.80160106,0.91639576,0.69749394,0.55969706,0.35774744,8.3657454e-05
15,0.256226,78,4,3.80160106,0.65862242,0.82467931,0.89997973,0.48882605,0.000155484629
15,0.256226,79,4,3.66917184,5.09422209,0.79574029,0.65160905,2.64141311,5.1904089e-05
15,0.256226,92,4,3.72738102,1.4394929,0.90893279,0.51143926,0.6691683,3.1464563e-05
15,0.256226,97,4,3.80184549,0.69992792,0.76537898,0.87412773,0.46827907,0.000148687838
15,0.256226,100,4,3.68080529,0.35355964,0.79692235,0.76562644,0.21572258,0.000158169319
15,0.256226,102,4,3.95110554,0.59766825,0.60620691,0.92934797,0.33671265,6.6713843e-05
15,0.256226,57,4,3.47448394,1.14384422,0.63529919,0.63974195,0.4648898,6.379508e-05
15,0.256226,59,4,3.47709402,0.46431598,0.80932798,0.35391862,0.13299692,5.6229983e-05
15,0.256226,66,4,3.68080529,1.40568754,0.61900503,0.68112501,0.59266571,6.4783535e-05
15,0.256226,67,4,3.66917184,1.13353235,0.75544119,0.61230251,0.52432507,3.5241553e-05
15,0.256226,1062,4,3.46832609,0.43814312,0.62583168,0.35448125,0.09720012,8.710215e-06
15,0.256226,50,4,3.47448394,13.58982431,0.46781287,0.86046818,5.47042197,6.3184571e-05
15,0.256226,129,4,3.80160106,2.77775443,0.57862889,0.27486375,0.44178547,3.4082289e-05
15,0.256226,133,4,3.77057471,0.46964647,0.34124912,0.74377156,0.11920162,2.2681797e-05
15,0.256226,134,4,3.77057471,0.73847252,0.74282995,0.70907783,0.38897138,6.5166126e-05
15,0.256226,144,4,3.77057471,0.51866599,0.39258036,0.7699761,0.15678106,2.701296e-05
15,0.256226,112,4,3.68080529,0.53469153,0.53298071,0.82197247,0.23424594,7.6277321e-05
15,0.256226,121,4,3.95110554,1.12730174,0.93901373,0.83308785,0.88186665,9.3723342e-05
15,0.256226,125,4,3.47448394,6.11380379,0.77877148,0.79280053,3.77472628,9.6912104e-05
15,0.256226,126,4,3.68080529,4.55152472,0.93066544,0.31783765,1.34634338,5.1502179e-05
15,0.256226,1362,4,3.72738102,2.3607693,0.85033709,0.92083542,1.84853079,5.2999163e-05
15,0.256226,2151,4,3.68080529,1.22153017,0.86048539,0.67450062,0.70897358,0.000142859633
15,0.256226,2165,4,3.80160106,1.64602884,0.74684916,0.86433511,1.06255762,0.000135233623
15,0.256226,291,4,3.37807618,0.43798816,0.85275221,0.64800292,0.24202609,4.7056939e-05
15,0.256226,2710,4,3.37807618,0.43058569,0.97683672,0.36570942,0.15382174,3.0421595e-05
15,0.256226,1403,4,3.95110554,0.39103443,0.83476694,0.53687075,0.17524675,5.7236848e-05
15,0.256226,1414,4,3.72738102,6.46129848,0.67112542,0.4699451,2.03784254,2.8527557e-05
15,0.256226,1415,4,3.86528434,1.60315725,0.29425267,0.85051857,0.40121793,1.3678223e-05
15,0.256226,1416,4,3.77057471,12.59980338,0.35713935,0.92872343,4.17914922,4.1035781e-05
15,0.256226,848,4,3.95110554,0.57391077,0.73115077,0.3835234,0.16093229,3.555158e-05
15,0.256226,860,4,3.72738102,0.45565219,0.73372226,0.85334854,0.28529332,4.2379323e-05
15,0.256226,3702,4,3.95110554,0.94419689,0.73641653,0.8397909,0.58392525,9.1327918e-05
15,0.256226,269,4,3.95110554,1.04583157,0.75461367,0.89404828,0.70558183,0.000160632763
15,0.256226,273,4,3.66917184,0.45198804,0.62913814,0.74485562,0.21180932,7.9596094e-05
15,0.256226,885,4,3.66917184,0.92380954,0.6729471,0.59845684,0.37204562,4.6037948e-05
15,0.256226,889,4,3.8171306,0.27737527,0.61119828,0.6162609,0.10447551,3.5742415e-05
15,0.256226,3653,4,3.80184549,4.59538809,0.83177266,0.82876672,3.1678101,7.2805222e-05
15,0.256226,257,4,3.80184549,0.26880948,0.56610961,0.94348067,0.14357476,4.0854181e-05
15,0.256226,260,4,3.68080529,0.17867836,0.770558,0.70281351,0.0967648,9.4291405e-05
15,0.256226,262,4,3.74834784,2.46554237,0.57521747,0.85345546,1.21039019,4.7927028e-05
15,0.256226,265,4,3.95110554,0.32185379,0.93127318,0.32954568,0.09877598,3.5539269e-05
15,0.256226,1289,4,3.72738102,0.99269246,0.79393102,0.59729194,0.4707433,3.2097063e-05
15,0.256226,1296,4,3.44813803,0.6068573,0.58967181,0.96805892,0.34641663,7.713913e-05
16,0.441747,0,0,0.0,0.5819102,0.3534892,0.62543988,0.12865234,0.221086245238
16,0.441747,8,1,1.18068354,2.69646256,0.44475216,0.58315169,0.69934906,0.017568953718
16,0.441747,815,1,1.50457271,1.4284491,0.64400716,0.84871421,0.78075889,0.037025289748
16,0.441747,1,1,1.18068354,0.89138074,0.59117885,0.9471102,0.49909434,0.037928502771
16,0.441747,28,2,1.69596427,0.98197269,0.87440213,0.95581557,0.82070054,0.004498997807
16,0.441747,95,2,1.70272907,2.17213162,0.51989075,0.39276649,0.44353986,0.001099200686
16,0.441747,54,2,1.61495317,2.71202744,0.71308479,0.20242106,0.3914632,0.000777011301
16,0.441747,14,2,1.57646804,3.12170335,0.62732864,0.62454462,1.22306691,0.002109060586
16,0.441747,1732,2,1.91252521,0.30219162,0.45327721,0.83587866,0.11449579,0.00440308827
16,0.441747,1043,2,1.91252521,3.56676073,0.84085457,0.26630637,0.79868665,0.001205404803
16,0.441747,293,2,1.91252521,0.5971039,0.84443849,0.69230175,0.34907067,0.003146979555
16,0.441747,2,2,1.69180253,0.06370936,0.36498731,0.63318916,0.01472361,0.002685724776
16,0.441747,10,2,1.80210851,0.51516231,0.70693976,0.7902456,0.28779853,0.006492242985
16,0.441747,174,2,1.54018398,12.42856668,0.43102515,0.94931788,5.0855194,0.004755153496
16,0.441747,337,2,1.91252521,0.39085063,0.83822825,0.34078527,0.11164876,0.001537706947
16,0.441747,369,2,1.81482376,0.73682749,0.74968129,0.53339,0.29463706,0.002152543896
16,0.441747,251,2,1.91252521,0.85057937,0.93867785,0.69041118,0.55123811,0.003488629585
16,0.441747,267,2,1.91252521,0.90839454,0.49610248,0.87035267,0.39223034,0.005017841527
16,0.441747,1722,2,1.73757816,0.65262744,0.85242634,0.37074431,0.2062513,0.001701225292
16,0.441747,64,2,1.79997922,1.21620103,0.4616503,0.37835719,0.21243227,0.000940254858
16,0.441747,3,2,1.7689695,0.44099995,0.89957372,0.51818343,0.20556957,0.005417146189
16,0.441747,5,2,1.91252521,2.13675267,0.4902283,0.73636565,0.77134054,0.004195098593
16,0.441747,9,2,1.61526888,0.56935744,0.35692177,0.91174816,0.18528187,0.001751775335
16,0.441747,4,2,1.69484627,0.66260931,0.61624139,0.97592439,0.39849656,0.006989036493
16,0.441747,165,3,2.01561774,0.41933961,0.81027875,0.50843571,0.17275729,0.000266222111
16,0.441747,2104,3,2.43341154,0.22221638,0.8001035,0.93684701,0.16656775,0.000276842229
16,0.441747,2177,3,2.27222915,2.08339332,0.51583306,0.56889887,0.61138603,9.8833871e-05
16,0.441747,16,3,2.43341154,3.58751831,0.55851217,0.67352353,1.34952066,0.000483517455
16,0.441747,20,3,2.34762308,0.8480533,0.8657157,0.7138019,0.52405413,0.001229227683
16,0.441747,118,3,2.17921787,4.63233199,0.93498736,0.64058443,2.77448124,0.000387039904
16,0.441747,62,3,1.91312276,6.88631341,0.82181411,0.71392814,4.04031173,0.000139681856
16,0.441747,26,3,1.89349677,2.44751572,0.92990832,0.92903987,2.11446245,0.000558274917
16,0.441747,365,3,2.00808782,1.22037117,0.7219867,0.76072548,0.67026895,0.000184977423
16,0.441747,1415,3,2.43341154,1.1669527,0.64478307,0.60979924,0.45883207,0.000505390706
16,0.441747,2844,3,2.43341154,4.24360494,0.78361842,0.59261121,1.97064976,0.000171511004
16,0.441747,450,3,2.17921787,1.5544502,0.80852822,0.88516115,1.11248545,0.000462478081
16,0.441747,1007,3,2.20721834,2.65298852,0.47148562,0.4872649,0.60949332,5.469473e-05
16,0.441747,390,3,2.12386729,0.75859559,0.86470937,0.70964449,0.46550174,0.001220647691
16,0.441747,399,3,2.20721834,0.32964589,0.82655973,0.88130371,0.2401306,0.00017342502
16,0.441747,372,3,1.98699345,0.8712535,0.92615013,0.55132255,0.44486853,0.00074393717
16,0.441747,481,3,2.15311536,5.89598437,0.59787448,0.85465987,3.01272609,0.000744478976
16,0.441747,3625,3,2.17921787,0.43260839,0.83426208,0.67588806,0.24393393,0.000364376958
16,0.441747,473,3,2.15311536,2.56756554,0.60078143,0.82006824,1.26499272,0.000717820079
16,0.441747,953,3,2.15311536,0.98332458,0.48883018,0.49677842,0.23879082,0.000353809791
16,0.441747,3217,3,2.15311536,0.40088529,0.78999842,0.88861534,0.28142337,0.001022796287
16,0.441747,1967,3,2.26632807,1.21263259,0.59070503,0.66314336,0.47501501,0.000838841633
16,0.441747,351,3,1.98477952,0.36760436,0.60111971,0.63601461,0.14054284,0.000557028192
16,0.441747,3713,3,2.17921787,1.40774534,0.87412326,0.54005157,0.66455665,0.00030505738
16,0.441747,3290,3,2.15311536,0.21456009,0.50995494,0.98726885,0.10802299,0.000733527416
16,0.441747,3278,3,2.03651666,0.61090053,0.42607221,0.44982286,0.11708338,0.000318111857
16,0.441747,214,3,2.17921787,1.22903936,0.56871439,0.72570757,0.50724954,0.000266703983
16,0.441747,2178,3,2.20721834,0.1282362,0.38504457,0.85508266,0.04222112,7.8384647e-05
16,0.441747,701,3,2.35739778,5.92434745,0.80787761,0.56046215,2.68245459,0.000298626571
16,0.441747,740,3,1.94439892,3.18100095,0.95476816,0.43748829,1.32870375,0.000608574111
16,0.441747,182,3,2.15311536,1.17471391,0.67129915,0.82308502,0.64907205,0.000805026003
16,0.441747,183,3,2.43341154,0.73731406,0.62344698,0.50557177,0.23239933,0.000405143701
16,0.441747,185,3,1.94666659,0.22724712,0.90387582,0.55584998,0.11417335,0.000269667954
16,0.441747,189,3,2.01741691,1.53343424,0.62695458,0.70939282,0.68200573,0.00064799549
16,0.441747,3878,3,2.35739778,2.57296443,0.76484601,0.61796425,1.21610519,0.000311726661
16,0.441747,18,3,2.26632807,0.66444817,0.76782054,0.88048104,0.44920114,0.001447710144
16,0.441747,15,3,1.92332176,2.29383784,0.61579936,0.81986855,1.15810029,0.000326254931
16,0.441747,12,3,2.26632807,0.81279749,0.90284274,0.81876066,0.60082976,0.001582963723
16,0.441747,138,3,2.07506097,0.71777299,0.87363696,0.48261321,0.30263372,0.000100378826
16,0.441747,94,3,2.20721834,0.51210615,0.80934734,0.70345633,0.29156277,0.000135545153
16,0.441747,1807,3,2.32228167,3.80072936,0.69135623,0.69798074,1.83405461,0.000800940851
16,0.441747,610,3,2.07385406,4.9206335,0.78484927,0.81174899,3.13493857,0.000214570286
16,0.441747,604,3,2.15311536,0.92078857,0.75586636,0.80157078,0.55788773,0.000882746499
16,0.441747,1548,3,2.27222915,0.51075225,0.75118963,0.93877798,0.36018263,0.000237505702
16,0.441747,526,3,2.17921787,1.11309429,0.94087097,0.91629666,0.95961743,0.000557108519
16,0.441747,311,3,2.00817111,0.34859954,0.66367409,0.87080116,0.20146549,0.00079666221
16,0.441747,1293,3,2.26632807,1.64662348,0.79149213,0.50693991,0.66068948,0.000859221169
16,0.441747,1288,3,2.00817111,0.38198493,0.66840375,0.50326301,0.12849319,0.000463696952
16,0.441747,212,3,2.15311536,2.10149873,0.65648878,0.79311265,1.09418642,0.000758597313
16,0.441747,791,3,2.20744934,1.06086304,0.53499143,0.6701796,0.3803622,0.000192442508
16,0.441747,693,3,2.43341154,1.13126627,0.84236353,0.40076145,0.3819006,0.000433922574
16,0.441747,222,3,2.07506097,2.32267195,0.90244794,0.6548458,1.37261607,0.000140693201
16,0.441747,208,3,2.15311536,0.45012557,0.67565317,0.91561687,0.27846543,0.000901336
16,0.441747,621,3,2.01741691,0.66598673,0.8811264,0.66991868,0.39312067,0.000860021712
16,0.441747,625,3,2.06987655,1.58230195,0.55454204,0.4763922,0.41801174,7.6107819e-05
16,0.441747,896,3,2.15311536,2.3712942,0.70722208,0.76145753,1.27698836,0.000784604168
16,0.441747,2258,3,1.94439892,0.6602216,0.71987453,0.59928373,0.28482561,0.000628547948
16,0.441747,2036,3,2.15311536,0.81789104,0.98924182,0.85042607,0.68807296,0.001225711185
16,0.441747,263,3,2.15311536,7.15363448,0.35489314,0.72299913,1.83553269,0.0003738389
16,0.441747,829,3,2.15311536,1.68989332,0.5812938,0.93910852,0.92250932,0.00079535421
16,0.441747,670,3,1.91599776,0.09064682,0.77936634,0.80746889,0.05704532,0.000916888563
16,0.441747,2537,3,2.15311536,3.93884374,0.85570743,0.52500965,1.7695439,0.000654548304
16,0.441747,150,3,2.20721834,0.62007515,0.61246868,0.41973934,0.15940718,6.1203388e-05
16,0.441747,1302,3,2.27222915,0.194533,0.75468776,0.78613053,0.11541314,0.000199812905
16,0.441747,73,3,2.17921787,0.61576658,0.6771092,0.62385251,0.26010983,0.000272969594
16,0.441747,48,3,1.99222818,0.44515244,0.86372248,0.68583791,0.26369656,0.000317949897
16,0.441747,36,3,2.43341154,1.0484558,0.87749335,0.84073943,0.7734912,0.000948269971
16,0.441747,34,3,2.43341154,0.45656914,0.86678459,0.6748705,0.26707804,0.000751897034
16,0.441747,291,3,2.17921787,5.64591951,0.55967943,0.43320963,1.36890128,0.000156679102
16,0.441747,261,3,2.17921787,1.0664482,0.30940869,0.74506271,0.24584711,0.000148970051
16,0.441747,276,3,2.27222915,3.33544448,0.58564265,0.80264575,1.56787099,0.000158313581
16,0.441747,1123,3,2.20721834,1.01160892,0.57570623,0.73061786,0.42550422,0.000100138971
16,0.441747,400,3,2.1411204,2.46922409,0.84407256,0.84854611,1.76854344,0.000472380341
16,0.441747,3024,3,2.27222915,0.3227244,0.74603609,0.55922847,0.13464211,0.000140511112
16,0.441747,100,3,2.17921787,1.15638946,0.60919325,0.65693154,0.46278505,0.000258612089
16,0.441747,760,3,2.15311536,2.93954245,0.66085507,0.94918722,1.84390205,0.000913917984
16,0.441747,6,3,2.43341154,1.94522572,0.93493042,0.7135999,1.29778896,0.000857552695
16,0.441747,68,3,2.26632807,1.75083865,0.78776557,0.63351786,0.87377977,0.001068704745
16,0.441747,65,4,2.17082863,0.70232181,0.80644338,0.62659318,0.35489159,8.6435517e-05
16,0.441747,66,4,2.17815126,0.75812072,0.83314201,0.80727562,0.50989322,6.7233006e-05
16,0.441747,7,4,2.86098423,2.37046331,0.71450441,0.5835739,0.98840289,0.000109558521
16,0.441747,3049,4,2.62671749,0.38809777,0.63364889,0.84138244,0.20691085,0.000121612756
16,0.441747,51,4,2.41848487,0.38054729,0.72894859,0.34258195,0.09503203,4.2716342e-05
16,0.441747,52,4,2.41848487,0.99990291,0.74036667,0.65806657,0.48716325,8.3339209e-05
16,0.441747,81,4,2.43388121,1.48950357,0.44862957,0.91817418,0.61355644,1.76294e-05
16,0.441747,82,4,2.72029079,2.87788581,0.61321593,0.62012037,1.09436698,0.000124517884
16,0.441747,83,4,2.72029079,0.18397859,0.76155025,0.81428843,0.11408909,0.00020305755
16,0.441747,84,4,2.16038139,0.78772315,0.90671471,0.70783783,0.50556621,0.000109783511
16,0.441747,3954,4,2.86098423,2.23242604,0.7419476,0.41041125,0.67978186,1.6001808e-05
16,0.441747,1192,4,2.64815588,11.21607291,0.44785327,0.38887126,1.95336059,8.360596e-06
16,0.441747,1198,4,2.79661641,1.17019683,0.39252333,0.59797395,0.27466711,2.1476364e-05
16,0.441747,412,4,2.64815588,2.22808197,0.64587092,0.79095563,1.13822735,6.0581241e-05
16,0.441747,414,4,2.20096743,4.97458516,0.67373845,0.92174165,3.08928099,0.000105989365
16,0.441747,103,4,2.43388121,0.57375452,0.83174971,0.6410076,0.30590175,2.2818149e-05
16,0.441747,105,4,2.43388121,0.72704055,0.8245822,0.9463487,0.56734049,3.3397174e-05
16,0.441747,2139,4,2.62671749,2.65641189,0.4421452,0.90268228,1.06021819,9.1040964e-05
16,0.441747,2161,4,2.64815588,3.11005614,0.90008921,0.75548389,2.1148472,3.2644229e-05
16,0.441747,49,4,2.41848487,0.35417531,0.67516262,0.9408951,0.22499242,0.000108663148
16,0.441747,71,4,2.78838182,0.77482218,0.66888317,0.90122158,0.46707207,0.000227038107
16,0.441747,76,4,2.43388121,3.10702603,0.76129388,0.46118116,1.09085942,1.5026176e-05
16,0.441747,77,4,2.78838182,0.23096487,0.71795852,0.84813118,0.14063982,0.000229339726
16,0.441747,3029,4,2.86098423,1.17437444,0.91879883,0.4132759,0.44593042,5.6254496e-05
16,0.441747,781,4,2.44190615,0.86988367,0.88967802,0.6377103,0.49353445,5.6715001e-05
16,0.441747,35,4,2.41848487,1.44279288,0.71277834,0.54774945,0.56330089,6.6783493e-05
16,0.441747,39,4,2.86098423,2.00331914,0.69583295,0.76016281,1.05964831,0.000153683831
16,0.441747,40,4,2.86098423,0.82058949,0.5912319,0.82290909,0.39924149,0.000112086333
16,0.441747,3994,4,2.62671749,0.32618221,0.75661546,0.7907749,0.1951589,0.000136478769
16,0.441747,46,4,2.78838182,0.3307998,0.84262526,0.75751006,0.21114856,0.000240402946
16,0.441747,1180,4,2.51668632,1.06791893,0.59047674,0.72834601,0.45928137,8.5388051e-05
16,0.441747,1716,4,2.86098423,0.59503276,0.57719688,0.51233485,0.17596194,4.3810136e-05
16,0.441747,750,4,2.2517254,2.3961578,0.73574036,0.77623843,1.36846953,3.7546881e-05
16,0.441747,758,4,2.2767664,3.21348899,0.74642488,0.49534942,1.18815905,0.000138284234
16,0.441747,766,4,2.64815588,1.53665702,0.48784137,0.50821607,0.38098157,2.9401355e-05
16,0.441747,778,4,2.64815588,3.88829431,0.6541545,0.84626769,2.15252014,2.657564e-05
16,0.441747,148,4,2.43388121,1.46762554,0.87128467,0.8886267,1.1363044,3.3136299e-05
16,0.441747,151,4,2.43388121,2.24532086,0.79804704,0.84989283,1.52289889,2.9028008e-05
16,0.441747,3909,4,2.79661641,3.49223069,0.59217196,0.86935426,1.79782557,4.9170333e-05
16,0.441747,3911,4,2.86098423,1.18920999,0.73939245,0.96417784,0.84779473,3.7463532e-05
16,0.441747,3922,4,2.62671749,0.61282934,0.91534715,0.55407643,0.31081006,0.000115689121
16,0.441747,1172,4,2.86098423,1.4198704,0.6791574,0.64842119,0.6252826,6.5241564e-05
16,0.441747,1178,4,2.64815588,4.22505968,0.55731317,0.62944133,1.48213381,4.1600149e-05
16,0.441747,270,4,2.62671749,3.2039827,0.44010763,0.66771754,0.94154664,3.3660514e-05
16,0.441747,2253,4,2.62671749,0.67903903,0.54020764,0.98232872,0.36033986,0.000148596767
16,0.441747,1091,4,2.50921417,3.94861227,0.74949598,0.34949367,1.03431569,1.4846084e-05
16,0.441747,1093,4,2.62671749,1.38344545,0.38049534,0.45218756,0.23802907,1.9707749e-05
16,0.441747,2959,4,2.72520905,2.0808637,0.80333012,0.47726153,0.79780016,1.1610231e-05
16,0.441747,3536,4,2.56214944,0.46975087,0.77759379,0.7126058,0.26029734,3.6429758e-05
16,0.441747,2624,4,2.62671749,3.56109756,0.84122842,0.84106847,2.51958586,0.00016139211
16,0.441747,2631,4,2.64815588,0.19465732,0.74518955,0.73733973,0.106956,6.5159045e-05
16,0.441747,2638,4,2.67124537,0.74443757,0.62284419,0.73852948,0.34243295,8.625957e-06
16,0.441747,628,4,2.62671749,0.94637236,0.44030214,0.76757028,0.31983869,7.4330854e-05
16,0.441747,644,4,2.64815588,1.37998871,0.6324461,0.59336887,0.51787365,1.8015401e-05
16,0.441747,657,4,2.56214944,0.10555092,0.79293046,0.63450845,0.05310489,3.3077042e-05
16,0.441747,2552,4,2.67124537,0.59201193,0.71445179,0.76312851,0.32277587,2.2643271e-05
16,0.441747,2226,4,2.72029079,9.71133155,0.73241642,0.5518641,3.92526515,0.000132352615
16,0.441747,241,4,2.64815588,0.31009893,0.63700764,0.81839875,0.16166271,4.130884e-05
16,0.441747,242,4,2.62671749,1.79657398,0.80960551,0.84066294,1.22275785,0.000187960524
16,0.441747,243,4,2.18134785,1.5158021,0.77252368,0.76054423,0.89059198,2.5145533e-05
16,0.441747,248,4,2.43388121,0.65675262,0.82004572,0.71104425,0.3829451,2.4955097e-05
16,0.441747,3825,4,2.46033532,1.79363517,0.85869988,0.89258094,1.37474808,6.3329043e-05
16,0.441747,594,4,2.72029079,0.45738826,0.53544088,0.55924708,0.13696206,9.8052249e-05
16,0.441747,2657,4,2.79661641,0.9470875,0.77057448,0.65129077,0.47531296,4.5920073e-05
16,0.441747,1119,4,2.43388121,2.93574311,0.5471455,0.91712704,1.47316156,2.1476173e-05
16,0.441747,273,4,2.86098423,1.69946854,0.70784173,0.68036451,0.81844772,0.0001399247
16,0.441747,287,4,2.62671749,1.43708411,0.59681329,0.42500223,0.36451204,2.905352e-05
16,0.441747,902,4,2.62671749,1.10451282,0.77907424,0.87784371,0.75538231,0.000164411136
16,0.441747,563,4,2.43388121,0.91047243,0.5588203,0.70145591,0.35689409,1.6776336e-05
16,0.441747,572,4,2.20654279,0.5304064,0.67609066,0.2502036,0.08972371,3.8558428e-05
16,0.441747,3557,4,2.41848487,12.42804324,0.55105913,0.76536166,5.2416457,7.2143564e-05
16,0.441747,582,4,2.64815588,0.47639057,0.91327247,0.43867674,0.19085701,3.3507638e-05
16,0.441747,586,4,2.62671749,0.35988707,0.5501993,0.60931798,0.12065082,3.8400165e-05
16,0.441747,593,4,2.64815588,0.19149605,0.81791615,0.56096869,0.08786324,2.2026376e-05
16,0.441747,867,4,2.56312643,3.07749301,0.96512348,0.93742508,2.78430319,3.9001125e-05
16,0.441747,614,4,2.43388121,0.93073286,0.83446307,0.98474482,0.76481408,3.5168626e-05
16,0.441747,619,4,2.43388121,0.38226638,0.78245942,0.81930682,0.24506117,2.7436769e-05
16,0.441747,3333,4,2.67124537,2.53352191,0.71785293,0.88983462,1.61833876,1.1978565e-05
16,0.441747,3340,4,2.64815588,2.18747177,0.64700212,0.86391791,1.22270204,6.6285494e-05
16,0.441747,1324,4,2.86098423,2.5570035,0.74721818,0.57582451,1.10019305,0.000125012703
16,0.441747,2674,4,2.62671749,0.75109252,0.23443833,0.59459121,0.10469852,1.5966737e-05
16,0.441747,1606,4,2.67124537,0.27608357,0.55731925,0.5733915,0.08822585,9.804896e-06
16,0.441747,855,4,2.62671749,0.62198232,0.559568,0.63292835,0.22028527,8.0787548e-05
16,0.441747,862,4,2.61689427,0.22922045,0.68333093,0.80545502,0.12616118,7.9661552e-05
16,0.441747,3364,4,2.86098423,1.50397812,0.84243258,0.43468679,0.55074824,1.9243682e-05
16,0.441747,3369,4,2.62671749,0.20545182,0.80098569,0.91095914,0.14991105,8.3578143e-05
16,0.441747,3375,4,2.64815588,1.52936909,0.79576466,0.59390758,0.72279614,2.2688154e-05
16,0.441747,2450,4,2.64815588,0.81827209,0.88011994,0.89302223,0.6431346,6.5735955e-05
16,0.441747,1859,4,2.86098423,0.21820997,0.72710282,0.64747514,0.10272911,6.2591555e-05
16,0.441747,1864,4,2.62671749,0.10406671,0.35647845,0.51899631,0.01925349,2.119174e-05
16,0.441747,1868,4,2.50921417,0.14759566,0.34842827,0.30238609,0.01555066,5.971432e-06
16,0.441747,1535,4,2.62671749,5.35330712,0.45904435,0.68233813,1.67678141,7.1448202e-05
16,0.441747,2928,4,2.45854148,13.14413753,0.6947191,0.86843801,7.93012724,0.000112498338
16,0.441747,2936,4,2.62671749,2.14394671,0.85279162,0.52355079,0.95722874,8.9542253e-05
16,0.441747,883,4,2.43388121,0.75694793,0.57639391,0.66387023,0.2896467,1.6376728e-05
16,0.441747,1588,4,2.86098423,1.18574582,0.36703688,0.67215058,0.2925283,3.654879e-05
16,0.441747,890,4,2.62671749,0.77487287,0.85468372,0.78002437,0.51658769,7.6362944e-05
16,0.441747,519,4,2.62671749,7.35983025,0.90429288,0.49726011,3.30948588,5.1506471e-05
16,0.441747,530,4,2.61689427,1.09600102,0.60579124,0.51176313,0.33978402,4.4871272e-05
16,0.441747,534,4,2.43388121,1.22911931,0.89519995,0.38641537,0.42517575,1.480468e-05
16,0.441747,2437,4,2.86098423,0.59924386,0.60436816,0.9402891,0.34053878,7.0543441e-05
16,0.441747,1333,4,2.62671749,1.53220618,0.85936831,0.43404534,0.57152028,8.5084695e-05
16,0.441747,2925,4,2.50921417,0.37339164,0.74972629,0.93760968,0.26247589,3.9840806e-05
16,0.441747,925,4,2.62671749,3.20476394,0.63192729,0.42921376,0.86923416,6.1869663e-05
16,0.441747,929,4,2.64815588,0.44426254,0.49023796,0.66420351,0.14465978,1.5631611e-05
16,0.441747,552,4,2.43388121,3.88789648,0.43539581,0.80803062,1.36781308,1.5056937e-05
16,0.441747,556,4,2.43388121,0.55960539,0.76895563,0.60373626,0.25979479,1.9868868e-05
16,0.441747,560,4,2.61689427,6.57466731,0.97229598,0.84321847,5.3902931,0.000118662908
16,0.441747,1833,4,2.67143625,0.6023591,0.94011882,0.41614863,0.23566044,2.3068364e-05
16,0.441747,296,4,2.62671749,0.08534622,0.1783194,0.88105654,0.0134087,1.7995812e-05
16,0.441747,297,4,2.19186419,2.26563209,0.77276614,0.94987386,1.66304274,3.1415111e-05
16,0.441747,304,4,2.72029079,1.11895602,0.76251417,0.79859438,0.68137655,0.00027010981
16,0.441747,306,4,2.62671749,0.38551285,0.87279388,0.64769521,0.21793212,0.000131394821
16,0.441747,320,4,2.86098423,0.95408545,0.85565307,0.94071839,0.76797065,0.000119248816
16,0.441747,1057,4,2.2948742,0.13314935,0.70063068,0.80593336,0.07518433,8.1726833e-05
16,0.441747,1156,4,2.64815588,0.41051311,0.37664341,0.77896818,0.12044177,3.4792882e-05
16,0.441747,226,4,2.86098423,1.53165696,0.72360721,0.45053443,0.49933542,4.8297828e-05
16,0.441747,230,4,2.72029079,2.63860444,0.55961459,0.5843174,0.86280397,0.000107073045
17,0.761596,0,0,0.0,5.43468564,0.51772637,0.62629299,1.7621881,0.3242483952
17,0.761596,23,1,0.79833724,3.19321302,0.54066686,0.8160802,1.40893346,0.061852705689
17,0.761596,1053,1,1.14587627,0.62942343,0.77847317,0.84674792,0.41489738,0.092404666114
17,0.761596,3908,1,1.14587627,0.48318413,0.85869398,0.55226691,0.22913957,0.066478858151
17,0.761596,912,1,1.14587627,0.36726546,0.3932249,0.56312965,0.08132601,0.031041701498
17,0.761596,2147,1,1.14587627,0.60488201,0.84535248,0.50158599,0.25648023,0.059440074653
17,0.761596,1888,1,1.14587627,2.41108868,0.81820571,0.77796336,1.53474009,0.089231412101
17,0.761596,1565,1,1.14587627,1.83414647,0.52143008,0.6741844,0.6447759,0.049280022283
17,0.761596,164,1,1.0557755,1.95660488,0.7912144,0.72597615,1.12387929,0.080521646926
17,0.761596,173,1,0.88747852,1.13211936,0.63001043,0.8088426,0.57690456,0.071434477009
17,0.761596,2059,1,1.14587627,6.47513109,0.86576357,0.67353357,3.77578378,0.081743770091
17,0.761596,65,1,0.95809823,0.27343861,0.78995965,0.60050278,0.12971188,0.066499142767
17,0.761596,42,1,1.14587627,0.476666,0.84470832,0.52384241,0.21092187,0.062030252091
17,0.761596,55,1,0.97004588,1.70392706,0.75104247,0.93324961,1.19429967,0.098255851705
17,0.761596,68,1,1.14587627,0.23730158,0.89620244,0.54613793,0.11614729,0.068612710245
17,0.761596,120,1,1.14587627,0.59116735,0.18726871,0.87139234,0.09646936,0.022875735983
17,0.761596,53,1,0.82245409,2.10109569,0.73125407,0.72914672,1.12028637,0.07474451576
17,0.761596,292,1,1.14587627,0.54537449,0.34336483,0.7461227,0.13972074,0.035913867427
17,0.761596,1,1,0.8615932,0.35984984,0.55738715,0.34362072,0.06892196,0.026849265935
17,0.761596,2,1,0.9727131,0.38321986,0.71499986,0.75472805,0.2067971,0.075647147889
17,0.761596,7,1,1.14587627,0.14626732,0.36556587,0.68692997,0.03673038,0.035202557565
17,0.761596,15,1,0.96665409,2.77768552,0.82838933,0.5218848,1.20085957,0.060604553925
17,0.761596,2824,2,1.41048331,2.35224522,0.94702169,0.65502023,1.45914091,0.020045285634
17,0.761596,545,2,1.1984413,0.39744437,0.73394324,0.42614436,0.12430699,0.009659293546
17,0.761596,790,2,1.50133989,0.5435858,0.80244948,0.50360291,0.21967166,0.017166534657
17,0.761596,111,2,1.27927538,1.01212218,0.80042016,0.78980352,0.63983799,0.020428415919
17,0.761596,3709,2,1.62051377,3.44072732,0.73942507,0.86596879,2.20316318,0.022629207779
17,0.761596,913,2,1.23370444,6.62119204,0.39895799,0.89717439,2.36995565,0.011054272898
17,0.761596,97,2,1.27927538,0.67682509,0.75879013,0.79262277,0.40706585,0.019435057438
17,0.761596,1286,2,1.41048331,2.14954332,0.64718815,0.65396628,0.90977105,0.013676769292
17,0.761596,31,2,1.22449541,1.24378089,0.71131444,0.54850469,0.48527269,0.004528899292
17,0.761596,926,2,1.19774503,0.32884421,0.82117458,0.67201119,0.1814689,0.014756690817
17,0.761596,2410,2,1.4936481,2.22847709,0.88410331,0.92719929,1.82677174,0.023567332784
17,0.761596,2641,2,1.62051377,3.02036551,0.53456241,0.61626516,0.99500563,0.005013702155
17,0.761596,3000,2,1.62051377,5.12684543,0.87832787,0.90377879,4.06976219,0.028053803428
17,0.761596,488,2,1.49915062,3.26271211,0.7629445,0.79408655,1.97669443,0.015873924866
17,0.761596,213,2,0.85840306,26.60062709,0.71342161,0.70631324,13.40403281,0.016283254738
17,0.761596,517,2,1.35372921,5.08185709,0.51422002,0.83967568,2.19423435,0.015031125042
17,0.761596,412,2,1.55810601,0.50080071,0.83461721,0.86736674,0.36253925,0.025201188719
17,0.761596,3393,2,1.3526735,1.71605338,0.38573805,0.65656207,0.43460934,0.006635777248
17,0.761596,3311,2,1.62051377,0.87561488,0.56989869,0.77104855,0.3847623,0.015529315797
17,0.761596,51,2,1.24134071,0.24458662,0.80300999,0.54707134,0.10744782,0.011747403566
17,0.761596,49,2,1.27984512,2.52853262,0.59295638,0.33556887,0.50312162,0.005320854678
17,0.761596,265,2,1.50133989,0.35563805,0.8916011,0.96775124,0.3068616,0.036653127237
17,0.761596,229,2,1.22871113,0.33004534,0.77534662,0.78157766,0.20000536,0.018715187482
17,0.761596,243,2,1.02261626,5.34712332,0.63474357,0.65408205,2.21998857,0.011936166354
17,0.761596,3,2,1.21356327,1.59254373,0.73107462,0.62176034,0.72389586,0.005276372179
17,0.761596,258,2,1.433658,0.36298124,0.84050638,0.81652845,0.24911307,0.007966416891
17,0.761596,199,2,1.49915062,0.69913529,0.76196093,0.51910781,0.27653588,0.010363675367
17,0.761596,218,2,1.39655819,0.78757146,0.87614371,0.83685544,0.57745183,0.019606621744
17,0.761596,287,2,1.49915062,1.63739791,0.95035439,0.54100238,0.84185829,0.013471262482
17,0.761596,309,2,1.13304521,2.40379439,0.92575423,0.66503306,1.47991323,0.016463262989
17,0.761596,2102,2,1.50306461,0.51288219,0.84870212,0.52789231,0.22978318,0.014652490814
17,0.761596,76,2,1.06671983,1.3606598,0.63442909,0.61486884,0.5307807,0.016570754152
17,0.761596,80,2,1.49915062,2.8144143,0.70605711,0.7450416,1.4804999,0.01378300423
17,0.761596,515,2,1.62051377,1.42527272,0.7533693,0.54399253,0.58411563,0.010990632396
17,0.761596,2274,2,1.25591432,7.23261214,0.86811298,0.97540918,6.12432551,0.022186389122
17,0.761596,152,2,1.49915062,2.99508008,0.48043755,0.86283839,1.24158038,0.01086150325
17,0.761596,593,2,1.50133989,0.78126191,0.91292771,0.78469339,0.5596713,0.030430780178
17,0.761596,2606,2,1.41048331,0.87151173,0.82037272,0.30550394,0.21842446,0.008098892605
17,0.761596,22,2,1.23834493,2.65524818,0.83812983,0.73805125,1.64249079,0.016207698821
17,0.761596,1350,3,1.43174308,0.36630771,0.49024062,0.52373712,0.09405215,0.001807515978
17,0.761596,1479,3,1.24399112,17.44345616,0.84247797,0.71627204,10.5261388,0.004248112884
17,0.761596,1359,3,1.68376337,0.67461391,0.54244204,0.71499855,0.26164581,0.001853561319
17,0.761596,2151,3,1.61146638,3.40256717,0.7271296,0.68823991,1.7027794,0.003561934047
17,0.761596,1934,3,1.28037467,0.66479321,0.85704746,0.95543746,0.54436941,0.005764566236
17,0.761596,1920,3,1.61146638,0.29072729,0.7377849,0.62308868,0.13364891,0.003272003946
17,0.761596,2014,3,1.65759633,0.64690979,0.88640535,0.74385352,0.42654368,0.004206559608
17,0.761596,1914,3,1.71785795,2.26820214,0.83683773,0.52594402,0.99830335,0.001012465995
17,0.761596,1855,3,1.43174308,0.06612417,0.74458285,0.371887,0.01830983,0.001949321725
17,0.761596,822,3,1.45693013,1.81304002,0.56669572,0.8463916,0.8696183,0.004030188732
17,0.761596,1907,3,1.43174308,3.93590069,0.84420685,0.88975447,2.95639989,0.005287842857
17,0.761596,1802,3,1.43174308,1.98771014,0.61203161,0.81837709,0.99558964,0.003526036548
17,0.761596,806,3,1.88692475,0.26522333,0.70594844,0.47647908,0.08921308,0.001579519646
17,0.761596,818,3,1.77358823,8.23478165,0.56990176,0.5183453,2.43260308,0.001919680389
17,0.761596,811,3,1.5655426,1.22796205,0.85388035,0.67933215,0.71230196,0.004155657473
17,0.761596,1801,3,1.88692475,3.02911599,0.80172362,0.81132541,1.97031499,0.003054414495
17,0.761596,130,3,1.41515735,1.04475962,0.6737708,0.68420017,0.48162802,0.002341291721
17,0.761596,849,3,1.98471593,3.58330478,0.49937738,0.78625511,1.40694167,0.001865663451
17,0.761596,858,3,1.43174308,3.05674976,0.74477035,0.85499878,1.9464702,0.004482779396
17,0.761596,879,3,1.33728316,2.14770962,0.58163572,0.6841331,0.85460855,0.002850704635
17,0.761596,938,3,1.66906208,2.90159101,0.8584929,0.68095372,1.69625251,0.001333546012
17,0.761596,2228,3,1.43174308,0.31074966,0.75342358,0.78736022,0.18434159,0.004176112351
17,0.761596,2246,3,1.53583086,1.81940814,0.55573647,0.8050908,0.81403654,0.002308856305
17,0.761596,2349,3,1.71785795,2.42853754,0.49901185,0.7342508,0.88981578,0.000842859059
17,0.761596,2179,3,1.43174308,4.04702146,0.60660145,0.74322008,1.8245526,0.003173805985
17,0.761596,711,3,1.43174308,1.30787422,0.86919442,0.50346525,0.57233777,0.00308067528
17,0.761596,705,3,1.43174308,1.41322918,0.97216303,0.87060166,1.1961102,0.005958241353
17,0.761596,145,3,1.68716644,0.98295224,0.82406877,0.69786007,0.56528078,0.004029688174
17,0.761596,154,3,1.71785795,6.79521879,0.80913987,0.6624148,3.64214367,0.001232972254
17,0.761596,3726,3,1.98471593,1.24309333,0.18395209,0.89800149,0.20534566,0.000358062301
17,0.761596,157,3,1.68716644,2.32025235,0.64988689,0.31184864,0.47023706,0.001420107646
17,0.761596,2056,3,1.88866458,1.12555693,0.52324849,0.60285255,0.35504758,0.00415002251
17,0.761596,137,3,1.88692475,2.66597658,0.6061996,0.36041215,0.5824671,0.00130189882
17,0.761596,144,3,1.66906208,4.98543574,0.41494831,0.79548274,1.64561365,0.00075297136
17,0.761596,2125,3,1.43174308,1.54601417,0.83322797,0.77562167,0.99914207,0.004549600579
17,0.761596,2681,3,1.5655426,1.1786271,0.78432065,0.76551154,0.70765538,0.004301361492
17,0.761596,2698,3,1.18501986,2.28432438,0.51949434,0.797125,0.94594312,0.002136930457
17,0.761596,637,3,1.43174308,0.59917028,0.70288521,0.50076815,0.21089747,0.002477881884
17,0.761596,2594,3,1.53583086,0.24592599,0.73867943,0.68246899,0.12397764,0.002601489464
17,0.761596,633,3,1.43174308,0.14290759,0.69476741,0.7872977,0.07816885,0.003850684324
17,0.761596,2525,3,1.43174308,1.04068519,0.82259098,0.97415962,0.83393739,0.005641226824
17,0.761596,2493,3,1.4462625,3.54007288,0.86393199,0.7534918,2.30446592,0.006244001358
17,0.761596,1497,3,1.5655426,1.11601278,0.95961743,0.88983224,0.95296167,0.006117399117
17,0.761596,1572,3,1.88692475,1.5838352,0.90681381,0.84040062,1.20702003,0.004438447253
17,0.761596,1669,3,1.88866458,1.15799032,0.47275666,0.92428325,0.50599668,0.005748758985
17,0.761596,1664,3,1.43174308,5.19847144,0.47904049,0.73514643,1.8307192,0.002479165776
17,0.761596,96,3,1.71785795,0.45460368,0.81082403,0.90421659,0.33329748,0.001686548215
17,0.761596,3848,3,1.43174308,0.22080484,0.6220255,0.73916339,0.10152131,0.003236742347
17,0.761596,1525,3,1.77358823,0.79436777,0.34606902,0.81982747,0.22537555,0.001843719944
17,0.761596,888,3,1.43174308,0.48019091,0.96157334,0.53843743,0.24861744,0.003644828964
17,0.761596,1511,3,1.77358823,0.67966422,0.83729333,0.91497341,0.52069153,0.004978469716
17,0.761596,1541,3,1.26516198,4.59932995,0.96753773,0.77509124,3.44917562,0.005279347324
17,0.761596,956,3,1.53583086,27.76801122,0.59689011,0.45919936,7.61097737,0.001414421321
17,0.761596,971,3,1.43174308,4.51532935,0.72383342,0.82544893,2.69785297,0.00420618469
17,0.761596,1011,3,1.43174308,5.68961226,0.48441637,0.8894746,2.45151771,0.003033275508
17,0.761596,1147,3,1.43174308,0.09698394,0.82541048,0.74542245,0.05967223,0.004331436403
17,0.761596,976,3,1.68716644,0.13563909,0.82265814,0.7143862,0.0797145,0.004118054558
17,0.761596,1393,3,1.53583086,0.96767899,0.69392072,0.92038864,0.61803407,0.003295825749
17,0.761596,979,3,1.46757031,0.77626858,0.8949888,0.42802563,0.29737153,0.002489414072
17,0.761596,953,3,1.43174308,9.38857272,0.55572305,0.58358459,3.04482125,0.002283083115
17,0.761596,1370,3,1.43174308,0.90771411,0.63023271,0.63446668,0.36296007,0.002814940734
17,0.761596,1001,3,1.43174308,0.22464172,0.72326824,0.97161461,0.15786427,0.004947125489
17,0.761596,1100,3,1.77358823,2.70633387,0.72677128,0.80251268,1.57845074,0.003790176424
17,0.761596,3913,3,1.24807845,6.95221293,0.67913748,0.74902328,3.53651968,0.003581067518
17,0.761596,1139,3,1.88692475,0.29846998,0.74678822,0.6866143,0.15304212,0.003518948428
17,0.761596,1145,3,1.29336791,10.38498436,0.64640409,0.84535602,5.67478738,0.00384683219
17,0.761596,24,3,1.66906208,9.96866648,0.73887604,0.50382621,3.71098676,0.000849192281
17,0.761596,413,3,1.88692475,1.73523367,0.82644254,0.94168941,1.35044941,0.003654505052
17,0.761596,3101,3,1.88692475,1.76856061,0.79430792,0.47820249,0.67177011,0.00226340825
17,0.761596,420,3,1.43174308,0.20010473,0.78558632,0.64815842,0.10189021,0.003584549412
17,0.761596,419,3,1.43174308,3.27788318,0.63780882,0.64647759,1.35156665,0.002902708941
17,0.761596,478,3,1.43174308,0.949012,0.45898141,0.5607893,0.24426796,0.00181198377
17,0.761596,2893,3,1.43174308,3.4266715,0.4731058,0.39360681,0.63810677,0.001310932631
17,0.761596,466,3,1.43174308,0.2973621,0.44577539,0.90366685,0.1197871,0.002835854417
17,0.761596,469,3,1.43174308,0.20750148,0.90670463,0.93831268,0.17653654,0.005989256547
17,0.761596,2921,3,1.65809951,1.27051196,0.82319364,0.45142369,0.47213382,0.001551850915
17,0.761596,2928,3,1.77358823,0.34259777,0.81007685,0.35056836,0.09729342,0.001845477299
17,0.761596,503,3,1.31994418,1.25035414,0.8100668,0.8070892,0.81747674,0.003373847969
17,0.761596,2931,3,1.71785795,1.40644331,0.76328754,0.8643082,0.92785271,0.00151759708
17,0.761596,191,3,1.88692475,1.31133,0.62575745,0.55911257,0.45879353,0.002084814668
17,0.761596,526,3,1.71743353,2.41979311,0.79692654,0.40293847,0.77702548,0.002698119199
17,0.761596,2839,3,1.88692475,0.37791623,0.45912962,0.50745596,0.08804997,0.001043916474
17,0.761596,2811,3,1.71785795,5.98568479,0.55398042,0.81638813,2.70710401,0.001040377078
17,0.761596,564,3,1.43174308,0.26067428,0.39826802,0.4895011,0.05081914,0.001372424947
17,0.761596,570,3,1.45693013,0.87322824,0.84908663,0.95452049,0.70772579,0.00715797575
17,0.761596,166,3,1.88692475,0.24500767,0.69038196,0.95786651,0.16202204,0.003940547702
17,0.761596,167,3,1.71785795,3.28372341,0.65544864,0.44866255,0.96566181,0.000676484989
17,0.761596,575,3,1.68716644,1.30614438,0.84437612,0.94573793,1.04303273,0.005595596412
17,0.761596,165,3,1.66906208,2.38300063,0.52817864,0.90718258,1.14182538,0.001093022827
17,0.761596,683,3,1.43174308,1.09964269,0.70684777,0.84080296,0.65353931,0.004183883839
17,0.761596,752,3,1.65809951,1.48192551,0.70990921,0.45009192,0.47351136,0.001334343573
17,0.761596,618,3,1.17347751,1.65593285,0.79147563,0.44913688,0.58865249,0.002502509631
17,0.761596,214,3,1.43174308,0.74285807,0.6866714,0.51561943,0.26301716,0.002492514687
17,0.761596,212,3,1.51852912,3.53190164,0.71721858,0.92841952,2.35182169,0.001531776727
17,0.761596,3618,3,1.24807845,0.09932823,0.69478915,0.50252789,0.03468054,0.002457948042
17,0.761596,3586,3,1.53583086,0.27161321,0.70337211,0.76187698,0.14555291,0.002765369268
17,0.761596,361,3,1.43174308,0.88896376,0.81170168,0.50498843,0.36438621,0.00288560823
17,0.761596,216,3,1.43174308,2.07627078,0.49200571,0.68302394,0.69773427,0.002365732085
17,0.761596,3189,3,1.43174308,2.17910798,0.61265795,0.81981088,1.09448674,0.003535828965
17,0.761596,357,3,1.67702756,0.53552247,0.8024224,0.63125475,0.27125978,0.00099178753
17,0.761596,349,3,1.43174308,5.3605394,0.53962732,0.91468496,2.64590328,0.003474761227
17,0.761596,339,3,1.43174308,0.15122341,0.76552862,0.68505558,0.07930604,0.003691872877
17,0.761596,338,3,1.68010818,0.24112124,0.69248759,0.74600906,0.12456372,0.004179925612
17,0.761596,326,3,1.18021703,0.17067586,0.64037854,0.7762016,0.08483663,0.003499216357
17,0.761596,327,3,1.28157248,1.79905656,0.90680727,0.7453042,1.21588745,0.004757820513
17,0.761596,3420,3,1.43174308,2.87187785,0.90441428,0.85165467,2.21206003,0.005422386107
17,0.761596,384,3,1.43174308,0.14920083,0.61803878,0.95269875,0.08785016,0.004145059957
17,0.761596,377,3,1.43174308,0.31935249,0.85316251,0.87202313,0.23759105,0.005237442475
17,0.761596,3249,3,1.77358823,3.44729205,0.55286275,0.92003489,1.75347551,0.003305456075
17,0.761596,3322,3,1.88692475,0.19338593,0.87179986,0.70909512,0.11954906,0.003683693251
17,0.761596,382,3,1.43174308,0.31287079,0.79380555,0.72574052,0.18024388,0.004055598909
17,0.761596,376,3,1.34390971,0.75379052,0.72584285,0.79281341,0.43377475,0.004095885287
17,0.761596,379,3,1.43174308,1.00391616,0.8053249,0.73908446,0.59753402,0.004190102888
17,0.761596,368,3,1.71785795,4.19514893,0.79396229,0.86794374,2.8909384,0.00158522579
17,0.761596,374,3,1.32213146,1.07895703,0.70783653,0.5903027,0.45082904,0.002993424364
17,0.761596,3178,3,1.3946005,0.21180071,0.87076444,0.75035873,0.13838755,0.004650544649
17,0.761596,3109,3,1.26724075,2.12319397,0.83354527,0.46048312,0.81495303,0.002702106105
17,0.761596,3563,3,1.43174308,0.26233782,0.67411433,0.78905193,0.13954043,0.003744541424
17,0.761596,249,3,1.43174308,2.49452457,0.7797464,0.8083086,1.57223829,0.004437006624
17,0.761596,3526,3,1.43174308,0.73743534,0.8859126,0.63145833,0.41253378,0.003938175516
17,0.761596,280,3,1.43174308,12.87241846,0.41515002,0.76559497,4.09132783,0.002237502996
17,0.761596,282,3,1.43174308,0.84059534,0.82657108,0.75706379,0.52601685,0.0044052664
17,0.761596,286,3,1.29336791,2.6193789,0.53349765,0.79737862,1.11428279,0.002994722549
17,0.761596,267,3,1.43174308,0.6898073,0.69586303,0.66846114,0.32086896,0.003274608785
17,0.761596,269,3,1.88692475,0.62244914,0.76834634,0.76467967,0.36571303,0.003501053385
17,0.761596,231,3,1.68716644,1.05819263,0.86587858,0.78433835,0.71866282,0.004758828832
17,0.761596,295,3,1.53583086,0.20937081,0.5126405,0.90082866,0.0966877,0.002383077939
17,0.761596,57,3,1.68716644,1.77512862,0.93248522,0.6126117,1.01404464,0.004002827564
17,0.761596,56,3,1.71785795,3.91237837,0.45935999,0.98140938,1.76377921,0.001037058
17,0.761596,3139,3,1.43174308,0.6211609,0.94494659,0.81118812,0.47613812,0.005396203733
17,0.761596,3226,3,1.61146638,1.06104621,0.93733273,0.5782826,0.5751329,0.003858052246
17,0.761596,1108,3,1.88692475,2.2913918,0.58067197,0.63710169,0.84769373,0.001737192044
17,0.761596,1076,3,1.88692475,0.61219358,0.78695763,0.48758727,0.23490512,0.002633336175
17,0.761596,4,3,1.28463976,31.38463808,0.66167494,0.87209767,18.11035384,0.001316326152
17,0.761596,12,3,1.66906208,1.08194276,0.78214991,0.87418298,0.73976985,0.001559717859
17,0.761596,60,4,1.72143305,0.8236595,0.8070355,0.50227603,0.33387416,0.000230683686
17,0.761596,62,4,2.0245495,0.64889017,0.76062229,0.85938454,0.42415811,0.000239983232
17,0.761596,63,4,1.72143305,0.95968497,0.94621416,0.46348148,0.42087247,0.000249576458
17,0.761596,47,4,2.0245495,2.4919388,0.725061,0.9033225,1.63213,0.000240459362
17,0.761596,48,4,1.52095633,1.69954862,0.83282693,0.3840487,0.54359399,0.000182021565
17,0.761596,50,4,1.72143305,0.31516797,0.86963941,0.910883,0.24965708,0.000450799676
17,0.761596,52,4,1.72143305,1.10243083,0.48958579,0.76607903,0.41347925,0.000213444103
17,0.761596,21,4,1.72143305,2.22963004,0.84627314,0.75627391,1.42699511,0.000364226436
17,0.761596,2659,4,2.11155101,7.0885691,0.60290138,0.39406445,1.68411643,0.000197179037
17,0.761596,2674,4,2.0245495,4.64839237,0.31442882,0.41244443,0.60282406,4.7611527e-05
17,0.761596,10,4,1.72143305,1.0206599,0.65317134,0.40896726,0.27264448,0.000152018851
17,0.761596,1083,4,2.06496208,1.07752076,0.70870203,0.67763636,0.51747101,0.000140454875
17,0.761596,1117,4,2.0245495,1.36229084,0.61476521,0.69803687,0.58459821,0.00015754766
17,0.761596,1067,4,1.83382679,15.3577403,0.92647173,0.73849866,10.50773713,0.000675339076
17,0.761596,3964,4,1.83382679,0.99469785,0.55665074,0.73955634,0.40949183,0.000441243076
17,0.761596,67,4,2.0245495,0.17969762,0.83390019,0.69285958,0.10382493,0.000212120974
17,0.761596,2598,4,2.11155101,9.19894411,0.38454442,0.69663913,2.4642931,0.000222331801
17,0.761596,2726,4,1.72143305,2.09530076,0.79700845,0.75801513,1.26586435,0.000343813232
17,0.761596,2735,4,1.83382679,1.4746498,0.48068475,0.7651432,0.54236538,0.000461556461
17,0.761596,544,4,1.83382679,0.68092176,0.73778865,0.65648064,0.32980035,0.000727607455
17,0.761596,560,4,1.72143305,1.90280372,0.65835373,0.83878313,1.05075866,0.000314261206
17,0.761596,562,4,1.62515348,0.56147403,0.57703756,0.70637954,0.22886104,0.000269932976
17,0.761596,2652,4,1.97733566,7.27855535,0.79003277,0.62062048,3.56875224,0.000755049389
17,0.761596,608,4,2.0245495,0.49237056,0.6357632,0.72945735,0.22834282,0.000170262736
18,1.313032,0,0,0.0,1.60859449,0.46647028,0.69803521,0.52377877,0.325612680892
18,1.313032,149,1,0.87269457,0.27223745,0.67967779,0.63941462,0.11831328,0.080330538962
18,1.313032,1,1,0.75794533,0.91212603,0.75308266,0.66724418,0.45833423,0.092880058916
18,1.313032,1505,1,0.78667768,2.37974843,0.9067026,0.64477904,1.39125527,0.10806145612
18,1.313032,9,1,0.72861579,1.33447891,0.91672009,0.54121537,0.66209238,0.091706879666
18,1.313032,1258,2,1.15588794,0.90392648,0.69388285,0.82233676,0.5157853,0.030085142153
18,1.313032,156,2,0.87329179,4.51505778,0.58175222,0.56831591,1.49276409,0.017211690026
18,1.313032,743,2,1.13687149,0.39913993,0.41815645,0.9456687,0.15783488,0.020586071
18,1.313032,4,2,1.04142,0.68283383,0.60338245,0.85226797,0.35114288,0.027113467049
18,1.313032,5,2,0.95367693,0.20348495,0.81714491,0.68573536,0.11402181,0.029544173091
18,1.313032,2,2,0.91775425,0.83937081,0.77119158,0.69309528,0.44865146,0.028181975556
18,1.313032,31,2,1.00983634,0.7177768,0.79846425,0.82583997,0.47330467,0.034327882976
18,1.313032,312,2,1.15588794,0.57938841,0.84501141,0.74830451,0.36636227,0.033339351385
18,1.313032,2430,2,1.13687149,2.93372152,0.83479775,0.33818913,0.82824686,0.014697266122
18,1.313032,1891,2,0.97583577,2.10721949,0.70904084,0.86703377,1.29543921,0.037711326548
18,1.313032,774,2,1.13687149,0.42415893,0.91760752,0.70181525,0.27315452,0.033525511844
18,1.313032,53,2,1.03221784,1.17734014,0.78954048,0.79797146,0.74176052,0.033218343766
18,1.313032,3884,3,1.23459887,3.18988114,0.4594902,0.93208303,1.36617193,0.004184543655
18,1.313032,231,3,1.23459887,0.55403668,0.7744112,0.80433716,0.34510264,0.006085930766
18,1.313032,958,3,1.23459887,0.6755582,0.90683638,0.77717841,0.47611563,0.006885998298
18,1.313032,2925,3,1.23459887,2.77569342,0.82025319,0.3269201,0.74432233,0.002620033252
18,1.313032,428,3,1.00056998,7.9834564,0.88612255,0.40148693,2.84024728,0.003476021406
18,1.313032,406,3,1.10236608,0.34717512,0.49755748,0.82013576,0.1416699,0.006843756974
18,1.313032,232,3,1.35169134,2.89296778,0.80571456,0.6536156,1.52351671,0.009930596378
18,1.313032,196,3,1.23459887,0.42451948,0.82386146,0.92808026,0.32459165,0.007470625554
18,1.313032,1959,3,1.23459887,2.33655576,0.47721271,0.75229878,0.83883879,0.003507677088
18,1.313032,455,3,1.26199291,1.26922223,0.82006714,0.70674729,0.7356161,0.010929121762
18,1.313032,1713,3,1.11948753,1.8123839,0.64809818,0.39948228,0.46923296,0.005045207925
18,1.313032,1778,3,1.35169134,0.6442747,0.95310056,0.25338036,0.15559038,0.004553898739
18,1.313032,27,3,1.10572663,0.22932208,0.55925451,0.14666534,0.01880974,0.001312206367
18,1.313032,19,3,1.29270859,1.539851,0.59456314,0.76824675,0.70335959,0.007660626422
18,1.313032,33,3,0.97672995,0.38971289,0.19371748,0.88431918,0.06676097,0.002873051644
18,1.313032,7,3,1.26643937,0.60519404,0.60882793,0.63795374,0.23505982,0.006213680456
18,1.313032,13,3,1.35873155,0.22036643,0.71922183,0.81902639,0.12980942,0.009066497472
18,1.313032,81,3,1.14083843,0.7389989,0.81739945,0.55394616,0.33461522,0.007243810256
18,1.313032,3,3,1.00114285,2.87984833,0.72220024,0.2498993,0.51974735,0.002887272899
18,1.313032,1208,3,1.16153585,2.95970593,0.5546337,0.95754885,1.57186686,0.010014722052
18,1.313032,325,3,1.23459887,4.6754967,0.81842018,0.55766805,2.13392842,0.004459327206
18,1.313032,1019,3,1.35873155,1.91997985,0.85495505,0.38987626,0.63998051,0.005130372039
18,1.313032,3333,4,1.32768072,0.23486074,0.77538229,0.34536909,0.06289408,0.00052841547
18,1.313032,2566,4,1.51189622,0.64412303,0.66129036,0.82042299,0.3494611,0.001373387481
18,1.313032,1217,4,1.51189622,0.47320365,0.78037566,0.65020031,0.24010377,0.001752958469
18,1.313032,934,4,1.32768072,0.56855398,0.56035237,0.82748172,0.26362787,0.000914946704
18,1.313032,923,4,1.3281125,0.4208587,0.56736285,0.58379728,0.13939888,0.000542880855
18,1.313032,894,4,1.60893296,0.10593469,0.90368045,0.92377866,0.08843435,0.004705999485
18,1.313032,1759,4,1.51189622,3.49704074,0.7980496,0.87256738,2.43517149,0.001762754902
18,1.313032,1985,4,1.45284594,3.03347364,0.95610316,0.49400791,1.43277792,0.002685166909
18,1.313032,248,4,1.11330969,0.13901236,0.77844469,0.72541383,0.07849952,0.000420638928
18,1.313032,485,4,1.3281125,2.69447682,0.90075508,0.82489132,2.00206377,0.001217825383
18,1.313032,1008,4,1.3281125,2.65447263,0.76183881,0.93622515,1.89330966,0.001169028137
18,1.313032,3919,4,1.32768072,4.04292456,0.71273669,0.71602121,2.06324422,0.001007003948
18,1.313032,3663,4,1.60893296,1.52679969,0.67919384,0.74154909,0.76898117,0.002839243928
18,1.313032,3343,4,1.32768072,0.32497439,0.73144934,0.63208746,0.15024865,0.000912299842
18,1.313032,851,4,1.25169141,2.77192408,0.90999348,0.67113942,1.69290412,0.002372680935
18,1.313032,866,4,1.32768072,0.56728583,0.90493947,0.71994987,0.36959299,0.0012855766
18,1.313032,680,4,1.51189622,0.64740083,0.66293185,0.41871381,0.17970469,0.000702666481
18,1.313032,676,4,1.55970872,1.26506031,0.71150468,0.8119918,0.73087084,0.002512392114
18,1.313032,626,4,1.39321648,3.45241327,0.5220371,0.81097916,1.46161785,0.002626576512
18,1.313032,1814,4,1.41945347,0.41672923,0.77442763,0.64477586,0.20808634,0.00143008684
18,1.313032,639,4,1.16775342,6.09328253,0.6720287,0.37951814,1.55407391,0.000503264769
18,1.313032,2775,4,1.61485208,0.77278185,0.81982653,0.8467253,0.53644033,0.002021655243
18,1.313032,2306,4,1.2091465,9.95827392,0.90355132,0.4014117,3.61182684,0.00071568024
18,1.313032,130,4,1.00260294,0.43366932,0.8072168,0.78511119,0.27484007,0.001033614328
18,1.313032,2660,4,1.53800666,0.85417102,0.78173217,0.85397201,0.57022527,0.00235474709
18,1.313032,287,4,1.3281125,0.50532295,0.78764303,0.97480975,0.38798802,0.001258435221
18,1.313032,1949,4,1.60893296,0.16124837,0.89650424,0.50143469,0.07248732,0.001162100872
18,1.313032,1078,4,1.51189622,1.04872572,0.62636996,0.8046076,0.52853891,0.001275786847
18,1.313032,1598,4,1.51189622,14.92612235,0.79138697,0.90297218,10.66621332,0.00180894907
18,1.313032,3133,4,1.27673791,0.3568122,0.84025659,0.73953932,0.2217241,0.003532692435
18,1.313032,3165,4,1.51189622,0.42548953,0.75140799,0.64656857,0.20671847,0.000722588313
18,1.313032,1656,4,1.32768072,5.51921886,0.97394759,0.63753808,3.42704125,0.001225230754
18,1.313032,1642,4,1.61485208,3.12374609,0.5999551,0.89133714,1.67046153,0.002752288965
18,1.313032,340,4,1.51189622,6.54728278,0.54690717,0.61697144,2.20922414,0.000854164962
18,1.313032,964,4,1.51189622,1.11763741,0.93484734,0.94783149,0.99031364,0.003463637808
18,1.313032,1211,4,1.51189622,1.07230103,0.70067222,0.57187253,0.42966587,0.001014325173
18,1.313032,970,4,1.17992202,1.57649212,0.83986003,0.71177414,0.94241225,0.000979784768
18,1.313032,1444,4,1.31136074,1.13526084,0.89355937,0.85195288,0.86424056,0.004327844239
18,1.313032,2471,4,1.19686158,3.97615722,0.76972382,0.70500556,2.15769977,0.000885043529
18,1.313032,6,4,1.23648643,2.37049555,0.69655177,0.68008471,1.12293743,0.000776422263
18,1.313032,1108,4,1.32768072,0.21343468,0.8745081,0.68602225,0.1280463,0.001183799662
18,1.313032,598,4,1.32768072,0.39607869,0.66474065,0.39400221,0.10373669,0.000516805429
18,1.313032,510,4,1.55970872,0.11573968,0.67545908,0.56569039,0.04422421,0.00166163588
18,1.313032,3463,4,1.41945347,0.71018462,0.90361955,0.48857726,0.31353796,0.001264420901
18,1.313032,3457,4,1.32768072,1.87852782,0.70471154,0.79857176,1.05716545,0.001110456383
18,1.313032,1762,4,1.55970872,12.00229838,0.57888714,0.88902904,6.17695267,0.002238040131
18,1.313032,1749,4,1.17967903,0.38786687,0.60555223,0.94325038,0.22154466,0.001127080075
18,1.313032,1362,4,1.40598961,0.87106091,0.5451882,0.87860093,0.41724067,0.001860914497
18,1.313032,650,4,1.53800666,1.1424114,0.91606439,0.52717306,0.55169841,0.001703420435
18,1.313032,584,4,1.60893296,1.0015104,0.76861461,0.5177831,0.39857676,0.002243497394
18,1.313032,693,4,1.32768072,12.46849421,0.50803413,0.72827245,4.613184,0.000730067378
18,1.313032,1784,4,1.20841607,1.31304576,0.58454318,0.80100993,0.61480071,0.000767425217
18,1.313032,3545,4,1.32768072,0.22905496,0.85535037,0.8543556,0.16738726,0.001441978854
18,1.313032,2040,4,1.41945347,0.55340509,0.74399552,0.47713327,0.19645052,0.001016676601
18,1.313032,63,4,1.22890249,4.50431147,0.62696679,0.31326546,0.88467849,0.000321913079
18,1.313032,16,4,1.24398262,0.4814345,0.55956891,0.95292907,0.25671507,0.000873968376
18,1.313032,14,4,1.139962,1.70416111,0.80796901,0.79845359,1.09939823,0.001057367476
18,1.313032,827,5,1.51343797,1.35041576,0.94084901,0.85409286,1.08515686,0.000354174047
18,1.313032,818,5,1.58881462,1.34709745,0.60994728,0.90104897,0.74035447,0.000227770443
18,1.313032,806,5,1.58881462,0.45954015,0.67341183,0.69205661,0.21416368,0.000193143029
18,1.313032,1766,5,1.78725687,2.42059117,0.93578313,0.69299296,1.56973188,0.000823883176
18,1.313032,2254,5,1.45782162,8.69514546,0.45758228,0.66009564,2.62635187,8.6291162e-05
18,1.313032,3405,5,1.74568782,5.44745831,0.82060378,0.24360076,1.0889453,9.6927638e-05
18,1.313032,525,5,1.5072482,0.05416289,0.55792289,0.7768004,0.02347391,7.9198321e-05
18,1.313032,2243,5,1.23016067,1.12952234,0.90833121,0.43711167,0.448468,0.00023296404
18,1.313032,741,5,1.51956855,0.30454466,0.66503876,0.76769864,0.15548508,0.000253295327
18,1.313032,2841,5,1.45782162,0.33512046,0.22595827,0.81422238,0.06165556,5.2560748e-05
18,1.313032,760,5,1.5072482,0.89309453,0.82654293,0.86675973,0.63982554,0.000130917135
18,1.313032,694,5,1.5072482,0.27132697,0.72274373,0.76371608,0.14976462,0.000100866888
18,1.313032,185,5,1.43565635,6.71527682,0.63325297,0.88462737,3.76185044,0.000336246122
18,1.313032,181,5,1.5072482,0.35982883,0.79240642,0.91454347,0.2607644,0.000132429486
18,1.313032,2628,5,1.45782162,1.46310135,0.68472898,0.69836535,0.69964189,0.000136612882
18,1.313032,199,5,1.5072482,4.08143791,0.48649203,0.38690847,0.76824043,3.4396663e-05
18,1.313032,648,5,1.21015647,1.22460141,0.76601396,0.52683746,0.49420608,0.000236791215
18,1.313032,2324,5,1.58881462,4.39755751,0.41981488,0.76848471,1.41874581,0.000224390612
18,1.313032,119,5,1.43565635,1.2177758,0.92000017,0.68628615,0.7688834,0.000378976976
18,1.313032,142,5,1.5072482,0.7834657,0.39724374,0.85889483,0.26731113,6.2348988e-05
18,1.313032,57,5,1.43565635,0.04387898,0.8082345,0.86489649,0.03067312,0.000419586202
18,1.313032,2663,5,1.83557703,1.90771151,0.90640341,0.57327875,0.99128851,0.000811848764
18,1.313032,592,5,1.38346383,0.58865095,0.89431843,0.73301217,0.38588795,0.00032523166
18,1.313032,576,5,1.58917545,1.36981558,0.83621467,0.84026636,0.96249141,0.000485750786
18,1.313032,3562,5,1.78725687,0.69218503,0.97760285,0.76072664,0.51477007,0.000944827844
18,1.313032,724,5,1.74568782,0.78772042,0.72638747,0.92057188,0.52674225,0.000324236222
18,1.313032,2292,5,1.74568782,0.30214443,0.55503592,0.74547553,0.125017,0.000424888084
18,1.313032,663,5,1.58917545,3.25681656,0.74036539,0.38605446,0.93086774,0.000197593855
18,1.313032,675,5,1.36562789,3.6236491,0.86105844,0.56373693,1.75895712,0.00029135924
18,1.313032,3594,5,1.45782162,1.34344888,0.49008092,0.72531893,0.47754902,0.00010155167
18,1.313032,114,5,1.5072482,0.87409338,0.8198403,0.92855371,0.66541735,0.000139113297
18,1.313032,2665,5,1.78725687,1.03687147,0.6577075,0.85012097,0.57974692,0.000797433866
18,1.313032,3196,5,1.45782162,0.57831908,0.91987529,0.5269577,0.28033171,0.000138482524
18,1.313032,408,5,1.5072482,1.95110788,0.60694284,0.92421882,1.09447005,0.000102507338
18,1.313032,398,5,1.5072482,0.17892962,0.63738985,0.71476422,0.08151738,8.3253079e-05
18,1.313032,897,5,1.45782162,0.21052683,0.87085812,0.86212525,0.15806118,0.000214490483
18,1.313032,3270,5,1.58881462,1.27389487,0.241054,0.80510354,0.24722914,0.000141630819
18,1.313032,1669,5,1.74568782,1.15540239,0.69984664,0.68841863,0.55665839,0.000494738338
18,1.313032,3179,5,1.48124051,0.10179899,0.65259252,0.8496027,0.05644187,0.000278558451
18,1.313032,1651,5,1.74568782,2.66860238,0.656249,0.92923926,1.62734665,0.001199008904
18,1.313032,420,5,1.74568782,7.90486901,0.48713591,0.48206943,1.85632668,0.000113866301
18,1.313032,1268,5,1.52588571,1.44758757,0.92289389,0.92993549,1.24236566,0.001155946317
18,1.313032,224,5,1.5072482,4.73215491,0.88073305,0.39163933,1.63226077,6.3032269e-05
18,1.313032,2549,5,1.45782162,5.45938989,0.63177266,0.87325723,3.01194563,0.000157613451
18,1.313032,2339,5,1.58881462,0.65392786,0.81525289,0.4412759,0.2352515,0.000186849561
18,1.313032,254,5,1.22961649,0.31912035,0.66630238,0.85100525,0.1809498,0.000332702338
18,1.313032,2344,5,1.36767044,0.86062755,0.81071255,0.82143533,0.57313314,0.001636084123
18,1.313032,493,5,1.5072482,1.05221451,0.8734098,0.65217052,0.59935414,0.000104090615
18,1.313032,3929,5,1.78725687,3.30756158,0.71407536,0.65321412,1.54279263,0.000592599413
18,1.313032,3877,5,1.30111106,0.68778012,0.76914962,0.78521423,0.4153829,0.000245364515
18,1.313032,2802,5,1.78725687,0.3463162,0.81383008,0.47637499,0.13426274,0.00049254316
18,1.313032,1346,5,1.52588571,0.96898679,0.67824486,0.78220105,0.51407059,0.000714558806
18,1.313032,803,5,1.58917545,1.85707247,0.7553759,0.71346334,1.00083767,0.000372574857
18,1.313032,489,5,1.74568782,0.66274222,0.65420898,0.78617101,0.34086167,0.000249384245
18,1.313032,828,5,1.58881462,0.87540797,0.85089187,0.87514435,0.65187536,0.000308610531
18,1.313032,1305,5,1.74568782,0.82076172,0.50370847,0.85575124,0.35378864,0.000209007696
18,1.313032,863,5,1.58881462,0.93328786,0.92217028,0.77267633,0.66500413,0.000209040062
18,1.313032,2588,5,1.49118445,0.19496685,0.66333463,0.7528892,0.09736985,0.000202897407
18,1.313032,2816,5,1.49118445,0.26517115,0.85228292,0.64770212,0.14638123,0.00022427035
18,1.313032,2829,5,1.52588571,0.22203676,0.60836719,0.71023233,0.0959381,0.000581968257
18,1.313032,2857,5,1.78725687,0.76948673,0.39096062,0.78085807,0.23491257,0.000387852605
18,1.313032,3344,5,1.58881462,0.15722978,0.93085166,0.45938324,0.06723423,0.000177219825
18,1.313032,2229,5,1.74568782,0.74094657,0.84277361,0.70684153,0.44138735,0.000611720534
18,1.313032,2225,5,1.74568782,1.91327801,0.57628585,0.80345466,0.88588512,0.000475465928
18,1.313032,769,5,1.74568782,3.83756604,0.46158393,0.83583371,1.48056142,0.00018707082
18,1.313032,672,5,1.45782162,0.18544161,0.85826457,0.89537823,0.14250658,0.000219542183
18,1.313032,3498,5,1.58881462,0.98523858,0.64849994,0.84881227,0.54232922,0.000382854021
18,1.313032,667,5,1.45782162,1.2821046,0.61361214,0.63879868,0.50255247,0.000111981998
18,1.313032,1603,5,1.7683496,2.31901095,0.44921938,0.78700156,0.81985468,0.000341861083
18,1.313032,2167,5,1.83037184,1.08677924,0.77147549,0.77108923,0.64649937,0.00075761065
18,1.313032,2086,5,1.74568782,1.01621335,0.82725298,0.63733436,0.53578502,0.000255647267
18,1.313032,1164,5,1.58881462,2.28355691,0.84883736,0.92719513,1.79724576,0.000574364142
18,1.313032,969,5,1.45284269,2.70521436,0.70888189,0.89806043,1.72219025,0.00094921202
18,1.313032,356,5,1.51956855,1.61408956,0.55758847,0.6367516,0.573075,0.0001761462
18,1.313032,273,5,1.51343797,0.64511729,0.1536642,0.38332539,0.03799959,2.5961631e-05
18,1.313032,2956,5,1.46739171,0.90635952,0.78910347,0.79569376,0.56908928,0.000401724582
18,1.313032,1945,5,1.74568782,0.52291664,0.85815781,0.87652886,0.39333794,0.000364727797
18,1.313032,1948,5,1.52588571,2.40344296,0.63895299,0.92888841,1.42648192,0.000799402538
18,1.313032,1596,5,1.5072482,0.25588478,0.69499337,0.83559182,0.14860017,0.000106122432
18,1.313032,1023,5,1.78725687,2.12773484,0.66936679,0.92617015,1.31908398,0.000884170653
18,1.313032,1166,5,1.58881462,1.63409956,0.69517097,0.43661032,0.49597997,0.000125788895
18,1.313032,2465,5,1.78725687,0.78121973,0.68634198,0.7279379,0.39030858,0.000712551155
18,1.313032,3020,5,1.83557703,2.47143217,0.73037664,0.78802246,1.4224407,0.000899235066
18,1.313032,39,5,1.43565635,0.4726236,0.47316568,0.81191556,0.18156808,0.00023059176
18,1.313032,8,5,1.37755856,1.67135198,0.65959739,0.82725798,0.91198524,0.000240498073
18,1.313032,2472,5,1.74568782,3.20439568,0.87605008,0.715812,2.00943539,0.000643943821
18,1.313032,2477,5,1.49059223,0.27526522,0.4605146,0.71181864,0.09023273,0.000142804719
18,1.313032,103,5,1.51343797,0.19306674,0.61109262,0.7078989,0.08351909,0.000190664566
18,1.313032,75,5,1.32832641,5.19197225,0.72150671,0.97571544,3.65507181,0.000128645887
18,1.313032,3942,5,1.74568782,2.02948641,0.9433294,0.56628514,1.08413829,0.000548553017
18,1.313032,89,5,1.51956855,0.88345328,0.83474119,0.89410573,0.6593626,0.000370279928
18,1.313032,10,5,1.42051508,2.33441087,0.86019877,0.59518971,1.19517507,0.000225655509
18,1.313032,15,5,1.33528084,0.57357286,0.50311262,0.70901433,0.2046015,0.000214111454
18,1.313032,17,5,1.51343797,2.45394146,0.86089752,0.72444167,1.53044975,0.000274882182
18,1.313032,11,6,1.66717093,4.38016055,0.91008805,0.74346179,2.96368535,8.6672582e-05
18,1.313032,12,6,1.51523905,3.30618935,0.73404862,0.76080099,1.84639077,7.1537798e-05
18,1.313032,18,6,1.66717093,4.47229081,0.57990362,0.88678136,2.29986538,6.5873699e-05
18,1.313032,24,6,1.74702327,9.87503781,0.94812007,0.64423424,6.03178585,9.5311975e-05
18,1.313032,1995,6,1.68009076,0.76761453,0.87632169,0.9897978,0.66581448,0.000113539653
18,1.313032,21,6,1.74702327,2.22316265,0.73593116,0.38015156,0.62196393,4.3655029e-05
18,1.313032,3048,6,1.95167154,1.85327328,0.8411591,0.63855492,0.99544179,0.000196344217
18,1.313032,318,6,1.68009076,1.57850771,0.71728527,0.544678,0.61670639,7.4573196e-05
18,1.313032,3809,6,1.95167154,1.58881549,0.75082653,0.84023256,1.00233427,0.000230611429
18,1.313032,3098,6,1.95167154,2.35550356,0.61653694,0.82859544,1.20333184,3.3021028e-05
18,1.313032,297,6,1.68009076,2.22947402,0.87407668,0.45690124,0.89037771,7.6229467e-05
18,1.313032,1125,6,1.95167154,0.08779343,0.50863228,0.94753522,0.04231178,3.1152164e-05
18,1.313032,1133,6,1.49200351,0.28183022,0.8997703,0.81214078,0.20594466,9.8225057e-05
18,1.313032,3028,6,1.74702327,4.43005074,0.80562284,0.82267678,2.93609231,0.000133251305
18,1.313032,3122,6,1.69907024,0.2909623,0.88630271,0.77514487,0.19989488,3.3653094e-05
18,1.313032,1623,6,1.74166384,0.23141538,0.75006801,0.78515148,0.13628445,1.1499108e-05
18,1.313032,323,6,1.74166384,2.35554116,0.53364243,0.7142272,0.89779553,7.442122e-06
18,1.313032,1041,6,1.75233684,0.67693365,0.72735358,0.40211118,0.19798753,2.9245479e-05
18,1.313032,2725,6,1.59517106,2.74646336,0.77675919,0.659842,1.40766777,6.2295975e-05
18,1.313032,2743,6,1.98894015,0.46346041,0.85256389,0.59233344,0.23404848,0.000253467929
18,1.313032,158,6,1.68009076,2.12953196,0.74372981,0.95157163,1.50709573,0.00015225208
18,1.313032,3503,6,1.8127128,0.30081043,0.84289287,0.92918539,0.23559585,9.9763843e-05
18,1.313032,678,6,1.48979449,0.65396036,0.6708123,0.36016978,0.15800095,3.9960491e-05
18,1.313032,1811,6,1.74166384,0.02274533,0.96732183,0.92797925,0.02041745,3.177111e-05
18,1.313032,562,6,1.74166384,0.76543397,0.61594796,0.95220691,0.4489346,2.0986114e-05
18,1.313032,731,6,1.68009076,0.71573769,0.92978592,0.45400463,0.30213229,8.0573878e-05
18,1.313032,3428,6,1.74166384,2.43946933,0.75235878,0.98159469,1.80157588,2.6424932e-05
18,1.313032,548,6,1.95167154,4.32379193,0.84583047,0.84543782,3.09193094,0.000101234314
18,1.313032,3520,6,1.74166384,0.98904782,0.80471138,0.82726681,0.65842003,4.9473879e-05
18,1.313032,3530,6,1.81302907,0.49618714,0.62707615,0.40207398,0.12510416,2.8280912e-05
19,2.263739,0,0,0.0,1.2891595,0.72837239,0.73936629,0.69425621,0.538533991775
19,2.263739,40,1,0.66464053,0.14111659,0.58962235,0.53694384,0.04467668,0.118257000588
19,2.263739,2430,1,0.66464053,1.01345605,0.52693672,0.93619622,0.49995426,0.184267781535
19,2.263739,172,1,0.66464053,0.21599989,0.71415335,0.88465609,0.13646443,0.235988048804
19,2.263739,112,1,0.50592316,2.1702496,0.67898331,0.41167995,0.60663644,0.104410184669
19,2.263739,1,1,0.56657023,0.3365193,0.34431798,0.8038682,0.09314392,0.103387634332
19,2.263739,91,1,0.44375775,4.48163339,0.77192358,0.92364076,3.19531532,0.266318569956
19,2.263739,1752,1,0.66464053,0.36330862,0.7369291,0.79822946,0.21371212,0.219724007997
19,2.263739,2,1,0.51723413,0.53073824,0.4574119,0.74483031,0.18081947,0.12725910329
19,2.263739,4,1,0.49106729,1.06501646,0.78867621,0.32982872,0.27704067,0.09716531557
19,2.263739,302,2,0.72714645,2.04887687,0.53702873,0.79646842,0.87635877,0.079009345594
19,2.263739,295,2,0.60127647,3.714413,0.67142351,0.78360085,1.9542568,0.03810177775
19,2.263739,1508,2,0.70545017,0.70482698,0.66565026,0.93004647,0.43634829,0.044833696783
19,2.263739,501,2,0.79916705,0.36323742,0.50410378,0.53056913,0.09715217,0.04940538843
19,2.263739,134,2,0.71329179,0.62937556,0.68924123,0.61089833,0.26500255,0.030492566686
19,2.263739,41,2,0.58220578,0.67835563,0.67375403,0.84577041,0.386555,0.050298340836
19,2.263739,884,2,0.83528754,2.50389673,0.65364508,0.57037739,0.93351374,0.026999647827
19,2.263739,2553,2,0.82637407,1.20536365,0.61735222,0.6961973,0.51806403,0.028965935077
19,2.263739,27,2,0.82637407,0.72304431,0.42416413,0.73331486,0.22489994,0.020962671529
19,2.263739,10,2,0.65627393,0.27116404,0.55009464,0.54946427,0.08196132,0.020370376903
19,2.263739,201,2,0.69965461,2.07414076,0.7028566,0.89831703,1.3095877,0.116629588968
19,2.263739,203,2,0.82637407,0.35576763,0.23164942,0.66693701,0.05496452,0.010412097598
19,2.263739,7,2,0.68596826,1.33997416,0.8195931,0.81537965,0.8954773,0.058987223102
19,2.263739,98,2,0.66108727,1.73933174,0.41926308,0.66884523,0.48774708,0.051799389623
19,2.263739,251,2,0.72567119,1.21050521,0.47487127,0.76743896,0.44115012,0.067318142411
19,2.263739,932,2,0.61759415,1.11122904,0.37512713,0.7766516,0.3237489,0.053816704678
19,2.263739,2240,2,0.69199241,0.25107161,0.72223142,0.7634659,0.13844065,0.037161070973
19,2.263739,787,2,0.79916705,0.51107933,0.66165068,0.45841607,0.15501614,0.056027466294
19,2.263739,184,2,0.55786095,8.10929722,0.77987125,0.76099821,4.8127108,0.109627353978
19,2.263739,1358,2,0.82637407,0.36324597,0.89739933,0.62160937,0.20263017,0.037594602301
19,2.263739,163,2,0.65104986,2.20891165,0.87006612,0.87120893,1.67437574,0.140018996487
19,2.263739,6,2,0.62302391,1.21262638,0.77542969,0.75734554,0.71213693,0.039578442214
19,2.263739,101,2,0.76235147,0.56747464,0.51134244,0.88060316,0.25552802,0.030346896171
19,2.263739,120,2,0.61338433,0.93053455,0.53795342,0.46092634,0.23073247,0.045802437774
19,2.263739,3,2,0.63286115,0.8692426,0.81941538,0.57701224,0.41098894,0.033905384264
19,2.263739,1855,3,0.96502,1.11434766,0.16179887,0.50961182,0.09188311,0.00667013545
19,2.263739,1773,3,0.8677303,0.54238259,0.74560431,0.79011894,0.31952631,0.044795124615
19,2.263739,600,3,0.85436009,1.84297814,0.2805015,0.72952394,0.37713334,0.019873421098
19,2.263739,594,3,0.8677303,1.23769487,0.72184786,0.55579135,0.49655922,0.03050614482
19,2.263739,1965,3,0.8677303,0.12834005,0.56584278,0.64733204,0.04700944,0.027851766844
19,2.263739,1800,3,0.8311303,5.77625932,0.41302945,0.39003616,0.9305347,0.006591052584
19,2.263739,684,3,0.79113012,1.51976083,0.75223282,0.20365894,0.23282575,0.011648919132
19,2.263739,384,3,0.80937608,2.45196862,0.81014986,0.76446833,1.51858732,0.016367450484
19,2.263739,367,3,0.96502,0.57093927,0.87883887,0.53573423,0.26881195,0.038087137796
19,2.263739,1824,3,0.89625913,1.70895857,0.63625882,0.36607985,0.39805325,0.006155535103
19,2.263739,1525,3,0.83305845,7.94099152,0.84023704,0.7899262,5.27063661,0.036372884375
19,2.263739,1520,3,0.93743448,0.42036694,0.88503624,0.37832394,0.14075163,0.012029856819
19,2.263739,26,3,0.91774739,0.75159869,0.7507685,0.25588549,0.1443902,0.004517844826
19,2.263739,159,3,0.70528357,3.76412952,0.70100433,0.82921559,2.1880272,0.013669976343
19,2.263739,139,3,0.83844583,0.97407169,0.73421588,0.44379682,0.31739412,0.011706943814
19,2.263739,2687,3,0.90442654,2.17966097,0.78088269,0.83146344,1.41520027,0.020626639714
19,2.263739,34,3,0.9551437,0.86490117,0.79116962,0.72990535,0.49946221,0.023626807254
19,2.263739,2004,3,0.93038323,0.61737492,0.69394925,0.79929442,0.3424392,0.05386819023
19,2.263739,438,3,0.8677303,0.12296486,0.80048815,0.71774554,0.07064907,0.043687307404
19,2.263739,1956,3,0.97495241,0.39171392,0.61362557,0.37384285,0.08985899,0.004851739171
19,2.263739,173,3,0.89842032,8.16025872,0.38186499,0.86048012,2.68135681,0.006916333011
19,2.263739,1044,3,0.8677303,3.09821337,0.82987692,0.58515681,1.50451761,0.036924601625
19,2.263739,59,3,0.9551437,2.04350177,0.76873625,0.62784789,0.98629498,0.019746980098
19,2.263739,3970,3,0.8677303,2.75067171,0.89743299,0.60747838,1.49958682,0.041453644729
19,2.263739,2656,3,0.93038323,0.69716576,0.73181497,0.41125064,0.20981857,0.029228448879
19,2.263739,13,3,0.75678587,2.74511775,0.62828697,0.23675892,0.40834324,0.004083513812
19,2.263739,24,3,0.70079938,3.69615456,0.63265961,0.72187077,1.68802818,0.006452671689
19,2.263739,19,3,0.77151208,0.10404508,0.53572268,0.69135014,0.03853538,0.008709990785
19,2.263739,15,3,0.81084072,1.87528139,0.80161797,0.56456137,0.8486821,0.012423622005
19,2.263739,266,3,0.87960119,0.9875,0.67486396,0.74184767,0.49438818,0.040499592239
19,2.263739,2458,3,0.89625913,1.78993475,0.77894381,0.76242392,1.06301611,0.01569490963
19,2.263739,1249,3,0.75152001,1.25719531,0.65490715,0.82164083,0.67649485,0.04091585312
19,2.263739,710,3,0.78670839,0.80865729,0.94887469,0.75584592,0.57997149,0.0696530332
19,2.263739,2332,3,0.83399777,4.34673438,0.63932875,0.80204036,2.22886398,0.041480133243
19,2.263739,304,3,0.70785859,1.02231773,0.3336491,0.87456844,0.29831126,0.022187768384
19,2.263739,296,3,0.98404558,0.24351541,0.39609956,0.51944998,0.05010425,0.009607074496
19,2.263739,303,3,0.61280399,10.7210187,0.86080383,0.56174086,5.18413446,0.036768005353
19,2.263739,783,3,0.91099167,0.54398773,0.71245806,0.87658632,0.3397372,0.01714445278
19,2.263739,807,3,0.84095512,0.43283841,0.70562877,0.60549065,0.18493091,0.04149364751
19,2.263739,1084,3,0.91099167,1.46772201,0.59744353,0.45836946,0.40193548,0.00751765118
19,2.263739,689,3,0.79425702,0.7699373,0.72098381,0.67424883,0.37428384,0.036963712372
19,2.263739,2644,3,0.9551437,2.52317638,0.67161274,0.91411367,1.54905466,0.025118171388
19,2.263739,1612,3,0.77472519,0.8061772,0.57596642,0.97336208,0.45196219,0.020926645974
19,2.263739,965,3,0.985134,1.71935389,0.81824832,0.83713997,1.17773742,0.037538126863
19,2.263739,2756,3,0.78495504,6.0249805,0.88767472,0.91036214,4.86881959,0.061446606571
19,2.263739,3353,3,0.8677303,0.9673924,0.7870357,0.61363787,0.46720691,0.036722856627
19,2.263739,330,3,0.68406218,2.97578905,0.52534268,0.73015336,1.1414553,0.010137081612
19,2.263739,2107,3,0.77472519,1.34569145,0.77541228,0.75130387,0.7839598,0.02174584739
19,2.263739,2119,3,0.84782114,0.7751732,0.94035343,0.91519286,0.66711774,0.040183410552
19,2.263739,196,3,0.7553428,0.93748725,0.761625,0.45504158,0.32490593,0.033658144121
19,2.263739,193,3,0.8677303,2.15283568,0.95509881,0.79398191,1.63256244,0.057661877974
19,2.263739,192,3,0.8677303,0.36444059,0.93386656,0.8202262,0.27915487,0.058243615798
19,2.263739,2515,3,0.81617506,2.59047956,0.82552424,0.61927524,1.32432239,0.007223098722
19,2.263739,2308,3,0.9551437,0.06841451,0.68854396,0.84376429,0.03974669,0.023769590575
19,2.263739,952,3,1.06745131,1.63349257,0.75867291,0.47543639,0.58920192,0.006754854914
19,2.263739,3874,3,0.8677303,2.27587837,0.9205787,0.82138843,1.72091156,0.057496230069
19,2.263739,240,3,0.8677303,0.53793609,0.76613171,0.46411769,0.19127678,0.027037182144
19,2.263739,1143,3,0.89625913,2.88189604,0.60606292,0.57740151,1.00849544,0.0092480848
19,2.263739,1124,3,0.9551437,0.67208396,0.20890112,0.76193919,0.10697557,0.006512233564
19,2.263739,1587,3,0.96502,1.21329661,0.80016818,0.56311127,0.54669171,0.036449802532
19,2.263739,877,3,0.8677303,3.58369901,0.89167134,0.56515109,1.80592998,0.038317683602
19,2.263739,1474,3,1.03943013,0.76118323,0.49234158,0.83791623,0.31401929,0.014136840956
19,2.263739,218,3,0.93038323,3.11571585,0.94286544,0.66291068,1.94743323,0.060701947992
19,2.263739,9,3,0.79905777,0.96079089,0.95322955,0.72132037,0.66062435,0.028131609758
19,2.263739,8,3,0.9551437,0.13860913,0.74531574,0.33510462,0.03461884,0.01021855774
19,2.263739,5,3,0.83089137,0.87485386,0.67188255,0.76456848,0.44941262,0.012080623677
19,2.263739,65,4,0.9658503,4.47005511,0.67321254,0.64911883,1.95339143,0.001955811092
19,2.263739,25,4,0.88929838,6.72827725,0.6932802,0.69737857,3.25297908,0.004166165853
19,2.263739,90,4,0.92647029,0.17452828,0.84360583,0.83760779,0.12332357,0.005920802483
19,2.263739,21,4,0.92303994,3.25477996,0.77740494,0.70317095,1.77922081,0.001548293109
19,2.263739,20,4,0.84886744,0.10082859,0.65643076,0.57233701,0.03788126,0.001064108024
19,2.263739,1638,4,1.04843202,2.15290684,0.8920788,0.93818154,1.80183635,0.007211892921
19,2.263739,3975,4,1.11754468,1.14973287,0.803195,0.4244797,0.39198989,0.001635553501
19,2.263739,1663,4,0.95377571,0.25621538,0.81613556,0.89584171,0.18732631,0.005140643136
19,2.263739,14,4,0.8841971,2.41917451,0.90025242,0.8331665,1.81452641,0.00212442332
19,2.263739,1903,4,1.0699245,0.4275833,0.73055822,0.69106304,0.21587047,0.004099462918
19,2.263739,30,4,0.9658503,4.25423806,0.78467148,0.39883342,1.33137747,0.001400650945
19,2.263739,79,4,0.84249258,0.43238301,0.97759753,0.54408941,0.22998472,0.002380569529
19,2.263739,233,4,0.96910884,1.63702386,0.82341977,0.67049365,0.90379715,0.005234734437
19,2.263739,2878,4,0.9658503,3.18553113,0.94797559,0.68091136,2.05622003,0.002888938089
19,2.263739,1183,4,1.09302465,0.52258065,0.59507431,0.84515912,0.26282278,0.010641624936
19,2.263739,2488,4,0.83225848,2.56736299,0.56873034,0.72787283,1.0627942,0.010443608356
19,2.263739,206,4,1.00612612,4.3046124,0.90311717,0.93055525,3.61759809,0.019619474208
19,2.263739,1137,4,0.96910884,0.65836703,0.9175127,0.79190448,0.47835791,0.006889117387
19,2.263739,1139,4,0.96910884,0.25548432,0.73432637,0.66913483,0.12553563,0.004658879295
19,2.263739,2807,4,1.06420139,0.94447703,0.62741295,0.67432997,0.39959251,0.00193415667
19,2.263739,2575,4,1.06570794,1.13105208,0.52713281,0.92818899,0.55339988,0.012343693734
19,2.263739,2577,4,1.09302465,0.81733582,0.78070202,0.45381683,0.28957858,0.007496597017
19,2.263739,2790,4,1.11754468,0.62463426,0.62374649,0.47695611,0.18582851,0.001427162295
19,2.263739,1122,4,0.90403305,0.42692227,0.42367574,0.66254255,0.11983845,0.007158604577
19,2.263739,888,4,0.89486137,2.55437304,0.69378229,0.73478502,1.30217041,0.011901031427
19,2.263739,2883,4,1.06570794,0.23422911,0.66799986,0.6348543,0.09933249,0.010698899515
19,2.263739,1514,4,1.04843202,1.10916601,0.37562647,0.52285157,0.21783675,0.001692363951
19,2.263739,1403,4,0.90403305,1.47687191,0.84223247,0.33973741,0.422589,0.007297201922
19,2.263739,629,4,0.80615422,0.11463005,0.53043975,0.69318866,0.04214888,0.009377099216
19,2.263739,638,4,0.95809551,1.70514176,0.5936056,0.56906881,0.57600104,0.004656357777
19,2.263739,3521,4,1.16363504,0.36619609,0.9220206,0.83205346,0.28093481,0.010507598739
19,2.263739,3527,4,0.81382229,13.91853203,0.91194036,0.89326245,11.33806517,0.02077430582
19,2.263739,1933,4,1.11754468,0.44180097,0.37984961,0.70720642,0.11868192,0.001288678867
19,2.263739,3628,4,1.11754468,0.1009927,0.89274138,0.73302103,0.06608944,0.003139271881
19,2.263739,448,4,1.10247235,2.28052745,0.59196804,0.69152187,0.93355408,0.011499150679
19,2.263739,465,4,1.09302465,2.28573183,0.90669189,0.51646203,1.07034407,0.008781536127
19,2.263739,503,4,1.04843202,2.80016218,0.66950931,0.91453697,1.71451415,0.005276149012
19,2.263739,504,4,0.84801732,0.33362528,0.79250293,0.91774179,0.24265002,0.011192985551
19,2.263739,2014,4,1.10247235,10.22629377,0.95582979,0.86905535,8.4946651,0.023334020908
19,2.263739,394,4,1.00720995,0.70766809,0.78939671,0.43957284,0.24555895,0.00098281353
19,2.263739,664,4,1.10247235,6.4021587,0.66941407,0.83051727,3.55934379,0.01561726888
19,2.263739,665,4,0.95377571,0.18073927,0.78727462,0.62562498,0.08902108,0.003463093418
19,2.263739,3275,4,0.89126526,1.53734447,0.9153894,0.82720723,1.16410295,0.006118102733
19,2.263739,2190,4,0.89020481,6.34152704,0.54323588,0.92578977,3.18929485,0.007299807125
19,2.263739,1318,4,1.00325937,0.67181159,0.41379499,0.72896796,0.20264746,0.008560442547
19,2.263739,1323,4,1.0472997,0.22123317,0.85300643,0.72103922,0.1360697,0.006982374862
19,2.263739,1337,4,0.82469959,0.29114207,0.92634336,0.84042167,0.22665964,0.019854101567
19,2.263739,517,4,0.96910884,2.22591877,0.8689516,0.55172038,1.0671462,0.004545621901
19,2.263739,1829,4,1.09302465,0.59226762,0.83233882,0.82752483,0.40794271,0.017640380089
19,2.263739,1844,4,1.12767586,1.76365557,0.64718415,0.71673108,0.81808397,0.005515929051
19,2.263739,1847,4,1.09302465,0.71599197,0.64578579,0.80543592,0.3724154,0.013321288429
19,2.263739,1878,4,1.09302465,1.58533095,0.79512968,0.79564146,1.00294082,0.01620250339
19,2.263739,1591,4,1.09302465,0.17444682,0.60963009,0.81009365,0.08615186,0.013125377592
19,2.263739,873,4,0.90403305,2.16258746,0.51110439,0.69421757,0.76732419,0.009048700572
19,2.263739,242,4,1.0640148,0.50336564,0.94080893,0.93477275,0.44268117,0.007368986616
19,2.263739,3845,4,0.96944859,1.75325201,0.93397132,0.83994325,1.37539622,0.022036624281
19,2.263739,1786,4,0.90403305,0.25258958,0.74375841,0.90007517,0.16909318,0.017072285875
19,2.263739,2435,4,1.17175536,0.51773839,0.86805222,0.89934047,0.40418515,0.019736771043
19,2.263739,934,4,0.96910884,0.48032045,0.80306192,0.59415107,0.22918015,0.004524021037
19,2.263739,2818,4,0.91600185,0.58944659,0.46034132,0.91790193,0.24906959,0.003431078956
19,2.263739,2981,4,1.1223789,1.9929586,0.90431215,0.625285,1.12692407,0.008089762953
19,2.263739,1219,4,0.90718626,1.34489828,0.98129557,0.73598143,0.97130614,0.008198958075
19,2.263739,274,4,1.11754468,0.55745038,0.62921128,0.88020968,0.30873712,0.002656864879
19,2.263739,284,4,0.9658503,1.19107153,0.84767476,0.63363968,0.63974877,0.002403931669
19,2.263739,3014,4,1.12767586,2.5931839,0.6699912,0.83457977,1.45000756,0.002915614184
19,2.263739,3255,4,1.09302465,5.47288245,0.62396314,0.61258579,2.09190508,0.010158650905
19,2.263739,2157,4,1.06420139,0.36336129,0.59744425,0.65576121,0.14235797,0.001791054597
19,2.263739,687,4,0.90403305,2.18481555,0.27166603,0.94713711,0.56216392,0.006561893794
19,2.263739,3190,4,1.06644236,1.09888096,0.89859555,0.75744646,0.74794016,0.019582461464
19,2.263739,3196,4,1.12767586,0.94381584,0.44172863,0.85859229,0.35795612,0.00197758719
19,2.263739,327,4,1.11754468,3.38488495,0.86457515,0.73419161,2.14860251,0.003045082039
19,2.263739,329,4,1.11754468,5.20755206,0.86676805,0.87409409,3.94543321,0.00363452705
19,2.263739,1556,4,1.06570794,2.34098368,0.91164812,0.48187353,1.02839203,0.011082787103
19,2.263739,1280,4,1.11580798,2.50598568,0.81788807,0.45412498,0.93078172,0.002382495018
19,2.263739,1295,4,0.97098446,1.03258221,0.87053867,0.42930824,0.38590635,0.005751509548
19,2.263739,2126,4,1.18837537,6.33166702,0.9443008,0.94118363,5.62733524,0.023140261016
19,2.263739,640,4,0.90403305,6.78520859,0.87076269,0.68594264,4.05275935,0.015232409925
19,2.263739,3370,4,1.11580798,1.18157256,0.71135427,0.69263969,0.58217522,0.002103633454
19,2.263739,3341,4,1.11754468,0.18778875,0.7388757,0.83520404,0.11588669,0.002960402733
19,2.263739,1750,4,0.89020481,1.54216365,0.82815102,0.46284918,0.59112524,0.005563647443
19,2.263739,1751,4,1.09302465,0.97709711,0.60992955,0.49657719,0.29594034,0.005679875365
19,2.263739,3833,4,1.11754468,0.75595594,0.63032125,0.73584363,0.35062587,0.002225022002
19,2.263739,854,4,1.00720995,0.32667284,0.94733881,0.4796207,0.14842815,0.001286910101
19,2.263739,2457,4,1.06570794,2.58691108,0.6449521,0.81152891,1.35398221,0.013204444494
19,2.263739,1195,4,0.96910884,3.43925134,0.23757537,0.76254466,0.62306107,0.001717692413
19,2.263739,1199,4,1.11754468,0.84470847,0.84260428,0.82406307,0.58653099,0.003330971726
19,2.263739,1254,4,0.90403305,1.83975331,0.80326879,0.69707699,1.03015182,0.014279817135
19,2.263739,2291,4,0.95377571,5.83494544,0.63597232,0.47495485,1.76249274,0.002123803906
19,2.263739,2301,4,1.06570794,0.61433393,0.62248109,0.69903451,0.26731866,0.010977752913
19,2.263739,726,4,1.00720995,0.34347586,0.64419395,0.68689807,0.15198655,0.001253296702
19,2.263739,739,4,1.16363504,1.20238741,0.56601262,0.72582632,0.49397305,0.005626916305
19,2.263739,3001,4,1.16363504,1.70236191,0.40097488,0.85106234,0.58093887,0.004674015641
19,2.263739,3002,4,0.8494317,7.60037785,0.52882137,0.9314705,3.74380557,0.003463394643
19,2.263739,780,4,0.96910884,2.49617401,0.81359543,0.94140612,1.9118789,0.007262133355
19,2.263739,3043,4,0.88560737,2.13810613,0.73976202,0.58713454,0.92866466,0.018511367372
19,2.263739,1100,4,0.90403305,0.19634749,0.93574427,0.78610143,0.14443123,0.018759305789
19,2.263739,971,4,0.9658503,1.87368075,0.45869482,0.68504925,0.58876397,0.001406358796
19,2.263739,986,4,1.0472997,0.56664487,0.69829788,0.63934469,0.25298033,0.005068363514
19,2.263739,174,4,0.95868923,0.47286867,0.7899453,0.59478013,0.2221744,0.002253929388
19,2.263739,182,4,1.16363504,1.87255695,0.54347882,0.58130154,0.59158769,0.005177261131
19,2.263739,1072,4,1.07189204,0.50463388,0.33615062,0.60907101,0.10331854,0.005892429504
19,2.263739,1074,4,0.81016409,0.37577349,0.78661366,0.75727444,0.22384166,0.015191329744
19,2.263739,2629,4,0.82469959,0.82145287,0.83631873,0.84942733,0.58355353,0.018116698567
19,2.263739,692,4,1.0472997,1.19991794,0.7170546,0.82335195,0.70841752,0.006702390321
19,2.263739,695,4,1.03326371,1.85789388,0.56805469,0.79113377,0.83495098,0.003631086876
19,2.263739,697,4,0.90403305,0.85618565,0.86783051,0.51360213,0.38161872,0.011366918215
19,2.263739,3238,4,0.91026318,0.76997032,0.53270084,0.65199097,0.26742312,0.008904539858
19,2.263739,3240,4,1.06420139,0.20381476,0.71479031,0.52345645,0.07625966,0.001710507266
19,2.263739,1909,4,1.11754468,0.58748966,0.86202077,0.4176022,0.21148557,0.00172690058
19,2.263739,3578,4,0.84272994,1.88867264,0.76275476,0.59523447,0.85749124,0.003192249894
19,2.263739,82,4,1.03934612,1.14717215,0.6124996,0.7880805,0.55373884,0.009418503679
19,2.263739,3585,4,1.02988209,0.35580925,0.86873836,0.83259301,0.25735878,0.034944008653
19,2.263739,1943,4,1.03934612,3.68503159,0.86755995,0.80703802,2.58008909,0.013661519477
19,2.263739,1947,4,0.87167295,2.82128293,0.89185261,0.60811268,1.530114,0.012661298493
19,2.263739,1476,4,1.11754468,1.88812698,0.8458165,0.44840312,0.7161038,0.001819414326
19,2.263739,126,4,0.84471055,0.2684643,0.52841491,0.66548114,0.09440551,0.001573842679
19,2.263739,1043,4,1.16363504,0.3015179,0.74892992,0.64835185,0.14640808,0.006650641768
19,2.263739,3963,4,1.11580798,0.74868908,0.69445332,0.74549788,0.38760643,0.005635847412
19,2.263739,75,4,1.16363504,0.67647295,0.90587932,0.43182458,0.26462334,0.005357834933
20,3.902809,0,0,0.0,1.72599837,0.88759007,0.58173507,0.89120592,0.516342272817
20,3.902809,44,1,0.40407179,1.39104491,0.77813616,0.78293599,0.8474674,0.250410106205
20,3.902809,989,1,0.50618744,0.45844134,0.72658838,0.70761404,0.23570493,0.211326953854
20,3.902809,3596,1,0.50618744,0.15271773,0.78867807,0.79358134,0.09558301,0.257253453928
20,3.902809,1165,1,0.43015287,0.50036673,0.77164057,0.91481603,0.35321346,0.290147491227
20,3.902809,37,1,0.36907045,8.64143662,0.86268567,0.88764664,6.61726681,0.314747795399
20,3.902809,270,1,0.50618744,0.36628201,0.80698257,0.79935488,0.23627587,0.265139104773
20,3.902809,39,1,0.35767171,5.19855042,0.8141702,0.87585247,3.70704983,0.29310023272
20,3.902809,1,1,0.44104058,0.54801078,0.52168306,0.70517586,0.20160127,0.151207790675
20,3.902809,2,1,0.36195177,3.53110828,0.71465604,0.3829553,0.96639836,0.112490318749
20,3.902809,56,2,0.53283318,0.64493282,0.72477385,0.48023865,0.22447817,0.081209737845
20,3.902809,3938,2,0.61980221,1.14971911,0.6464113,0.52846083,0.39274756,0.079702184388
20,3.902809,55,2,0.5098276,1.56893577,0.66102195,0.72526025,0.75216813,0.09556391429
20,3.902809,41,2,0.61980221,2.48916383,0.55307739,0.8296432,1.14216998,0.10705963061
20,3.902809,2125,2,0.62644929,0.64728801,0.74320284,0.81291126,0.3910642,0.151371987306
20,3.902809,119,2,0.62644929,0.19262692,0.53934301,0.4260448,0.04426264,0.057572532451
20,3.902809,1053,2,0.56551989,0.27862328,0.39172024,0.93371847,0.10190825,0.091640398882
20,3.902809,227,2,0.56166812,2.7118055,0.83312171,0.71569849,1.61695187,0.053393208729
20,3.902809,931,2,0.62228194,1.47829625,0.80345557,0.79887483,0.94885986,0.057476202348
20,3.902809,442,2,0.61980221,0.47710059,0.71134765,0.76438612,0.25942071,0.126865394458
20,3.902809,1987,2,0.62644929,3.34856267,0.73007637,0.86562682,2.1162035,0.158341229337
20,3.902809,762,2,0.62644929,3.38448049,0.82836882,0.89686489,2.51444871,0.186142602355
20,3.902809,140,2,0.62644929,0.34266986,0.92841915,0.66954384,0.21300952,0.155746439698
20,3.902809,372,2,0.61980221,3.72454207,0.92825004,0.50498257,1.74587944,0.109367893641
20,3.902809,482,2,0.62644929,5.27732968,0.51856613,0.85482559,2.33935368,0.11106486028
20,3.902809,136,2,0.62644929,0.30842892,0.93598527,0.78604462,0.22691923,0.184336452049
20,3.902809,135,2,0.62644929,3.45435759,0.75777199,0.38061016,0.99629102,0.072262658516
20,3.902809,147,2,0.56088159,1.32980106,0.56985778,0.81711687,0.61920911,0.10864234711
20,3.902809,758,2,0.62644929,4.06301698,0.32198482,0.87833156,1.14905953,0.07085800237
20,3.902809,780,2,0.62644929,2.32344089,0.66619321,0.53874479,0.8339018,0.089924555069
20,3.902809,541,2,0.49810542,2.67734774,0.44606265,0.66733318,0.79697255,0.074581926034
20,3.902809,57,2,0.57863577,5.98003307,0.50775653,0.7697934,2.33740135,0.077913708353
20,3.902809,319,2,0.62644929,0.94560568,0.87616386,0.58056231,0.48099908,0.127446873314
20,3.902809,337,2,0.61980221,2.32883104,0.78581807,0.93123156,1.70418869,0.170737209232
20,3.902809,1572,2,0.61980221,0.67632746,0.60163338,0.84039462,0.34195756,0.117967850404
20,3.902809,1636,2,0.62644929,1.93321958,0.93895527,0.59387651,1.07800861,0.139712756604
20,3.902809,1544,2,0.62644929,0.29463639,0.52388932,0.67449654,0.10411317,0.088534855204
20,3.902809,81,2,0.61980221,0.18293052,0.5669424,0.52070892,0.05400328,0.068878301863
20,3.902809,74,2,0.52558578,1.09732844,0.69589999,0.75786084,0.57872591,0.123050894599
20,3.902809,76,2,0.62644929,4.47152605,0.77722529,0.64099517,2.22770381,0.124823597783
20,3.902809,98,2,0.64768799,0.18811758,0.7487061,0.93025726,0.13102188,0.138834887063
20,3.902809,101,2,0.56270908,3.72705343,0.35367953,0.5110882,0.67370752,0.016186510762
20,3.902809,3,2,0.5449233,1.07103724,0.70481992,0.64124324,0.48406708,0.040471419752
20,3.902809,70,2,0.62228194,0.56985688,0.4306227,0.77805108,0.19092853,0.030002157721
20,3.902809,96,2,0.53373491,1.88698059,0.81267918,0.92253212,1.41471208,0.067134860939
20,3.902809,3130,2,0.61980221,2.4458065,0.85545164,0.81490906,1.70500911,0.162649634084
20,3.902809,302,2,0.61980221,1.98092685,0.82900577,0.88505334,1.45343441,0.17118885273
20,3.902809,294,2,0.56395382,5.85018418,0.3600065,0.79056355,1.66500933,0.0713086387
20,3.902809,340,2,0.58050067,1.42831782,0.43502927,0.64937234,0.40349403,0.056311413661
20,3.902809,1274,2,0.62644929,3.70511635,0.94172119,0.52924959,1.84665055,0.124875685076
20,3.902809,326,2,0.55512541,0.85937275,0.79666421,0.75781926,0.51882695,0.151264131546
20,3.902809,322,2,0.62644929,0.2111325,0.40754942,0.72629041,0.06249506,0.074162712588
20,3.902809,257,2,0.64768799,0.52951786,0.75408714,0.68170184,0.27220532,0.102470809417
20,3.902809,280,2,0.62644929,1.72463787,0.34948523,0.69286265,0.41761289,0.060669579924
20,3.902809,300,2,0.61980221,1.54093271,0.89313626,0.62099049,0.85464616,0.1294050283
20,3.902809,1433,2,0.53362011,1.55911217,0.65673155,0.33222543,0.34017165,0.054665807488
20,3.902809,1284,2,0.55574225,2.22357837,0.42347731,0.90689322,0.85396239,0.089605524101
20,3.902809,18,2,0.53427635,0.80063754,0.64644027,0.65822033,0.34067138,0.038101946499
20,3.902809,15,2,0.58696722,1.21827206,0.62457705,0.78193168,0.59497555,0.043732298188
20,3.902809,13,2,0.50644311,0.58228543,0.83127334,0.78674127,0.38081295,0.058562991036
20,3.902809,22,2,0.55619667,5.32813649,0.58902982,0.58269082,1.82873509,0.03073427135
20,3.902809,89,2,0.62644929,2.08900167,0.54103321,0.72262882,0.81672903,0.09795671624
20,3.902809,8,2,0.58696722,1.55612614,0.49780002,0.56335911,0.43640029,0.025112369885
20,3.902809,5,2,0.51537921,3.51645696,0.49002415,0.6761678,1.16513776,0.03988214012
20,3.902809,4,2,0.62228194,0.85735724,0.69788274,0.84785735,0.50730257,0.052984972115
20,3.902809,470,3,0.7578058,0.05873012,0.87342022,0.69836625,0.03582345,0.034624295794
20,3.902809,872,3,0.73494008,0.31420727,0.95110961,0.77828242,0.23258625,0.047852895292
20,3.902809,459,3,0.80023778,1.2483677,0.90167472,0.9683171,1.08995865,0.047872074361
20,3.902809,870,3,0.80539707,0.78417155,0.83204578,0.24723804,0.16131457,0.01160335896
20,3.902809,865,3,0.76879456,2.37266967,0.94849601,0.52645427,1.18476835,0.030970082139
20,3.902809,159,3,0.76879456,1.81788042,0.75615005,0.57024867,0.78385833,0.026743513235
20,3.902809,2538,3,0.64226876,0.59966498,0.60563711,0.92725356,0.33675936,0.040056969678
20,3.902809,462,3,0.68749064,0.31993682,0.90056798,0.71169105,0.20505588,0.012812327232
20,3.902809,2002,3,0.80539707,2.23794706,0.58984739,0.63919229,0.84376401,0.055866220211
20,3.902809,189,3,0.76879456,0.99510364,0.82442333,0.74773148,0.61342893,0.03823333073
20,3.902809,2595,3,0.80539707,1.22099168,0.97843931,0.88211691,1.05383531,0.049648518477
20,3.902809,728,3,0.80539707,1.353174,0.76872308,0.596384,0.62036823,0.026371944755
20,3.902809,186,3,0.64552185,0.25542921,0.8668421,0.63054345,0.13961291,0.02921026033
20,3.902809,706,3,0.75125891,3.81303084,0.58598498,0.97112435,2.16985967,0.06852193295
20,3.902809,773,3,0.80539707,0.9447376,0.72256972,0.79866909,0.5452025,0.058547470813
20,3.902809,984,3,0.80539707,9.59051161,0.8728647,0.77584281,6.4947501,0.059872812865
20,3.902809,983,3,0.77019916,5.12124603,0.47647518,0.7075396,1.72650037,0.015111924757
20,3.902809,1914,3,0.80023778,0.21644083,0.81429537,0.6461881,0.11388856,0.045810294604
20,3.902809,1907,3,0.80539707,3.12382859,0.71463389,0.91932572,2.05229703,0.047028771656
20,3.902809,947,3,0.80539707,1.1164532,0.70240003,0.41572913,0.32601343,0.029624871668
20,3.902809,435,3,0.80023778,0.51001923,0.65424863,0.74675595,0.24917707,0.050327456829
20,3.902809,944,3,0.73598705,6.71505266,0.74230475,0.75984119,3.78751618,0.017107421441
20,3.902809,3499,3,0.77508467,2.11299561,0.97692792,0.64080205,1.32277205,0.021793201497
20,3.902809,149,3,0.80539707,1.30269185,0.6525731,0.80712095,0.68613486,0.030298005721
20,3.902809,539,3,0.80539707,0.40936385,0.59439853,0.62705665,0.15257873,0.029063709156
20,3.902809,520,3,0.76879456,0.35157357,0.7171403,0.93176957,0.2349248,0.041443731202
20,3.902809,528,3,0.75552226,0.24551481,0.44026729,0.63522258,0.06866257,0.024186543487
20,3.902809,545,3,0.80539707,1.49316999,0.74308356,0.56004495,0.62139792,0.041351336817
20,3.902809,601,3,0.76879456,0.80488124,0.52781183,0.77653156,0.32989067,0.025420519687
20,3.902809,45,3,0.80023778,0.54935453,0.74420307,0.96283703,0.39363794,0.061066397586
20,3.902809,561,3,0.76879456,0.20922824,0.69476108,0.84267357,0.1224941,0.036311237067
20,3.902809,652,3,0.72238594,1.95253461,0.61360377,0.82354166,0.98667094,0.016042955142
20,3.902809,648,3,0.65444577,0.07783643,0.71772113,0.56453273,0.03153754,0.017221191704
20,3.902809,642,3,0.80023778,0.35094028,0.5663924,0.84278,0.1675193,0.041557919943
20,3.902809,737,3,0.62106389,2.25017867,0.9192439,0.66950417,1.38484462,0.036538436274
20,3.902809,62,3,0.76879456,0.39205307,0.34532013,0.87252004,0.11812509,0.018687168124
20,3.902809,59,3,0.58069972,1.83668153,0.55614809,0.72612449,0.74171215,0.013010149722
20,3.902809,51,3,0.77508467,1.99334662,0.86975686,0.90788872,1.57403109,0.027489389799
20,3.902809,655,3,0.76879456,0.27734872,0.80953372,0.63034187,0.14152634,0.031648803361
20,3.902809,514,3,0.80539707,1.3953516,0.3794179,0.91825732,0.48614506,0.020041419155
20,3.902809,3756,3,0.72970278,1.21090349,0.3407166,0.95370245,0.39347372,0.031829021541
20,3.902809,662,3,0.80023778,1.22058995,0.71760328,0.74462346,0.65221521,0.045538549474
20,3.902809,485,3,0.80539707,0.06068489,0.74008759,0.62557087,0.02809572,0.040932533833
20,3.902809,496,3,0.80539707,0.61177571,0.76945917,0.9722839,0.45768945,0.043035309044
20,3.902809,505,3,0.75205083,0.74018166,0.74531043,0.80241957,0.44266688,0.014631671756
20,3.902809,507,3,0.80539707,0.18501883,0.77959482,0.81773146,0.11794936,0.056362291644
20,3.902809,511,3,0.80023778,1.1662945,0.81163939,0.87215824,0.82559419,0.096209708504
20,3.902809,131,3,0.76879456,1.89325941,0.56857396,0.86125958,0.92710976,0.030371568561
20,3.902809,2433,3,0.80539707,0.45553584,0.48836353,0.53727792,0.11952666,0.014800058778
20,3.902809,2101,3,0.62909442,0.40020777,0.97211674,0.55059397,0.21420786,0.064449291776
20,3.902809,2400,3,0.80539707,1.19326474,0.87335676,0.82209693,0.85674489,0.063478068945
20,3.902809,594,3,0.76879456,1.91903077,0.95131015,0.69587229,1.27037989,0.041058006979
20,3.902809,589,3,0.7578058,1.49570618,0.89010946,0.66456856,0.88476818,0.033578220268
20,3.902809,138,3,0.73598705,3.46402316,0.53981592,0.92076546,1.72177142,0.015075585515
20,3.902809,47,3,0.80023778,2.42828281,0.90557371,0.65079982,1.4311017,0.050226080729
20,3.902809,53,3,0.77508467,5.81479273,0.58507802,0.51804597,1.76244804,0.010551560716
20,3.902809,2456,3,0.80539707,4.30249381,0.76256024,0.64246857,2.10788201,0.06175219128
20,3.902809,126,3,0.65503857,1.43062133,0.73425392,0.55018462,0.57793556,0.025055375403
20,3.902809,30,3,0.75205083,0.68888962,0.58215708,0.90502453,0.36295282,0.012890084849
20,3.902809,108,3,0.56381202,0.22963687,0.74725426,0.62345066,0.10698234,0.014790445527
20,3.902809,2322,3,0.63953789,0.24664207,0.79919105,0.5413797,0.10671359,0.023122404079
20,3.902809,115,3,0.76879456,10.87846092,0.9178631,0.66047849,6.59483669,0.037599561717
20,3.902809,2290,3,0.80539707,2.31245628,0.8857553,0.43818856,0.89752865,0.038565929727
20,3.902809,369,3,0.71843574,0.19970488,0.26618774,0.64452259,0.03426217,0.013051259898
20,3.902809,368,3,0.80539707,2.07029204,0.54251916,0.90216299,1.01328519,0.038165118812
20,3.902809,362,3,0.7578058,2.76524818,0.54785871,0.6528939,0.98911161,0.020304188995
20,3.902809,3373,3,0.68749064,2.94596225,0.65278844,0.87959093,1.69153261,0.019988850279
20,3.902809,3333,3,0.7578058,0.5741209,0.45371412,0.78383966,0.20417985,0.020187567662
20,3.902809,1150,3,0.7578058,0.85752278,0.54287867,0.80929069,0.37674976,0.024939157719
20,3.902809,1743,3,0.75205083,2.73619148,0.48592182,0.93003117,1.23654632,0.011056537489
20,3.902809,1801,3,0.80215992,0.36033436,0.94398556,0.60879406,0.20708156,0.02423933975
20,3.902809,1815,3,0.7578058,0.27384247,0.7236262,0.53597818,0.10620921,0.022015870053
20,3.902809,1797,3,0.80023778,0.89523478,0.60749204,0.61389117,0.33386349,0.038416292593
20,3.902809,1827,3,0.7578058,0.34232884,0.80603763,0.7297249,0.20135294,0.033387888148
20,3.902809,2734,3,0.76879456,0.74282046,0.66289699,0.73967527,0.36422605,0.030411184811
20,3.902809,1847,3,0.62466542,6.60309908,0.62412317,0.3292082,1.35671541,0.009578478131
20,3.902809,201,3,0.80023778,1.25385258,0.77200384,0.93697281,0.90697001,0.061645943991
20,3.902809,1013,3,0.71016529,0.51369943,0.81160112,0.76886214,0.32055326,0.037047339665
20,3.902809,963,3,0.71843574,1.55167736,0.86429072,0.75715289,1.015418,0.049781695322
20,3.902809,399,3,0.77508467,0.61524638,0.80435671,0.68029514,0.33666279,0.010938709096
20,3.902809,397,3,0.80539707,0.2431194,0.43891166,0.78774838,0.08405901,0.034355292741
20,3.902809,1007,3,0.80539707,1.62216734,0.58124848,0.6797928,0.64096459,0.039261546297
20,3.902809,1004,3,0.80023778,3.08740405,0.61033263,0.70145803,1.32178785,0.043235827603
20,3.902809,415,3,0.80215992,2.94957948,0.49779862,0.58524561,0.85931414,0.006957875673
20,3.902809,414,3,0.7578058,2.74584788,0.66126747,0.78031384,1.41684697,0.029290105464
20,3.902809,405,3,0.75205083,3.98214856,0.68955948,0.54365149,1.49282801,0.009171651759
20,3.902809,404,3,0.66261168,0.44580747,0.94631138,0.48477946,0.20451521,0.020563972681
20,3.902809,1087,3,0.65407617,1.84177014,0.69346768,0.93547843,1.19480059,0.00835883128
20,3.902809,1035,3,0.63443227,0.41062846,0.80771399,0.38031749,0.12614004,0.01432054257
20,3.902809,394,3,0.72238594,0.80208772,0.62184717,0.56676366,0.2826881,0.011189132908
20,3.902809,1045,3,0.80539707,0.38177007,0.47069065,0.84727957,0.15225241,0.059093593657
20,3.902809,1077,3,0.80539707,0.93228394,0.60097052,0.8199002,0.45936972,0.048960198735
20,3.902809,833,3,0.77508467,0.91423901,0.81103684,0.57913796,0.42942009,0.00938950355
20,3.902809,1058,3,0.75205083,0.59929568,0.88592467,0.76057574,0.40381311,0.016485210704
20,3.902809,1063,3,0.7578058,9.47495043,0.75451365,0.76777521,5.48880912,0.032883318947
20,3.902809,721,3,0.7355941,0.39481947,0.82823814,0.4865449,0.15910239,0.021535678568
20,3.902809,1997,3,0.80023778,0.92997559,0.73587424,0.66028602,0.45186349,0.066213035949
20,3.902809,1994,3,0.80539707,2.76613187,0.64868412,0.79709955,1.43027225,0.040319242769
20,3.902809,930,3,0.72238594,2.5365347,0.41718642,0.59351446,0.62806165,0.007860899505
20,3.902809,912,3,0.80539707,4.38395293,0.78644821,0.62609684,2.1586266,0.027773643918
20,3.902809,914,3,0.80539707,0.94598136,0.83143031,0.89280259,0.70220493,0.075308292354
20,3.902809,443,3,0.75687994,0.65868902,0.57850417,0.55314712,0.21077911,0.004123183889
20,3.902809,3884,3,0.80539707,0.63096697,0.76295288,0.6936754,0.333934,0.07842095183
20,3.902809,1314,3,0.71016529,0.18168139,0.79276446,0.75813973,0.10919528,0.035682833926
20,3.902809,1312,3,0.75125891,0.16954947,0.61020129,0.68719852,0.07109708,0.050492120904
20,3.902809,1692,3,0.80023778,1.00740866,0.44378509,0.84854813,0.37936291,0.032784710819
20,3.902809,352,3,0.80539707,0.62502278,0.73622254,0.82297668,0.37869754,0.029261726334
20,3.902809,347,3,0.61497273,2.47968465,0.75020906,0.72770992,1.35374559,0.017332107478
20,3.902809,348,3,0.80539707,0.56664612,0.79221408,0.88497084,0.39726787,0.069662737072
20,3.902809,344,3,0.82202522,1.0781887,0.68729226,0.3316146,0.24573662,0.018591206789
20,3.902809,1313,3,0.71016529,1.14094831,0.71376262,0.92077892,0.74985129,0.03901890558
20,3.902809,1187,3,0.75205083,1.00494221,0.86479048,0.60184643,0.52304334,0.012733618371
20,3.902809,3288,3,0.80539707,1.35173986,0.8705099,0.58673236,0.69040968,0.050750785486
20,3.902809,1229,3,0.76879456,0.12738988,0.72250765,0.54862686,0.05049571,0.024584745166
20,3.902809,1289,3,0.80539707,0.40631788,0.70551202,0.46357449,0.13288926,0.032511286278
20,3.902809,263,3,0.77508467,0.78943859,0.7630191,0.99175849,0.5973924,0.026343650615
20,3.902809,1645,3,0.64883475,1.69703504,0.75372871,0.80367206,1.02798017,0.034384949536
20,3.902809,2873,3,0.77019916,2.71341523,0.48166039,0.87633855,1.14532597,0.018920891565
20,3.902809,2872,3,0.82202522,0.35252499,0.57057414,0.77784988,0.156458,0.036202649324
20,3.902809,248,3,0.76879456,0.40964835,0.76998472,0.56886828,0.17943412,0.027166895902
20,3.902809,244,3,0.75610634,1.21041073,0.59360738,0.49890828,0.35846996,0.012587466985
20,3.902809,383,3,0.80539707,0.87950159,0.67682664,0.70608776,0.42031294,0.047485950923
20,3.902809,388,3,0.80539707,0.86513409,0.5976613,0.57013426,0.294792,0.033857999044
20,3.902809,1724,3,0.7578058,0.21781966,0.25725226,0.78039284,0.043729,0.011395855422
20,3.902809,240,3,0.75687994,0.05109652,0.72061224,0.81397148,0.02997107,0.007557817232
20,3.902809,1763,3,0.7578058,0.31974766,0.50746099,0.50103727,0.08129804,0.014432685657
20,3.902809,1705,3,0.76879456,7.33233774,0.71505387,0.80299811,4.21013227,0.035612254834
20,3.902809,1282,3,0.65329087,1.87092611,0.75179857,0.9392295,1.32108225,0.061066731783
20,3.902809,1337,3,0.71603795,1.02285204,0.47854779,0.69546619,0.34041928,0.015515182985
20,3.902809,1325,3,0.80539707,0.18052889,0.7464816,0.54507938,0.07345571,0.022950919124
20,3.902809,3198,3,0.7578058,1.1182919,0.44992512,0.66554342,0.33486658,0.016997736536
20,3.902809,1370,3,0.72238594,4.79010592,0.71157585,0.38352552,1.30725582,0.008664155523
20,3.902809,1408,3,0.80539707,3.11686023,0.671985,0.75093608,1.57282308,0.051194587486
20,3.902809,308,3,0.80539707,0.29863664,0.54320354,0.64174614,0.10410437,0.016835621858
20,3.902809,3134,3,0.80539707,3.69006505,0.53102305,0.79224874,1.552419,0.023729913239
20,3.902809,3103,3,0.7578058,0.57790576,0.90324254,0.6843758,0.35723668,0.035089201941
20,3.902809,3102,3,0.80539707,0.44155522,0.42075257,0.86360534,0.16044534,0.02090202419
20,3.902809,1474,3,0.80539707,0.50286752,0.72927804,0.66791161,0.24494338,0.034867655134
20,3.902809,1532,3,0.80023778,1.15310889,0.80198859,0.81300177,0.75184792,0.088617639388
20,3.902809,1481,3,0.6530533,0.80985943,0.66714592,0.80676097,0.43588845,0.039263137573
20,3.902809,1485,3,0.80539707,0.51883893,0.52590759,0.99804678,0.27232837,0.052154207333
20,3.902809,1496,3,0.80539707,0.11069125,0.92202692,0.73822248,0.07534322,0.067661413615
20,3.902809,1456,3,0.75171482,2.19227267,0.74091475,0.91130688,1.48022406,0.048161498411
20,3.902809,1581,3,0.80539707,0.5565445,0.74823576,0.90041981,0.37495867,0.059565185173
20,3.902809,1199,3,0.80539707,1.75381226,0.83132149,0.60135543,0.87676529,0.073357375908
20,3.902809,1582,3,0.80539707,2.33446097,0.73958037,0.77228942,1.33337428,0.056777420524
20,3.902809,1592,3,0.75687994,5.46554578,0.67563145,0.86542011,3.19573217,0.007533944145
20,3.902809,282,3,0.77508467,1.42109852,0.56212054,0.8393396,0.67048854,0.009431639399
20,3.902809,92,3,0.80539707,1.29146801,0.87238934,0.95159397,1.07212564,0.082488051158
20,3.902809,94,3,0.71843574,1.15558241,0.63966709,0.77589849,0.57353488,0.037755928942
20,3.902809,78,3,0.63241529,1.21207697,0.59903249,0.80453833,0.58415395,0.011791046715
20,3.902809,28,3,0.6199278,1.44641642,0.85761381,0.50949582,0.63201259,0.020369855791
20,3.902809,3975,3,0.75205083,2.43133422,0.86586852,0.75624148,1.59205148,0.016020190728
20,3.902809,91,3,0.62293381,0.42464546,0.83400157,0.72455073,0.25660325,0.045968667478
20,3.902809,97,3,0.80023778,0.14629504,0.63740169,0.68651089,0.06401625,0.037292259616
21,6.728654,0,0,0.0,1.02283802,0.59326354,0.76781943,0.46592243,0.455519274501
21,6.728654,3259,1,0.38551023,1.71775403,0.46630418,0.58638023,0.46968815,0.10843755498
21,6.728654,1,1,0.38551023,3.90710184,0.77897188,0.79284456,2.41304023,0.244929399759
21,6.728654,62,2,0.5451938,0.45628842,0.83420472,0.78052067,0.29709579,0.138842460972
21,6.728654,17,2,0.5451938,1.58296273,0.92493602,0.3917624,0.5735947,0.077268003377
21,6.728654,835,2,0.5451938,0.22520542,0.90933674,0.80793835,0.16545572,0.156663638462
21,6.728654,497,2,0.51990676,0.49774272,0.80354167,0.70761156,0.28301421,0.121246320508
21,6.728654,478,2,0.5451938,1.19573172,0.80116797,0.87526988,0.83849275,0.149530851411
21,6.728654,39,2,0.52604304,0.7724807,0.60930467,0.45468176,0.21400784,0.059075484023
21,6.728654,3,2,0.47815028,7.30620384,0.70653098,0.58416291,3.0154836,0.08800967843
21,6.728654,207,2,0.5451938,1.46545211,0.86850235,0.73507905,0.93557083,0.13613515451
21,6.728654,2,2,0.49932502,4.929285,0.8092966,0.51935882,2.07185404,0.089627333231
21,6.728654,416,2,0.5451938,0.71238288,0.45446444,0.49668054,0.16080166,0.048132929542
21,6.728654,74,2,0.467309,19.14807096,0.71644571,0.44038109,6.04139147,0.067278638962
21,6.728654,15,2,0.50831697,1.04611899,0.92161138,0.91146193,0.87875426,0.179123105169
21,6.728654,13,2,0.5451938,1.68780259,0.69809572,0.86760368,1.02225209,0.129152139822
21,6.728654,113,2,0.5451938,3.65850086,0.62887213,0.65428357,1.50532933,0.087739187851
21,6.728654,143,3,0.60580182,4.55932806,0.76468924,0.79548012,2.77341684,0.035630000856
21,6.728654,791,3,0.60580182,6.47572816,0.71457163,0.81040683,3.75005361,0.033919574309
21,6.728654,784,3,0.60580182,2.10051144,0.90716811,0.86225532,1.64304218,0.045816845823
21,6.728654,49,3,0.61420341,0.99226871,0.87308722,0.57052092,0.49426346,0.038166643961
21,6.728654,54,3,0.54039667,3.06542217,0.6262466,0.79421086,1.5246547,0.03810973818
21,6.728654,28,3,0.63082772,0.48667347,0.75965954,0.73714796,0.27252813,0.043695676757
21,6.728654,31,3,0.61420341,0.29152449,0.87239765,0.79916858,0.20324877,0.053420463303
21,6.728654,59,3,0.65218051,0.08768306,0.78911891,0.85457233,0.05912988,0.034683498365
21,6.728654,122,3,0.66772331,2.2749979,0.75081856,0.82266113,1.40519623,0.047181736116
21,6.728654,127,3,0.63082772,2.34121909,0.87278982,0.64244488,1.31276683,0.043753252567
21,6.728654,133,3,0.55514922,0.27181308,0.66317776,0.73752432,0.13294642,0.028648891725
21,6.728654,134,3,0.58772971,1.5921138,0.65026251,0.45653449,0.47264646,0.023164722868
21,6.728654,137,3,0.63082772,4.42003668,0.85908424,0.61398111,2.33139918,0.041158123895
21,6.728654,58,3,0.54935154,7.77348398,0.9137727,0.54933401,3.9020279,0.038461784147
21,6.728654,30,3,0.66772331,0.30619898,0.53350924,0.55571411,0.09078145,0.033336446201
21,6.728654,3575,3,0.61420341,0.74850455,0.791692,0.61762012,0.36599246,0.037465579519
21,6.728654,2730,3,0.66772331,0.04834399,0.49810247,0.87243045,0.02100835,0.056572405038
21,6.728654,647,3,0.66772331,0.51208463,0.97233136,0.84846778,0.42246564,0.034571344813
21,6.728654,1146,3,0.57260001,0.66574678,0.7747934,0.68636197,0.35403663,0.031148751997
21,6.728654,146,3,0.66772331,1.23187957,0.61535381,0.76396969,0.57912095,0.031624600226
21,6.728654,149,3,0.65218051,0.87116632,0.68376962,0.83042849,0.4946672,0.029204088925
21,6.728654,1165,3,0.60580182,0.20518418,0.97292557,0.54481979,0.10876179,0.031048027574
21,6.728654,1113,3,0.56023648,0.18836815,0.84683699,0.46241398,0.07376294,0.022936772116
21,6.728654,1949,3,0.60580182,0.72050609,0.35169242,0.77664346,0.19679876,0.015998756622
21,6.728654,157,3,0.61420341,1.87677042,0.67271683,0.8291229,1.04679671,0.042737189952
21,6.728654,158,3,0.60580182,0.46253763,0.87961746,0.66911359,0.272233,0.034474281485
21,6.728654,164,3,0.61420341,0.53096635,0.79387111,0.9817007,0.41380535,0.059715058451
21,6.728654,1223,3,0.60580182,0.07649196,0.85045492,0.68775647,0.0447406,0.034260011906
21,6.728654,1236,3,0.63796887,0.30003749,0.59324792,0.79906719,0.14223126,0.073925702604
21,6.728654,2957,3,0.60580182,2.24295224,0.61754681,0.65675571,0.90969072,0.023756106392
21,6.728654,2005,3,0.60580182,0.1313316,0.83700725,0.56008981,0.06156815,0.027459234101
21,6.728654,573,3,0.60580182,0.62509335,0.27604219,0.85300139,0.14718721,0.013791983215
21,6.728654,553,3,0.55991202,0.09053129,0.60067984,0.9195855,0.05000736,0.032354649549
21,6.728654,2198,3,0.60580182,0.45818466,0.794451,0.79961271,0.29106323,0.037209028469
21,6.728654,93,3,0.63082772,0.34483701,0.94575316,0.74550213,0.24313113,0.055016314356
21,6.728654,914,3,0.60580182,1.92497576,0.69790072,0.57957241,0.77862189,0.02369206262
21,6.728654,2377,3,0.60580182,0.56257659,0.8248322,0.86297053,0.40044532,0.041692995356
21,6.728654,930,3,0.60580182,5.04429905,0.6764507,0.81704505,2.78793713,0.032373054372
21,6.728654,2627,3,0.61420341,1.94172109,0.70805839,0.77468934,1.06508312,0.042029228655
21,6.728654,3806,3,0.66772331,1.36453567,0.50932596,0.45231663,0.31435709,0.025903849134
21,6.728654,2329,3,0.60580182,1.17052576,0.79900945,0.3607254,0.33737245,0.01688224378
21,6.728654,1005,3,0.66772331,0.15897426,0.43315539,0.61217812,0.04215493,0.020255336608
21,6.728654,1002,3,0.66772331,0.89172992,0.83773188,0.61324713,0.45811436,0.03924266654
21,6.728654,1074,3,0.5814821,0.3105808,0.52469441,0.79468461,0.12950181,0.044014334355
21,6.728654,3543,3,0.60580182,1.62365372,0.73785117,0.72000953,0.86258206,0.031117775157
21,6.728654,138,3,0.60580182,0.60206656,0.52256405,0.84293608,0.26520315,0.025800950106
21,6.728654,2027,3,0.60580182,3.56950499,0.85915479,0.52327875,1.60476893,0.026333345749
21,6.728654,423,3,0.59198862,2.52976607,0.8859714,0.98689844,2.21193585,0.068227108715
21,6.728654,417,3,0.60580182,1.1759106,0.74440344,0.81472107,0.71316763,0.035523753287
21,6.728654,1487,3,0.60580182,3.64026518,0.82805057,0.88451752,2.6662221,0.042900744544
21,6.728654,3271,3,0.63082772,1.09050188,0.93004643,0.30876035,0.31315011,0.022407373403
21,6.728654,2132,3,0.66772331,9.28613176,0.37674115,0.82607397,2.88999328,0.034993543874
21,6.728654,464,3,0.56447007,1.58615203,0.60120923,0.64059811,0.61088028,0.029509785602
21,6.728654,2159,3,0.60580182,0.47011467,0.7049321,0.87982741,0.29157385,0.036328402815
21,6.728654,451,3,0.55444328,1.94826996,0.84939838,0.80160257,1.3265379,0.039881552439
21,6.728654,1300,3,0.63082772,0.06644243,0.94747653,0.42778876,0.02693043,0.031627337355
21,6.728654,449,3,0.66772331,0.39738534,0.76853409,0.76807813,0.23457427,0.069962151091
21,6.728654,487,3,0.60580182,0.18370598,0.5371828,0.80821205,0.07975735,0.025430151291
21,6.728654,3372,3,0.60580182,1.04049452,0.63482048,0.98770781,0.65240791,0.036726618682
21,6.728654,1280,3,0.66772331,0.90034623,0.75709658,0.90682157,0.61813407,0.07719675806
21,6.728654,336,3,0.60580182,0.65393104,0.89387643,0.79494203,0.46467028,0.041621188012
21,6.728654,2832,3,0.60580182,0.81087054,0.500211,0.47702886,0.19348594,0.013976531902
21,6.728654,349,3,0.61420341,0.76387717,0.72630334,0.76753382,0.42583278,0.042714008016
21,6.728654,3112,3,0.60580182,0.88052523,0.6361029,0.8516104,0.47699095,0.031729984224
21,6.728654,301,3,0.63082772,0.52143983,0.55533853,0.94313847,0.27310992,0.040869382033
21,6.728654,329,3,0.63082772,0.17930034,0.66109258,0.79283523,0.09397803,0.040898749255
21,6.728654,2581,3,0.60580182,0.47059111,0.80162686,0.80686555,0.30438073,0.037885668907
21,6.728654,357,3,0.60580182,0.35978455,0.61610108,0.57729554,0.12796544,0.020832994401
21,6.728654,352,3,0.60580182,1.06693253,0.91172679,0.92836832,0.90307118,0.049577720396
21,6.728654,287,3,0.60580182,0.14042031,0.63867735,0.46814971,0.0419852,0.017513292296
21,6.728654,3934,3,0.60580182,3.71433945,0.91602041,0.67347446,2.29143673,0.036134978958
21,6.728654,26,3,0.66772331,7.48124612,0.27125815,0.47547627,0.96490728,0.00867632199
21,6.728654,215,3,0.61420341,1.12708507,0.76260831,0.82585203,0.70984,0.048256801799
21,6.728654,1876,3,0.60580182,2.19659749,0.75274961,0.91737899,1.51687505,0.040448353767
21,6.728654,3229,3,0.61420341,1.00670968,0.75159893,0.82786362,0.62639632,0.047675989181
21,6.728654,1587,3,0.60580182,5.22572283,0.92585941,0.61858263,2.99287888,0.033546274509
21,6.728654,1895,3,0.63082772,1.34717885,0.72708052,0.53839463,0.52736158,0.03054555585
21,6.728654,193,3,0.57388047,2.17517487,0.71506832,0.31088909,0.48355647,0.017346738328
21,6.728654,196,3,0.60580182,1.73119992,0.57777574,0.76800335,0.76819175,0.02599105699
21,6.728654,4,3,0.58893978,4.97146388,0.60483017,0.82990718,2.49544071,0.038460748474
21,6.728654,43,3,0.66772331,0.50734921,0.45289917,0.83574337,0.19203547,0.025462350426
21,6.728654,41,3,0.60315374,2.20202188,0.83638098,0.75070034,1.38258673,0.032292552455
21,6.728654,1800,3,0.60580182,0.54687757,0.51372876,0.59269485,0.16651568,0.017834730831
21,6.728654,293,3,0.60580182,0.89962404,0.80368197,0.93933766,0.67915204,0.044218854051
21,6.728654,8,3,0.58317347,0.15293807,0.47485605,0.68292302,0.04959631,0.024847831144
21,6.728654,7,3,0.61420341,0.48572359,0.39074099,0.58214256,0.11048607,0.017429024845
21,6.728654,6,3,0.53299987,4.67598747,0.8860014,0.6476891,2.68333154,0.043969928554
21,6.728654,77,3,0.60580182,0.14382696,0.77942912,0.66980705,0.07508733,0.030579323078
21,6.728654,76,3,0.57429842,1.4895607,0.56747428,0.83485448,0.70569196,0.02774971251
21,6.728654,99,3,0.55871171,0.23318688,0.75326632,0.77966828,0.13695015,0.034400118608
21,6.728654,78,3,0.61420341,0.83690314,0.9154296,0.57370098,0.43952718,0.04024067956
21,6.728654,18,3,0.58317347,2.47688662,0.75963201,0.26190744,0.49278471,0.015244242793
21,6.728654,19,3,0.66772331,0.1628345,0.45534441,0.87346083,0.06476343,0.026755154471
21,6.728654,25,3,0.53893773,0.53813254,0.40699955,0.87802071,0.19230383,0.05572814968
21,6.728654,20,4,0.64286638,1.22190796,0.86029921,0.95224594,1.00100707,0.027430941485
21,6.728654,21,4,0.65780468,0.62077605,0.68228746,0.76134402,0.32246552,0.019885129311
21,6.728654,22,4,0.70389502,0.19415665,0.50498707,0.78339087,0.07680881,0.013246490354
21,6.728654,23,4,0.65780468,7.25165806,0.71614756,0.33132612,1.72066178,0.00908318761
21,6.728654,24,4,0.70389502,0.5695521,0.33507658,0.78920604,0.1506149,0.008854754593
21,6.728654,33,4,0.65780468,1.43592499,0.81360299,0.84393625,0.98594781,0.026284653968
21,6.728654,14,4,0.70389502,0.20610801,0.51939448,0.82761994,0.08859784,0.014393629971
21,6.728654,35,4,0.77102047,3.69284824,0.69839047,0.86545174,2.23204332,0.004565634577
21,6.728654,27,4,0.60876033,0.13656752,0.73112982,0.85668242,0.08553853,0.023976977634
21,6.728654,110,4,0.70389502,4.27779138,0.79930245,0.75710201,2.58872037,0.020263179936
21,6.728654,70,4,0.72516479,0.92272231,0.66239468,0.52951542,0.32364319,0.011654771163
21,6.728654,71,4,0.72516479,0.96820259,0.67598505,0.94310095,0.61725059,0.021183785735
21,6.728654,72,4,0.66381225,11.81465146,0.44374555,0.34648855,1.81653517,0.005101327315
21,6.728654,245,4,0.63004199,1.56956178,0.46728057,0.58392993,0.42826923,0.005502878192
21,6.728654,253,4,0.69907756,3.01252325,0.80568504,0.89505622,2.17243115,0.009570746232
21,6.728654,221,4,0.70389502,0.52665771,0.52250726,0.92035699,0.25326612,0.016102403417
21,6.728654,229,4,0.67112238,1.20805481,0.50135176,0.93246242,0.56475557,0.015654083272
21,6.728654,1875,4,0.71806266,2.88288229,0.65573043,0.56064803,1.05984548,0.010737032489
21,6.728654,3021,4,0.71806266,0.7755924,0.52542854,0.94689363,0.38587656,0.014692292952
21,6.728654,285,4,0.60521421,0.80059151,0.89034811,0.66777753,0.47599526,0.022759972558
21,6.728654,292,4,0.65780468,1.13005906,0.86138878,0.7544359,0.73438314,0.024877208708
21,6.728654,2067,4,0.72516479,2.53440721,0.24611435,0.56044488,0.34957972,0.004832362155
21,6.728654,739,4,0.77102047,1.55164524,0.81520706,0.62615739,0.7920341,0.003855772796
21,6.728654,754,4,0.67112238,1.04520346,0.82735406,0.88295544,0.76353865,0.024461548458
21,6.728654,762,4,0.63957984,1.22184226,0.52937682,0.91709349,0.5931898,0.028837647511
21,6.728654,3617,4,0.71806266,8.24461732,0.80263553,0.59208039,3.91804629,0.018956081966
21,6.728654,3654,4,0.73929815,2.62570509,0.60485254,0.67788769,1.0765971,0.015618593817
21,6.728654,908,4,0.67112238,0.11580818,0.84383937,0.62617808,0.06119231,0.017693404452
21,6.728654,923,4,0.65780468,12.45916574,0.85176162,0.66142826,7.01923494,0.021566561365
21,6.728654,90,4,0.62509656,2.9033223,0.82656363,0.62058309,1.48926328,0.0171763147
21,6.728654,91,4,0.69169127,5.6233819,0.75445012,0.94922174,4.02713128,0.017301391206
21,6.728654,798,4,0.71806266,4.28937284,0.84201965,0.64014073,2.31201945,0.023265295271
21,6.728654,900,4,0.70389502,0.69501995,0.67154205,0.8004553,0.3736006,0.01799916477
21,6.728654,2626,4,0.71806266,0.95329359,0.50618951,0.96926077,0.46771409,0.015219274132
21,6.728654,942,4,0.77102047,0.72249923,0.64090444,0.55137946,0.25531789,0.002669339718
21,6.728654,944,4,0.71806266,2.01446987,0.59283315,0.8656506,1.03379849,0.01446382387
21,6.728654,683,4,0.77102047,10.85657392,0.75435109,0.63296831,5.18380059,0.013146340184
21,6.728654,696,4,0.63146373,0.1572122,0.81546597,0.77938122,0.09991761,0.015354603261
21,6.728654,3748,4,0.73929815,0.16548583,0.71321202,0.77580036,0.09156499,0.019826613083
21,6.728654,3696,4,0.72516479,0.59212917,0.61894971,0.83387942,0.30561529,0.01715011051
21,6.728654,3590,4,0.77102047,0.49951469,0.75160663,0.89478223,0.33593575,0.02048897399
21,6.728654,994,4,0.71806266,2.47033817,0.88662502,0.52561289,1.15123079,0.013134513638
21,6.728654,1008,4,0.71806266,0.99646018,0.87370805,0.5719086,0.49791237,0.014755967546
21,6.728654,978,4,0.71806266,0.17419827,0.61311702,0.74253766,0.07930594,0.013444250124
21,6.728654,660,4,0.67112238,17.448273,0.60957445,0.93425634,9.93677034,0.01906981852
21,6.728654,3781,4,0.71806266,0.36004087,0.64155187,0.84534843,0.19526272,0.020256139603
21,6.728654,2419,4,0.65780468,0.27335442,0.77684135,0.82784695,0.1757958,0.024618550259
21,6.728654,720,4,0.77102047,0.47566424,0.88290467,0.74968303,0.31484152,0.027188781203
21,6.728654,2073,4,0.71806266,0.19683694,0.6219534,0.72626298,0.08891159,0.012730919037
21,6.728654,261,4,0.77102047,0.46832752,0.54658776,0.80363216,0.20571544,0.003318006207
21,6.728654,281,4,0.61549487,1.38399759,0.86882457,0.7655132,0.92049221,0.022270939488
21,6.728654,283,4,0.67112238,1.12075592,0.908517,0.57581725,0.58631199,0.017517474259
21,6.728654,1827,4,0.77102047,0.5219347,0.432134,0.8836449,0.19930234,0.01108255372
21,6.728654,2054,4,0.77102047,0.37876131,0.7691562,0.75572133,0.22016173,0.004390724782
21,6.728654,2086,4,0.72516479,0.28165411,0.66824356,0.78350468,0.14746619,0.027219777147
21,6.728654,310,4,0.64018559,0.27694219,0.65853209,0.61167771,0.11155492,0.01132468944
21,6.728654,315,4,0.77102047,3.51336887,0.79216407,0.58547825,1.62948234,0.003503369132
21,6.728654,316,4,0.65780468,0.38426819,0.70915975,0.78338103,0.21347723,0.021266558807
21,6.728654,3928,4,0.75759987,3.36473344,0.93174592,0.68372241,2.14352218,0.016197400073
21,6.728654,3932,4,0.66381225,0.91730424,0.78203492,0.77452543,0.55561662,0.020096578563
21,6.728654,1157,4,0.77102047,1.07403477,0.91757614,0.79062988,0.77917261,0.019973984612
21,6.728654,1067,4,0.72516479,3.31539739,0.71946324,0.3744937,0.89328227,0.009439364555
21,6.728654,659,4,0.69169127,4.08611301,0.77553976,0.4776117,1.5135243,0.008948738994
21,6.728654,1031,4,0.71582999,0.24520945,0.62834812,0.84794287,0.13064841,0.014979372228
21,6.728654,1038,4,0.77102047,2.72679285,0.74357228,0.75122842,1.52316638,0.004219443615
21,6.728654,3523,4,0.67112238,0.65501933,0.87877732,0.65653674,0.37791314,0.019319310875
21,6.728654,1091,4,0.67112238,4.31143255,0.60250605,0.61798004,1.60530465,0.012467794112
21,6.728654,3579,4,0.71806266,2.43875459,0.3253308,0.88136924,0.6992801,0.003993867294
21,6.728654,634,4,0.72516479,0.25804202,0.8996907,0.80798599,0.18758042,0.027032842425
21,6.728654,641,4,0.77102047,0.72905109,0.81275797,0.3525084,0.20887607,0.011768712664
21,6.728654,1086,4,0.77102047,1.45239951,0.9065375,0.71222631,0.93775606,0.014312866073
21,6.728654,148,4,0.60996826,0.28903677,0.91944569,0.66506626,0.17674376,0.020288563076
21,6.728654,1986,4,0.77102047,3.27880169,0.73658116,0.62326656,1.50525327,0.018857871711
21,6.728654,2606,4,0.70288288,0.78099206,0.64924932,0.77131348,0.3911011,0.010099360228
21,6.728654,2620,4,0.71806266,0.41398835,0.8874461,0.66758554,0.24526582,0.020862871523
21,6.728654,617,4,0.71806266,6.71243957,0.77754194,0.76579869,3.99685906,0.018470498126
21,6.728654,1121,4,0.72516479,0.5822102,0.7852922,0.80255256,0.36693115,0.026478149841
21,6.728654,1128,4,0.77102047,0.62246995,0.34937419,0.61210306,0.13311707,0.001615382422
21,6.728654,1753,4,0.66381225,1.68817712,0.21006841,0.61748775,0.21898133,0.00430377322
21,6.728654,3132,4,0.69907756,0.18201282,0.45053416,0.66382793,0.05443588,0.003969295488
21,6.728654,1768,4,0.71806266,1.43874815,0.63796549,0.64340136,0.59055988,0.012121430778
21,6.728654,1782,4,0.71806266,0.74354185,0.64796942,0.7521801,0.36239464,0.010053182143
21,6.728654,2546,4,0.66381225,0.3423228,0.83240997,0.53591565,0.15271072,0.014801100463
21,6.728654,1702,4,0.77102047,3.97098349,0.74998796,0.61935528,1.84455759,0.003508763753
21,6.728654,2101,4,0.73929815,1.35874759,0.66265911,0.85763091,0.77219927,0.020364347577
21,6.728654,2105,4,0.71806266,1.22241747,0.72844788,0.78010251,0.69465586,0.016596586886
21,6.728654,2278,4,0.66381225,0.90911968,0.8703967,0.52849053,0.41819179,0.015262115603
21,6.728654,1174,4,0.70644792,3.84972611,0.78705876,0.77529295,2.34910712,0.036245515914
21,6.728654,1196,4,0.77102047,0.47051365,0.5327592,0.70893619,0.17770937,0.011367859672
21,6.728654,1197,4,0.77102047,2.00133967,0.53468545,0.69126298,0.73971167,0.002791911565
21,6.728654,2245,4,0.65780468,0.23479297,0.87082975,0.45140981,0.09229737,0.015048192443
21,6.728654,2253,4,0.70389502,4.29193883,0.93570081,0.83061301,3.33571745,0.026024224323
21,6.728654,1978,4,0.66381225,0.64939824,0.56275275,0.81420946,0.29755337,0.015202466781
21,6.728654,159,4,0.70389502,0.60059191,0.77991217,0.87515354,0.40992975,0.022854515317
21,6.728654,165,4,0.77102047,5.44043568,0.87895021,0.79586371,3.80571845,0.005284001899
21,6.728654,2978,4,0.62448569,0.526086,0.70588561,0.87932888,0.32654453,0.016832578401
21,6.728654,1958,4,0.71806266,0.83600729,0.7785297,0.86578478,0.56350165,0.026886523217
21,6.728654,567,4,0.72516479,1.38216616,0.65959963,0.7810041,0.71202292,0.021642956349
21,6.728654,571,4,0.77102047,3.29926926,0.45615958,0.80358007,1.2093826,0.002768891552
21,6.728654,3432,4,0.77102047,1.02353889,0.88225831,0.95728524,0.86445316,0.025730567962
21,6.728654,3446,4,0.71806266,0.14641705,0.50113638,0.88249283,0.06475283,0.009146747765
21,6.728654,2774,4,0.68006106,0.13439915,0.65473829,0.49392769,0.04346379,0.00645784691
21,6.728654,1262,4,0.70644792,0.07681899,0.49409893,0.39467622,0.0149804,0.011583403086
21,6.728654,603,4,0.72516479,0.99583655,0.57216772,0.7433426,0.42354585,0.015816377529
21,6.728654,1142,4,0.66262509,0.17169015,0.9730541,0.73491964,0.12277847,0.034695711308
21,6.728654,1179,4,0.77102047,1.94070618,0.83666894,0.76167422,1.23675219,0.004813742883
21,6.728654,579,4,0.69169127,0.44401917,0.5060694,0.73978377,0.16623275,0.009044773406
21,6.728654,584,4,0.73929815,0.90779398,0.84021211,0.68470081,0.52224835,0.020614351604
21,6.728654,592,4,0.6159856,0.69522574,0.58154368,0.94631976,0.38260099,0.018427821965
22,11.600564,0,0,0.0,0.39723329,0.93744786,0.55326963,0.20602958,0.518661427412
22,11.600564,2,1,0.2275078,1.86771286,0.847949,0.98371093,1.55792784,0.398299991966
22,11.600564,7,1,0.251435,0.57483772,0.88605833,0.96340689,0.49070143,0.407610279807
22,11.600564,1,1,0.25156149,0.17757189,0.64555463,0.75145777,0.08614138,0.231638450874
22,11.600564,33,2,0.37143304,1.0325434,0.51621347,0.52899921,0.28196336,0.100134509101
22,11.600564,21,2,0.38663405,0.55447296,0.28567433,0.59538742,0.09430859,0.036271928901
22,11.600564,1188,2,0.31621499,5.49503234,0.67089698,0.57685047,2.12661727,0.141911797304
22,11.600564,1241,2,0.37143304,1.18170799,0.64720194,0.91152523,0.69713787,0.216325601051
22,11.600564,102,2,0.31518462,3.29289219,0.96600486,0.81029814,2.57751776,0.166925976136
22,11.600564,4,2,0.37143304,0.46870124,0.37150015,0.71065057,0.12374031,0.096808729022
22,11.600564,1371,2,0.34815171,1.6893584,0.48570568,0.90166719,0.73984586,0.093394052556
22,11.600564,237,2,0.29352702,25.80107355,0.8164823,0.85158836,17.93966244,0.254962263741
22,11.600564,186,2,0.38655177,1.16865855,0.80624692,0.94195965,0.88754015,0.284993276461
22,11.600564,10,2,0.34480601,1.89889944,0.90440945,0.81440262,1.39864089,0.270086993113
22,11.600564,912,2,0.37143304,0.66700725,0.67502033,0.80482816,0.36236861,0.199213806817
22,11.600564,6,2,0.32782774,1.78409463,0.74728477,0.87401237,1.16525665,0.239498678943
22,11.600564,5,2,0.31520761,1.86391939,0.5780638,0.74179315,0.79925566,0.157238180952
22,11.600564,3,2,0.31831196,0.58149674,0.42488187,0.65734894,0.1624095,0.102415001859
22,11.600564,3460,3,0.45542543,0.1581701,0.93142509,0.59764889,0.08804779,0.047863272315
22,11.600564,941,3,0.41516361,0.30483334,0.48587599,0.98239847,0.14550422,0.112041300192
22,11.600564,3260,3,0.41516361,6.06765849,0.69199011,0.79569282,3.34092292,0.129243988366
22,11.600564,3965,3,0.47346089,1.9635996,0.71060799,0.76736975,1.07074905,0.108600494024
22,11.600564,50,3,0.43076507,1.58965146,0.66383455,0.73309149,0.77360621,0.070447431225
22,11.600564,1490,3,0.43150276,4.17676501,0.56441858,0.62777108,1.47993503,0.046292456405
22,11.600564,1572,3,0.3919947,1.26385577,0.86108223,0.49206292,0.53550408,0.099455839769
22,11.600564,621,3,0.41516361,0.28755181,0.83483491,0.63994122,0.1536232,0.125402361443
22,11.600564,617,3,0.35364627,0.74551022,0.61912301,0.86469561,0.3991111,0.082272225053
22,11.600564,2229,3,0.41516361,0.20619142,0.38105845,0.98359867,0.07728232,0.087978095015
22,11.600564,2059,3,0.43150276,0.74277462,0.58579608,0.81245799,0.35351222,0.062180612072
22,11.600564,573,3,0.36731896,1.44037164,0.59408639,0.55510024,0.47500215,0.077408033955
22,11.600564,590,3,0.41516361,0.40271737,0.4782256,0.78524084,0.15122934,0.088145618298
22,11.600564,923,3,0.41516361,0.18305586,0.89537737,0.82527823,0.13526646,0.173448892605
22,11.600564,1259,3,0.45287293,1.03732953,0.87822871,0.73777369,0.67212111,0.16111040103
22,11.600564,1261,3,0.41516361,1.37553129,0.88495501,0.64202118,0.78152167,0.133363068005
22,11.600564,496,3,0.37924155,1.62080135,0.71496809,0.7282989,0.84396825,0.075377798168
22,11.600564,3202,3,0.41516361,0.09383089,0.7832622,0.85368392,0.06274081,0.156952882231
22,11.600564,816,3,0.41516361,1.68926518,0.86116254,0.7537054,1.09643929,0.152353271248
22,11.600564,2818,3,0.41516361,2.52857898,0.70590743,0.61767943,1.10252239,0.102347189137
22,11.600564,1972,3,0.44008378,1.87985665,0.85174469,0.93186581,1.49206431,0.175006851396
22,11.600564,843,3,0.43074825,0.45507583,0.77389498,0.63778156,0.22461448,0.075851999041
22,11.600564,2823,3,0.39222915,2.77948788,0.92543647,0.8460355,2.17620591,0.067319911914
22,11.600564,2264,3,0.4854777,6.71694063,0.84301455,0.8221724,4.65553367,0.023145029148
22,11.600564,1912,3,0.38477544,3.38074313,0.85889249,0.576115,1.67286218,0.116148341958
22,11.600564,349,3,0.39748421,2.85400736,0.87854701,0.77500833,1.9432401,0.159821940694
22,11.600564,727,3,0.36783279,0.91034695,0.9333915,0.48825263,0.41487319,0.106972822761
22,11.600564,780,3,0.38552219,4.39487158,0.42723474,0.63814758,1.19821258,0.063995982486
22,11.600564,1376,3,0.41516361,10.66173162,0.97031317,0.82737724,8.55939843,0.188443222281
22,11.600564,786,3,0.38572778,4.47369567,0.82424466,0.68097393,2.51103672,0.131750311691
22,11.600564,244,3,0.41516361,0.83256121,0.37534813,0.77519008,0.24224713,0.068297921943
22,11.600564,254,3,0.34133772,5.87398415,0.58786063,0.8959992,3.0939605,0.123636590472
22,11.600564,272,3,0.38497935,2.77349609,0.91350328,0.82537182,2.0911602,0.176980237168
22,11.600564,529,3,0.43074825,1.31980842,0.86959972,0.67420691,0.77379067,0.090100175071
22,11.600564,3394,3,0.48541217,0.75325033,0.80406801,0.81787938,0.4953605,0.172546348183
22,11.600564,3288,3,0.41516361,1.87319543,0.93934091,0.8075318,1.42090801,0.178052426669
22,11.600564,938,3,0.41516361,0.27665319,0.85898917,0.52448881,0.12464062,0.105752084988
22,11.600564,1307,3,0.35999466,3.50650314,0.82002036,0.64616778,1.8579934,0.069227325512
22,11.600564,877,3,0.39748421,0.69344644,0.36532794,0.95101226,0.24092503,0.081551889435
22,11.600564,879,3,0.41516361,1.12325256,0.60350112,0.36001812,0.24405059,0.050999681372
22,11.600564,3550,3,0.41516361,0.92065886,0.6545652,0.38176483,0.23006342,0.058656191425
22,11.600564,201,3,0.47346089,2.677183,0.7712939,0.6452526,1.33237881,0.045879909448
22,11.600564,959,3,0.38834281,0.17875035,0.82734513,0.87657798,0.12963557,0.170232428203
22,11.600564,188,3,0.39696902,5.76494506,0.77832097,0.72439504,3.25034431,0.08161713102
22,11.600564,947,3,0.43074825,0.23503376,0.64471049,0.78679008,0.1192213,0.077953685593
22,11.600564,16,3,0.45287293,1.87252992,0.53118738,0.78089606,0.77672941,0.103141578229
22,11.600564,1850,3,0.47346089,1.57890151,0.72503845,0.73397273,0.84022579,0.105983438664
22,11.600564,2244,3,0.37846381,0.93981584,0.80230189,0.80431448,0.60646601,0.084308492147
22,11.600564,1414,3,0.48541217,0.29789558,0.60806678,0.82905168,0.15017476,0.132268556532
22,11.600564,795,3,0.39890473,0.86215048,0.83959355,0.80519672,0.58284646,0.063741720746
22,11.600564,299,3,0.35171979,11.71408969,0.59604659,0.73564133,5.13635307,0.102922742368
22,11.600564,311,3,0.43076507,0.64747795,0.65112982,0.68971181,0.29077712,0.065010331404
22,11.600564,1848,3,0.41516361,0.14522705,0.58626666,0.73577001,0.06264477,0.101251695732
22,11.600564,2890,3,0.41516361,1.73970979,0.82552996,0.65582082,0.94187842,0.1270817134
22,11.600564,3819,3,0.41516361,1.75926958,0.88996355,0.75843771,1.18747514,0.158437200554
22,11.600564,716,3,0.41516361,0.93049602,0.88700616,0.43192134,0.35648874,0.089928286719
22,11.600564,351,3,0.4854777,0.14496971,0.62667189,0.93479298,0.08492448,0.019562097662
22,11.600564,119,3,0.3721025,0.41521872,0.68950661,0.75188287,0.2152611,0.079671256956
22,11.600564,29,3,0.44008378,1.183475,0.8672658,0.64438025,0.66138376,0.123221554509
22,11.600564,735,3,0.41516361,0.57877206,0.94680545,0.83863397,0.45955845,0.186379533273
22,11.600564,1347,3,0.41516361,0.24685872,0.89739292,0.82466248,0.18268687,0.173709632262
22,11.600564,3102,3,0.38834281,1.30638674,0.63805373,0.73378816,0.61164541,0.109898807808
22,11.600564,12,3,0.40498198,1.84407624,0.69012945,0.78494169,0.99895708,0.119442861102
22,11.600564,11,3,0.38776853,4.44389194,0.94647384,0.68009607,2.86050275,0.160055892557
22,11.600564,8,3,0.33672812,1.25545928,0.94152495,0.61621964,0.7284001,0.054704123287
22,11.600564,9,3,0.44008378,0.17664268,0.44091595,0.61705042,0.04805871,0.059988595816
22,11.600564,56,3,0.43076507,0.20954619,0.74527455,0.79927716,0.12482267,0.086230483488
22,11.600564,118,3,0.47346089,0.71730679,0.67164981,0.69572709,0.33518668,0.043077917958
22,11.600564,2390,3,0.41516361,2.47332908,0.97258078,0.32230916,0.77531867,0.073580606301
22,11.600564,1049,3,0.43076507,7.64753413,0.78073734,0.83401669,4.97967631,0.094259866307
22,11.600564,348,3,0.44008378,0.43239649,0.90984584,0.92957436,0.36570771,0.186485123732
22,11.600564,766,3,0.41516361,2.02280414,0.89327455,0.47208443,0.85301853,0.098985061699
22,11.600564,3374,4,0.48994532,1.89980263,0.80195122,0.88885776,1.35421838,0.044178694558
22,11.600564,553,4,0.52129336,1.13943085,0.95592392,0.35974801,0.39184084,0.028525711158
22,11.600564,2209,4,0.44675332,0.16756277,0.2021656,0.91263626,0.03091594,0.009292105846
22,11.600564,92,4,0.44675332,1.48948567,0.73896751,0.77705148,0.8552862,0.02891906965
22,11.600564,2211,4,0.45815884,0.92921852,0.67404322,0.67321901,0.42165958,0.042997636497
22,11.600564,574,4,0.49416233,2.94075371,0.64846833,0.66371173,1.26568875,0.063327710098
22,11.600564,940,4,0.48416093,1.02232868,0.53744221,0.88977617,0.48888092,0.07791596203
22,11.600564,1170,4,0.49374803,1.05334528,0.88091035,0.3187747,0.29579193,0.021100172337
22,11.600564,3270,4,0.50849142,0.18052961,0.6914554,0.3668903,0.04579825,0.035582897486
22,11.600564,1154,4,0.45815884,0.88156619,0.84522293,0.75601172,0.56331942,0.060548064985
22,11.600564,3308,4,0.43060398,0.68435116,0.92779986,0.60994883,0.38728147,0.06051316137
22,11.600564,1232,4,0.44675332,0.43819516,0.76156677,0.91506768,0.30537169,0.035097031266
22,11.600564,514,4,0.55710674,0.73651681,0.7351019,0.59353967,0.32135122,0.018429305338
22,11.600564,3368,4,0.41974881,3.75851253,0.60554726,0.36840974,0.83848473,0.021138765517
22,11.600564,565,4,0.50021307,0.25543893,0.79959392,0.49508092,0.101119,0.043530633652
22,11.600564,51,4,0.48638168,1.21582255,0.71455424,0.65180741,0.56627148,0.068630202586
22,11.600564,47,4,0.48638168,0.31302162,0.77814699,0.77717795,0.18930254,0.08911337664
22,11.600564,3969,4,0.48975765,0.70091013,0.57635695,0.96743419,0.39081867,0.051054305392
22,11.600564,38,4,0.44675332,2.73065711,0.5020538,0.86713925,1.1887931,0.021925438554
22,11.600564,39,4,0.50021307,1.04180109,0.51710319,0.77540951,0.41772758,0.044091782935
22,11.600564,48,4,0.44336151,2.3790321,0.76630601,0.68555623,1.24981466,0.057768970631
22,11.600564,1486,4,0.48638168,0.88950466,0.57674233,0.57338029,0.29415268,0.048728761042
22,11.600564,2164,4,0.55710674,1.25441022,0.96987613,0.58433882,0.71091978,0.023938265667
22,11.600564,2163,4,0.49530565,0.29426236,0.61788734,0.5533548,0.10061152,0.020064386282
22,11.600564,2162,4,0.539719,0.78184267,0.72098273,0.82501706,0.46505804,0.056482079771
22,11.600564,2146,4,0.45815884,4.21932242,0.86611175,0.67933811,2.4825764,0.055751990453
22,11.600564,1604,4,0.48475626,0.07502003,0.67933495,0.62163898,0.03168104,0.051222758684
22,11.600564,1612,4,0.50849142,0.35347998,0.95170592,0.85665839,0.28818759,0.07429664808
22,11.600564,144,4,0.43559895,0.41262644,0.56027529,0.79949369,0.18483047,0.066005069796
22,11.600564,40,4,0.44675332,0.50390265,0.82313903,0.71538788,0.29672997,0.029656777174
22,11.600564,41,4,0.48638168,0.16342028,0.80807304,0.8160249,0.1077606,0.097166109353
22,11.600564,70,4,0.539719,0.40007326,0.86923889,0.57287541,0.19922272,0.047284872646
22,11.600564,3994,4,0.49374803,1.27716752,0.58729701,0.71639318,0.5373498,0.031614016235
22,11.600564,23,4,0.48638168,0.63222138,0.93709411,0.68267009,0.40444853,0.094265955224
22,11.600564,35,4,0.5290335,1.72902184,0.82595641,0.86543559,1.23592568,0.08109007044
22,11.600564,36,4,0.5290335,0.94873151,0.73151692,0.67561387,0.46888491,0.02729485228
22,11.600564,34,4,0.44675332,1.92511063,0.46425285,0.77456388,0.69225725,0.018110106494
22,11.600564,24,4,0.50021307,1.81896102,0.87084888,0.52234176,0.82741033,0.050020365788
22,11.600564,858,4,0.50849142,0.413179,0.49698947,0.90737183,0.18632482,0.037335151275
22,11.600564,834,4,0.48459268,12.09932272,0.66362863,0.64280261,5.16135582,0.025133013739
22,11.600564,2796,4,0.41089279,0.62601485,0.91101819,0.8742208,0.49857766,0.050759210287
22,11.600564,2785,4,0.45815884,5.07647008,0.72251909,0.67196375,2.46465992,0.046004004829
22,11.600564,3528,4,0.40854489,0.51614152,0.67994985,0.42040547,0.14754145,0.021651480821
22,11.600564,3578,4,0.45023788,0.44047966,0.49486444,0.60259263,0.13135177,0.033942686041
22,11.600564,1280,4,0.45023788,0.48663812,0.90966799,0.75322553,0.33343721,0.077990926663
22,11.600564,1288,4,0.42342108,1.44306269,0.58543406,0.89037751,0.75220698,0.037147305627
22,11.600564,3110,4,0.5290335,0.40643062,0.76335838,0.614839,0.19075517,0.053243388187
22,11.600564,669,4,0.44675332,2.82067145,0.71324069,0.88996674,1.7904508,0.031968265119
22,11.600564,3571,4,0.52130726,0.79538603,0.53450206,0.8129951,0.34563306,0.037709715253
22,11.600564,632,4,0.45815884,0.26486998,0.83181885,0.66343506,0.14617056,0.052291084061
22,11.600564,3171,4,0.46454156,1.47156074,0.62136549,0.59057631,0.54000943,0.023387824317
22,11.600564,3182,4,0.48399881,0.67982838,0.51006648,0.49654345,0.17218025,0.027082339197
22,11.600564,3159,4,0.48994532,0.58378105,0.87511562,0.83779528,0.42800943,0.045439757223
22,11.600564,668,4,0.50849142,0.22991969,0.5623074,0.40163072,0.05192504,0.018326965499
22,11.600564,1253,4,0.49374803,9.98615619,0.88301075,0.55224246,4.86960952,0.036640907938
22,11.600564,443,4,0.45815884,1.18820138,0.91174763,0.81002651,0.87753395,0.069980065385
22,11.600564,2008,4,0.55710674,1.50320465,0.89098048,0.94742626,1.26891262,0.035655396952
22,11.600564,2001,4,0.44843623,0.80227772,0.88186047,0.53130653,0.37589778,0.068939884228
22,11.600564,3560,4,0.40729377,1.37918666,0.83577431,0.9120064,1.05125954,0.072224970284
22,11.600564,445,4,0.5290335,6.62032934,0.80609878,0.89133826,4.75675091,0.081509197421
22,11.600564,1670,4,0.47398626,1.0934503,0.7053673,0.23488859,0.18116583,0.012152567084
22,11.600564,894,4,0.45815884,1.0223784,0.55101586,0.60860769,0.34285714,0.03177620267
22,11.600564,1677,4,0.46454156,4.84301646,0.88872027,0.65966725,2.83926517,0.037364285447
22,11.600564,228,4,0.49374803,1.88920638,0.90394962,0.9655034,1.64883592,0.065579557138
22,11.600564,1308,4,0.45815884,1.98837237,0.47927027,0.79474996,0.7573711,0.036092043803
22,11.600564,1311,4,0.45023788,1.45348159,0.59497123,0.35744703,0.30911294,0.024207157343
22,11.600564,468,4,0.55710674,3.27715557,0.92173853,0.76718727,2.31742766,0.029869007943
22,11.600564,3488,4,0.48994532,6.15851347,0.76379926,0.64345597,3.02673194,0.030460057761
22,11.600564,481,4,0.45815884,0.36788812,0.90662965,0.95378929,0.31812523,0.08193752247
22,11.600564,482,4,0.40564236,0.10804441,0.88447412,0.52682982,0.05034517,0.02346738284
22,11.600564,2612,4,0.45815884,4.23452101,0.84058401,0.90564508,3.22361708,0.072133935049
22,11.600564,952,4,0.48638168,5.95003588,0.38253585,0.43015693,0.97908106,0.024247102669
22,11.600564,948,4,0.45023788,0.34084969,0.53478661,0.4836411,0.088159,0.029440139609
22,11.600564,961,4,0.49374803,0.78437676,0.82535908,0.66508307,0.43056978,0.041246705829
22,11.600564,2779,4,0.50021307,1.26133392,0.73394529,0.76010411,0.70366645,0.061345976535
22,11.600564,3881,4,0.50849142,1.63793471,0.33838401,0.58452362,0.32397275,0.0235348459
22,11.600564,211,4,0.5290335,3.78403445,0.47072303,0.83873029,1.49397337,0.021804472723
22,11.600564,206,4,0.55710674,4.1767462,0.77877924,0.88015924,2.86294961,0.028952581285
22,11.600564,886,4,0.48638168,1.45124515,0.91021688,0.67787882,0.89544256,0.090919646383
22,11.600564,967,4,0.43747719,16.25935806,0.75648927,0.68199987,8.38861882,0.030276102516
22,11.600564,1457,4,0.45815884,0.4984344,0.67876906,0.57118552,0.19324454,0.036736662023
22,11.600564,1456,4,0.49374803,0.5709541,0.71303093,0.44378436,0.18066814,0.023776657808
22,11.600564,2532,4,0.47398626,0.36076791,0.80250667,0.876619,0.25379755,0.051600073331
22,11.600564,869,4,0.52130726,0.63782589,0.75996315,0.63371043,0.30717476,0.031234723815
22,11.600564,1208,4,0.50849142,2.18496295,0.77326112,0.48247509,0.81516429,0.017516916136
22,11.600564,595,4,0.47398626,0.36280772,0.74551472,0.90117428,0.24374827,0.049278309698
22,11.600564,2181,4,0.50849142,0.32451485,0.61913691,0.80847681,0.16243845,0.045615562818
22,11.600564,1707,4,0.48459268,0.67295983,0.75494647,0.93845536,0.47678098,0.041741841874
22,11.600564,316,4,0.45815884,1.46085561,0.54597887,0.87099637,0.69470348,0.045060151631
22,11.600564,3673,4,0.45023788,0.51036323,0.61176717,0.72757208,0.22716508,0.050663866305
22,11.600564,284,4,0.55710674,0.16736521,0.67897274,0.77287498,0.08782674,0.022165281612
22,11.600564,2872,4,0.43194436,0.23369047,0.60668574,0.71285946,0.10106684,0.063727735399
22,11.600564,2433,4,0.43271521,1.16184719,0.83796977,0.96480438,0.93932662,0.098063725019
22,11.600564,2450,4,0.55710674,0.14631876,0.87596573,0.47064989,0.0603233,0.01741392821
22,11.600564,282,4,0.55710674,0.56037652,0.65562654,0.78810609,0.28954838,0.021824931163
22,11.600564,257,4,0.49374803,0.05361556,0.70065863,0.81726638,0.0307016,0.043026948792
22,11.600564,1439,4,0.45815884,8.44451665,0.79971402,0.52423026,3.54023093,0.039724392392
22,11.600564,675,4,0.45815884,2.10680322,0.24279446,0.33149803,0.16956792,0.007626410652
22,11.600564,1112,4,0.49374803,1.31554679,0.6756456,0.77287031,0.68696068,0.039237020634
22,11.600564,2302,4,0.44843623,1.04927852,0.65374287,0.94810526,0.65036072,0.046535744401
22,11.600564,673,4,0.48638168,10.04603674,0.77593413,0.72579809,5.65764171,0.082985356584
22,11.600564,1893,4,0.42656461,0.85022739,0.62063811,0.50394705,0.26592455,0.050960916643
22,11.600564,1400,4,0.437769,0.72228716,0.72283035,0.73673039,0.38464037,0.040014316782
22,11.600564,1396,4,0.45815884,0.3803225,0.69430629,0.68275313,0.180288,0.044917468388
22,11.600564,1776,4,0.52129336,0.61828098,0.81854415,0.68290388,0.34561102,0.046367795328
22,11.600564,2429,4,0.48399881,13.61597272,0.64635336,0.82874047,7.29352087,0.057278375288
22,11.600564,779,4,0.47961116,0.17064733,0.92865666,0.90371252,0.14321384,0.058239554332
22,11.600564,775,4,0.45815884,1.29826071,0.81167017,0.88055089,0.92788886,0.067722738948
22,11.600564,772,4,0.45023788,0.23451142,0.73528366,0.78151477,0.13475848,0.065407604489
22,11.600564,1389,4,0.539719,0.07225679,0.2029263,0.91754445,0.01345377,0.027617105313
22,11.600564,380,4,0.49374803,0.14654383,0.63896228,0.81562701,0.07637203,0.039159511644
22,11.600564,3706,4,0.50849142,1.95331095,0.83537745,0.79023167,1.28946205,0.062201695061
22,11.600564,389,4,0.45815884,0.23279585,0.8678812,0.4219852,0.08525753,0.034702276641
22,11.600564,385,4,0.45815884,1.87312702,0.79084971,0.61711554,0.91417149,0.046244587512
22,11.600564,3803,4,0.48638168,0.60642885,0.57846202,0.87340526,0.30638712,0.074447726404
22,11.600564,2456,4,0.50849142,1.21077438,0.48364553,0.84728282,0.49615663,0.071092734184
22,11.600564,2409,4,0.49374803,1.86849132,0.59074805,0.54815367,0.60505619,0.024331846371
22,11.600564,2416,4,0.50849142,0.66464157,0.52540336,0.62343588,0.21770687,0.0568269406
22,11.600564,362,4,0.40771251,1.73068303,0.91841322,0.55049612,0.87500377,0.047906324896
22,11.600564,2313,4,0.43722486,3.04595826,0.87302007,0.50191534,1.33468458,0.040121217404
22,11.600564,1068,4,0.52130726,4.96658106,0.73401351,0.66785778,2.43470066,0.042540636408
22,11.600564,3038,4,0.50021307,0.67567639,0.47371755,0.81977921,0.26239474,0.042703718422
22,11.600564,1874,4,0.46454156,2.36292058,0.77635504,0.81569965,1.4963727,0.040360573008
22,11.600564,1918,4,0.50849142,14.76933546,0.8603965,0.64048032,8.13889373,0.067659552243
22,11.600564,2963,4,0.49416233,2.17043921,0.61456619,0.86611692,1.15529478,0.078319643707
22,11.600564,2966,4,0.56735466,0.20188364,0.7247776,0.72949089,0.10673965,0.011266045098
22,11.600564,25,4,0.44675332,0.43462866,0.71903058,0.6470479,0.20220978,0.023431115894
22,11.600564,82,4,0.44675332,0.68404702,0.99198891,0.68640018,0.46576855,0.03429204509
22,11.600564,1353,4,0.45815884,1.18804176,0.79112514,0.54874529,0.51576004,0.041135469148
22,11.600564,1356,4,0.50849142,0.48438426,0.55458001,0.75525,0.20288268,0.033989501364
23,20.0,0,0,0.0,0.66774736,0.70262574,0.95950914,0.45017912,0.674175823439
23,20.0,32,1,0.2236068,0.45763504,0.60294201,0.92341509,0.25479551,0.357483816172
23,20.0,1,1,0.17116925,0.53975198,0.81486116,0.59914809,0.26351907,0.3134741073
23,20.0,15,1,0.17839834,4.56549735,0.84569447,0.48148742,1.85903057,0.261446186139
23,20.0,3,1,0.1672074,1.25030145,0.386165,0.3504778,0.16921862,0.086899503144
23,20.0,166,2,0.28605239,0.81717961,0.70039161,0.5424171,0.31045012,0.094594812763
23,20.0,20,2,0.22252254,2.02977733,0.71223909,0.93060964,1.34537003,0.197881743326
23,20.0,21,2,0.2067348,7.32798031,0.72040373,0.93134882,4.91668762,0.055528548024
23,20.0,1045,2,0.27921016,0.96778151,0.58574716,0.52950373,0.30016257,0.025668897107
23,20.0,171,2,0.20974289,7.05812047,0.36500017,0.56226893,1.44852575,0.051101089976
23,20.0,2846,2,0.27921016,0.88354197,0.79957483,0.49248697,0.34792132,0.032589811664
23,20.0,325,2,0.24840563,1.00778897,0.76032157,0.41502148,0.31800759,0.078570749366
23,20.0,5,2,0.21660718,1.52056185,0.49993008,0.85068053,0.64666573,0.035196846436
23,20.0,4,2,0.21573889,1.91201339,0.82181063,0.44343008,0.69676742,0.030159552965
23,20.0,2,2,0.22335954,0.15955813,0.55691165,0.34020407,0.03023046,0.056563747874
23,20.0,17,2,0.26530143,1.95436027,0.84757652,0.67593502,1.119666,0.142651676068
23,20.0,158,2,0.28605239,0.3553176,0.83923205,0.72733412,0.21688661,0.151987905885
23,20.0,7,2,0.22925626,3.8017023,0.55906918,0.87882263,1.86786245,0.040662565901
23,20.0,91,2,0.21867871,0.51995041,0.72573733,0.87956311,0.33190088,0.190571893214
23,20.0,1257,2,0.25332157,10.0149161,0.65511681,0.76839557,5.04139712,0.125341995768
23,20.0,54,2,0.24372121,2.20952126,0.59457207,0.85958905,1.12925901,0.042298344841
23,20.0,57,2,0.24676225,0.2010796,0.69065858,0.67265613,0.0934167,0.038448952119
23,20.0,118,2,0.27921016,0.21982025,0.70027992,0.71490965,0.11005012,0.041433424124
23,20.0,65,2,0.26951205,1.60599986,0.47571583,0.81567796,0.6231776,0.096618289539
23,20.0,164,3,0.3127625,0.48723048,0.68896959,0.81218626,0.27264036,0.101560596676
23,20.0,85,3,0.24986327,46.57287772,0.96864942,0.80411234,36.27575215,0.026109454997
23,20.0,70,3,0.31546201,1.01636439,0.80403866,0.5360974,0.4380968,0.081233855287
23,20.0,26,3,0.30453124,1.94460033,0.81838214,0.72315505,1.15084788,0.031297855768
23,20.0,688,3,0.30453124,0.6717201,0.66050622,0.75092692,0.33316773,0.026230200145
23,20.0,168,3,0.2791846,2.5278415,0.79911779,0.52798434,1.06655113,0.022313045906
23,20.0,187,3,0.27615291,4.29428473,0.79503783,0.7337386,2.50507076,0.028390302882
23,20.0,1277,3,0.30658128,0.66697101,0.86997151,0.70273025,0.40775626,0.029753259018
23,20.0,379,3,0.3469652,0.51404327,0.79477741,0.47064741,0.19228299,0.050819309973
23,20.0,394,3,0.3501953,1.80688696,0.60872258,0.85009041,0.9350084,0.047616182535
23,20.0,357,3,0.26599936,1.37150056,0.764279,0.75610655,0.79255775,0.043242074857
23,20.0,1571,3,0.3378932,1.21269971,0.78566011,0.93216508,0.88813872,0.087424838614
23,20.0,1614,3,0.35771261,7.87409732,0.70780902,0.83028635,4.62748231,0.014366861285
23,20.0,3347,3,0.36307846,4.12064511,0.92788303,0.7693728,2.94167896,0.06431437959
23,20.0,2452,3,0.30658128,7.38312545,0.50447998,0.95404556,3.55347526,0.023423614541
23,20.0,3152,3,0.27587196,3.03759535,0.57032458,0.87260792,1.5117193,0.093790244636
23,20.0,1030,3,0.30658128,4.52214252,0.9046107,0.76267479,3.11993365,0.033577006737
23,20.0,438,3,0.30453124,0.83529328,0.47551722,0.93271413,0.37047063,0.02345534462
23,20.0,451,3,0.3501953,0.10025031,0.87345127,0.74142471,0.06492194,0.059590329083
23,20.0,937,3,0.3501953,1.19678699,0.79561813,0.67048249,0.63842366,0.049086510282
23,20.0,540,3,0.29187968,0.44099707,0.6901689,0.8655206,0.26343198,0.023133336367
23,20.0,294,3,0.30453124,3.13435629,0.71820118,0.83197353,1.87285426,0.031599676742
23,20.0,317,3,0.30453124,0.81227066,0.43100253,0.71796583,0.25135316,0.016364796485
23,20.0,1092,3,0.3501953,1.23638648,0.54697143,0.75618753,0.51138549,0.038059598188
23,20.0,518,3,0.25204613,1.9466375,0.87883865,0.43259116,0.74006843,0.018502382534
23,20.0,3378,3,0.33422352,7.83610837,0.80548908,0.92644736,5.84764281,0.055840847351
23,20.0,209,3,0.30658128,0.70248088,0.46809343,0.37513012,0.12335279,0.008545851567
23,20.0,219,3,0.30658128,0.25842195,0.54968729,0.78983129,0.11219653,0.021129581523
23,20.0,225,3,0.32024746,0.40404264,0.74454007,0.59943902,0.18032681,0.017283773522
23,20.0,3406,3,0.26892667,0.78138346,0.71842291,0.71848242,0.40333001,0.01482627059
23,20.0,1816,3,0.30453124,8.98773317,0.90434058,0.44892614,3.64885902,0.02147009334
23,20.0,562,3,0.33422352,0.68380913,0.81935821,0.72766906,0.40770178,0.044614837465
23,20.0,1607,3,0.27802574,4.03498166,0.8309892,0.55316195,1.85476649,0.022371161833
23,20.0,1663,3,0.31546201,2.92278036,0.97464299,0.91502658,2.60660637,0.168072128613
23,20.0,79,3,0.31157347,0.33978298,0.8564003,0.67874385,0.19750784,0.07897148417
23,20.0,82,3,0.32024746,1.48797705,0.6907577,0.59134954,0.60780774,0.015818870682
23,20.0,36,3,0.30453124,1.31019695,0.57597993,0.75908972,0.5728449,0.023122111072
23,20.0,33,3,0.28093099,2.67945236,0.91507698,0.48104902,1.17948659,0.017047176114
23,20.0,22,3,0.26526357,2.29714455,0.33041561,0.93556426,0.71010489,0.01634787085
23,20.0,29,3,0.30453124,1.56491131,0.72910189,0.64834011,0.73974296,0.024998740711
23,20.0,2388,3,0.3501953,0.61283172,0.89335834,0.77069038,0.42193628,0.063354238946
23,20.0,3675,3,0.30658128,0.6212834,0.81713075,0.93215951,0.47322921,0.037070006114
23,20.0,3662,3,0.27162968,12.01001158,0.82719589,0.65703916,6.52744242,0.102427377154
23,20.0,3658,3,0.3501953,0.76377205,0.88602945,0.94823001,0.64169051,0.077309328215
23,20.0,1458,3,0.3378932,0.12606321,0.95175419,0.85316064,0.10236323,0.096931049656
23,20.0,3275,3,0.3378932,1.27807944,0.63662602,0.73514602,0.5981579,0.055868280127
23,20.0,585,3,0.30453124,1.08762887,0.7510861,0.63722374,0.52054994,0.025310964517
23,20.0,583,3,0.3102849,1.76130207,0.98614218,0.89529885,1.55503944,0.081241439221
23,20.0,1840,3,0.27461648,4.52170069,0.85199849,0.54715491,2.10790454,0.018053217297
23,20.0,1874,3,0.30658128,0.37853176,0.4984333,0.47623079,0.08985181,0.011552218071
23,20.0,3430,3,0.30338796,0.39654245,0.91735784,0.91530594,0.33296206,0.100233378347
23,20.0,3438,3,0.33075675,0.99381562,0.88345347,0.65154503,0.57204993,0.023187941354
23,20.0,2191,3,0.3378932,3.85778388,0.83702605,0.51598121,1.66613719,0.051556113262
23,20.0,1946,3,0.29385421,6.07563367,0.83633114,0.89193868,4.53215594,0.089047261958
23,20.0,803,3,0.3127625,2.90075889,0.9106253,0.6221074,1.64329944,0.10281929574
23,20.0,1380,3,0.30453124,0.30790478,0.43240863,0.76244134,0.10151196,0.017435235173
23,20.0,136,3,0.24960719,1.47817093,0.4220714,0.50706538,0.31635488,0.038843596655
23,20.0,122,3,0.27205265,4.07680451,0.53427744,0.31497403,0.686059,0.008899561274
23,20.0,23,3,0.27622276,4.54967947,0.84418133,0.71770242,2.75651875,0.032041081624
23,20.0,60,3,0.30453124,2.81835726,0.87198974,0.66277111,1.62881209,0.030563420706
23,20.0,24,3,0.24986543,0.77076351,0.85558935,0.34089188,0.22480355,0.015424427018
23,20.0,839,3,0.33075675,1.51618329,0.79891655,0.64641256,0.78300207,0.020803924974
23,20.0,148,3,0.26698863,0.24402302,0.43723896,0.84899654,0.09058485,0.019631423608
23,20.0,146,3,0.27159251,1.12931937,0.64192363,0.9284829,0.67309142,0.112324296099
23,20.0,10,3,0.31071412,0.30717044,0.82020893,0.62672863,0.15790048,0.014765209926
23,20.0,8,3,0.31071412,1.8834812,0.60298433,0.85200584,0.96763126,0.014756528565
23,20.0,6,3,0.27350783,0.13347385,0.76449554,0.83682048,0.0853893,0.021444785704
23,20.0,723,3,0.30453124,0.60869786,0.82015119,0.76515396,0.38198343,0.033187135219
23,20.0,3717,3,0.31546201,0.15883893,0.92726856,0.44933862,0.06618144,0.078522788758
23,20.0,14,3,0.31071412,0.70449189,0.7250404,0.38804402,0.19820709,0.008081254757
23,20.0,13,3,0.32024746,0.51470044,0.96303659,0.7615723,0.37749262,0.028402685754
23,20.0,58,3,0.32024746,1.49570337,0.48800558,0.91185264,0.6655718,0.017232763403
23,20.0,93,3,0.31131763,1.22190059,0.32281273,0.62035657,0.24469659,0.006712843181
23,20.0,99,3,0.33300391,0.26510328,0.57527375,0.89312532,0.13620783,0.018814044629
23,20.0,101,3,0.31071412,0.14166328,0.84124275,0.59540205,0.07095597,0.014386901108
23,20.0,95,4,0.33530829,2.81447765,0.76980379,0.77287049,1.67449777,0.014794329198
23,20.0,96,4,0.33530829,3.86695025,0.52743759,0.84111745,1.71552205,0.011031542137
23,20.0,98,4,0.37780852,0.41044425,0.590096,0.76970487,0.18642368,0.013220855745
23,20.0,100,4,0.33530829,0.16456434,0.85721265,0.80414243,0.11343766,0.01714075922
23,20.0,51,4,0.35538572,1.42700199,0.6046528,0.86680478,0.74791449,0.015993563344
23,20.0,53,4,0.39058729,0.23756966,0.67922165,0.77903625,0.1257072,0.014313284226
23,20.0,86,4,0.37780852,0.13754685,0.74953781,0.50338213,0.05189697,0.011246480196
23,20.0,87,4,0.29959884,0.16628147,0.72430734,0.69260509,0.08341659,0.012474325537
23,20.0,88,4,0.33530829,0.48484214,0.64589631,0.6538556,0.20475995,0.010501544113
23,20.0,1230,4,0.33530829,0.43461251,0.54856673,0.91349358,0.21778962,0.012460729627
23,20.0,1239,4,0.33530829,3.55819221,0.67073861,0.53835682,1.28485149,0.008979084031
23,20.0,1243,4,0.37780852,1.12833747,0.7575789,0.5075144,0.43382567,0.011460446199
23,20.0,1251,4,0.33511752,2.29126851,0.86782672,0.79726164,1.58529421,0.02559552385
23,20.0,1213,4,0.37780852,0.04369643,0.62663767,0.6032903,0.01651919,0.005892019201
23,20.0,9,4,0.3661192,0.8120611,0.92890908,0.8577854,0.64705406,0.011198162352
23,20.0,11,4,0.3661192,1.04036886,0.75866283,0.60659919,0.47878218,0.006467635502
23,20.0,12,4,0.3828097,0.86571431,0.71120689,0.73868016,0.45480684,0.007383245242
23,20.0,161,4,0.3828097,1.01578697,0.86071991,0.85378981,0.74647531,0.010327797586
23,20.0,770,4,0.33530829,0.27083944,0.57395214,0.73353321,0.11402691,0.010468970284
23,20.0,2088,4,0.35538572,1.31907854,0.91134873,0.95268695,1.14526361,0.02649431395
23,20.0,708,4,0.33530829,0.58788355,0.53546418,0.63281397,0.19920388,0.008425874671
23,20.0,736,4,0.33693805,0.22892535,0.74106028,0.63748675,0.10814803,0.008324593912
23,20.0,3365,4,0.42185106,2.70252445,0.91214361,0.93242692,2.29851666,0.011637256978
23,20.0,39,4,0.30321465,0.93341993,0.80052252,0.7416824,0.55420265,0.00872190329
23,20.0,134,4,0.3590574,6.04680443,0.75486156,0.33997865,1.55183263,0.004166602835
23,20.0,143,4,0.37780852,3.63122506,0.7701776,0.78632873,2.19911627,0.01762818853
23,20.0,149,4,0.33530829,3.43240673,0.69717514,0.82836115,1.9822588,0.014360518385
23,20.0,157,4,0.37780852,5.72267636,0.67579624,0.95962994,3.71123749,0.014280971255
23,20.0,117,4,0.34693625,3.73671075,0.6645417,0.59399733,1.47501425,0.006145803001
23,20.0,119,4,0.33530829,1.94250994,0.74019874,0.71240533,1.02432731,0.013112454927
23,20.0,124,4,0.33530829,1.40485798,0.61188354,0.92643944,0.79637612,0.014095948798
23,20.0,125,4,0.39058729,4.5478577,0.51908639,0.80590385,1.90252224,0.006865758145
23,20.0,130,4,0.3590574,0.20858573,0.61539778,0.62025424,0.07961782,0.006197104444
23,20.0,131,4,0.33530829,0.27835713,0.33928429,0.93549741,0.08835043,0.007892504657
23,20.0,68,4,0.30968555,1.01030259,0.72935987,0.65116569,0.47982717,0.007394439729
23,20.0,114,4,0.33530829,1.6680755,0.87795167,0.30217054,0.44252564,0.006596768478
23,20.0,61,4,0.34693625,0.50844613,0.8321134,0.90813098,0.38421645,0.011765297417
23,20.0,116,4,0.37780852,0.78840853,0.83570814,0.66716184,0.43957921,0.012277897754
23,20.0,3861,4,0.40212605,0.17302458,0.43283043,0.90070662,0.06745419,0.020733080809
23,20.0,594,4,0.38350753,2.99062096,0.81659455,0.91529093,2.23525464,0.056214277533
23,20.0,601,4,0.32552015,1.64335682,0.76291415,0.3625084,0.45449134,0.006093161785
23,20.0,609,4,0.33530829,3.30030902,0.87079707,0.61334561,1.76269359,0.013280998508
23,20.0,861,4,0.33530829,0.89168336,0.70284885,0.74596551,0.46751048,0.013037346102
23,20.0,868,4,0.35215429,5.83855265,0.39913245,0.76221581,1.77623406,0.00257854249
23,20.0,2193,4,0.35538572,1.13247668,0.43218853,0.69036894,0.33789655,0.009104840752
23,20.0,624,4,0.3034977,7.27917273,0.61372856,0.58299381,2.60448763,0.014735249713
23,20.0,644,4,0.35769267,3.01251781,0.66150396,0.8213404,1.63676096,0.011545830943
23,20.0,645,4,0.41549578,9.07964757,0.67348727,0.65867023,4.02778625,0.020116976043
23,20.0,648,4,0.37780852,2.54256758,0.74410352,0.5513112,1.04304412,0.012345921615
23,20.0,3851,4,0.33530829,0.42744035,0.39848215,0.75300618,0.12825754,0.007461324247
23,20.0,1336,4,0.37946289,13.8703813,0.76214176,0.8486827,8.97159193,0.020683964809
23,20.0,3744,4,0.35538572,0.89132079,0.33398759,0.64879328,0.19313932,0.006612330236
23,20.0,3747,4,0.3095083,0.76614862,0.68951608,0.61422568,0.3244781,0.009023429065
23,20.0,3749,4,0.35769267,12.7554744,0.84879525,0.79395998,8.59603486,0.014320926384
23,20.0,3772,4,0.41549578,0.85557698,0.92363615,0.62334653,0.4925945,0.02086917913
23,20.0,3954,4,0.42641056,1.15723942,0.58013095,0.85193981,0.57195014,0.030272879864
23,20.0,2783,4,0.33530829,3.09365072,0.90233679,0.52763537,1.47290196,0.01183889225
23,20.0,3433,4,0.33530829,0.17703604,0.8883297,0.76700326,0.12062382,0.016942593867
23,20.0,233,4,0.35769267,0.47138808,0.87293133,0.92459942,0.38046288,0.01715154532
23,20.0,2814,4,0.35533144,0.28849704,0.7724853,0.88225538,0.19661919,0.01842745115
23,20.0,2825,4,0.38667335,1.85760837,0.72696411,0.60957772,0.82318267,0.07093302171
23,20.0,1114,4,0.33511752,0.84086529,0.67283572,0.71006039,0.40172675,0.017673984295
23,20.0,1126,4,0.33530829,0.27339427,0.90895595,0.66739791,0.16585062,0.015084682836
23,20.0,2371,4,0.3590574,0.34873276,0.74558501,0.32030248,0.08328182,0.003877221586
23,20.0,521,4,0.39058729,2.3655569,0.812675,0.95512325,1.83615659,0.012739193747
23,20.0,260,4,0.33530829,0.18239892,0.76214328,0.63524938,0.08830863,0.012038971514
23,20.0,263,4,0.35769267,0.83712675,0.93226782,0.48333303,0.37720582,0.009575395648
23,20.0,274,4,0.35769267,0.6249511,0.83923879,0.64240431,0.33693027,0.011456806004
23,20.0,279,4,0.35533144,0.86215744,0.4580266,0.66214706,0.26147594,0.008200227214
23,20.0,280,4,0.33530829,4.99493848,0.86223942,0.89325717,3.8471093,0.019151945129
23,20.0,283,4,0.33530829,0.39825409,0.38476974,0.53486335,0.08196039,0.005117434124
23,20.0,1444,4,0.37780852,1.02402287,0.74872336,0.21584791,0.16549272,0.004817198295
23,20.0,3488,4,0.37946289,0.18806235,0.93369544,0.89351395,0.15689475,0.026678367726
23,20.0,3504,4,0.33530829,1.30066256,0.8210578,0.89932375,0.96040505,0.018361083418
23,20.0,877,4,0.33530829,0.26407221,0.88377982,0.73523553,0.17159051,0.016157682645
23,20.0,889,4,0.37780852,0.3841523,0.71851779,0.59236003,0.16350337,0.010133328148
23,20.0,890,4,0.35215429,1.04910121,0.75841803,0.65216607,0.51890068,0.004192240089
23,20.0,3276,4,0.37780852,0.30128653,0.92218057,0.8110856,0.2253525,0.011657460897
23,20.0,2792,4,0.41549578,1.11083249,0.96674493,0.78138031,0.83911781,0.034256235903
23,20.0,3240,4,0.37946289,4.44623992,0.67145869,0.61861953,1.84686785,0.009266325295
23,20.0,573,4,0.33530829,1.86902273,0.81635718,0.78548008,1.19847775,0.015944977109
23,20.0,575,4,0.33530829,0.1307687,0.49755383,0.71564949,0.04656335,0.008854192204
23,20.0,577,4,0.33530829,0.84675835,0.96836209,0.75215993,0.61674759,0.018111585812
23,20.0,2116,4,0.33530829,0.09798773,0.69048269,0.68719396,0.04649474,0.011798876028
23,20.0,2120,4,0.33530829,0.72724649,0.92945829,0.62520489,0.42260429,0.014449764737
23,20.0,2135,4,0.36925641,1.53855113,0.74681421,0.74896456,0.86056916,0.047435678086
23,20.0,660,4,0.29728012,3.09854355,0.96973343,0.74993972,2.25338982,0.012814954862
23,20.0,667,4,0.33530829,0.14726081,0.91684593,0.94729725,0.12789979,0.021596886464
23,20.0,1979,4,0.35413869,4.65234744,0.47352004,0.6243023,1.37532532,0.00508274836
23,20.0,3409,4,0.34749915,0.44572502,0.63967761,0.47503727,0.13544277,0.012514285492
23,20.0,2961,4,0.33530829,1.75721465,0.8087435,0.79034768,1.12319149,0.0158941569
23,20.0,212,4,0.39058729,0.5506336,0.75081149,0.74010997,0.30597777,0.009119956983
23,20.0,221,4,0.31227498,4.88725145,0.87215095,0.59005211,2.5150505,0.010935825829
23,20.0,229,4,0.33530829,1.30448918,0.85210099,0.58622741,0.6516249,0.012421261391
23,20.0,230,4,0.33530829,0.50566859,0.86627457,0.62355083,0.27314509,0.013431853036
23,20.0,2159,4,0.37780852,1.02938619,0.58950479,0.93142581,0.56521534,0.011227426949
23,20.0,1179,4,0.33530829,0.39199061,0.46873043,0.78546941,0.14432052,0.009155054467
23,20.0,208,4,0.3345228,5.11805655,0.35420036,0.69347139,1.25713706,0.018473898417
23,20.0,2866,4,0.37946289,0.19761867,0.93264182,0.87416207,0.16111457,0.018187435086
23,20.0,2895,4,0.33511752,0.11412807,0.3468273,0.93541962,0.03702646,0.012001896896
23,20.0,2844,4,0.42185106,0.7396056,0.46743327,0.86369843,0.29859459,0.00552400864
23,20.0,2947,4,0.3824614,0.49603936,0.88118763,0.3362926,0.14699476,0.022928413877
23,20.0,3387,4,0.42641056,0.27552443,0.95642893,0.53560834,0.14114326,0.031377534528
23,20.0,2001,4,0.33530829,1.40510691,0.78581666,0.4782719,0.52808699,0.009345544345
23,20.0,2018,4,0.3828097,1.08381657,0.63092759,0.35798986,0.24479697,0.001738360085
23,20.0,750,4,0.33530829,1.49480411,0.50144182,0.44165447,0.33104533,0.005506957008
23,20.0,753,4,0.30297562,0.10030702,0.6735638,0.7166228,0.04841731,0.007515212469
23,20.0,759,4,0.33530829,0.68157691,0.88351067,0.75765085,0.45624254,0.016645215373
23,20.0,1281,4,0.35538572,0.49176169,0.63803536,0.78815887,0.24729379,0.015345335364
23,20.0,3539,4,0.36925641,1.00578981,0.50257531,0.60395457,0.30529005,0.025741668449
23,20.0,3824,4,0.33530829,0.70879911,0.75481666,0.82252021,0.44005932,0.015438196486
23,20.0,3839,4,0.40212605,2.05645779,0.54769296,0.83716641,0.94290678,0.024384376787
23,20.0,1660,4,0.42185106,1.59944263,0.6111218,0.55065751,0.53824253,0.004604494353
23,20.0,3932,4,0.42185106,0.96195373,0.6709854,0.68683368,0.44332154,0.006305757321
23,20.0,512,4,0.33530829,10.28743925,0.88568025,0.70802249,6.45106323,0.015593102095
23,20.0,975,4,0.29725756,2.58859686,0.67754794,0.81080829,1.42207543,0.013660503908
23,20.0,1508,4,0.37780852,0.24359462,0.70015606,0.7915499,0.1350022,0.013194774849
23,20.0,1072,4,0.29656171,0.63499529,0.50751744,0.85945845,0.2769787,0.010846368741
23,20.0,502,4,0.33530829,0.4553001,0.76164192,0.31533568,0.10935073,0.005972174087
23,20.0,507,4,0.35179894,33.10885798,0.81770777,0.7767681,21.02973064,0.067947567821
23,20.0,3923,4,0.33530829,1.01117954,0.93535604,0.71150427,0.67294991,0.016548665268
24,0.05,0,0,0.0,2.24709051,0.73758527,0.83005077,1.37574347,0.612233224624
24,0.05,27,1,3.76713429,0.18706694,0.53711683,0.62593094,0.06289154,0.009801505268
24,0.05,61,1,4.47213595,0.5198305,0.46979843,0.8661613,0.21153006,0.011863366251
24,0.05,150,1,4.13859109,0.73793675,0.71126262,0.7100788,0.3726968,0.014724282167
24,0.05,80,1,3.28034535,5.02597036,0.73208563,0.38250826,1.40741646,0.008163949379
24,0.05,1649,1,4.00597369,3.79023078,0.66992142,0.51032356,1.29579154,0.009967060272
24,0.05,39,1,4.47213595,0.95096212,0.47321744,0.64881015,0.29197226,0.008951091175
24,0.05,2383,1,4.47213595,1.49553087,0.75544646,0.46088297,0.52070258,0.010150605544
24,0.05,4,1,3.46035821,1.61062106,0.83360644,0.90755993,1.21851182,0.022056366699
24,0.05,6,1,3.55842211,1.4402469,0.62067738,0.59259589,0.52973846,0.010723144423
24,0.05,7,1,3.81148786,1.46756161,0.68812845,0.77013133,0.77773321,0.015450121675
24,0.05,1,1,4.47213595,0.1976338,0.66461081,0.65434188,0.08594752,0.012678553706
24,0.05,90,1,3.97212663,1.2024447,0.58405637,0.78378161,0.55044628,0.013345886608
24,0.05,3,1,4.13912633,0.56155988,0.75276523,0.89001069,0.37622777,0.01953225442
24,0.05,2,1,2.82866558,3.24254248,0.62011939,0.94287315,1.89589489,0.017046145104
24,0.05,101,1,4.06281857,1.89546726,0.86750248,0.77360382,1.2720542,0.019565318787
24,0.05,23,1,3.73500823,1.2664489,0.72021175,0.48003506,0.43784544,0.010079309089
24,0.05,13,1,3.52057345,0.64182288,0.84793462,0.90227657,0.49104041,0.02230486735
24,0.05,1511,2,5.69161115,1.4786957,0.7917299,0.85061105,0.99583383,0.000715300315
24,0.05,423,2,5.54622986,1.32211061,0.94975825,0.79238292,0.99498372,0.000292569595
24,0.05,1573,2,5.82668744,5.38366799,0.75166199,0.43746005,1.77026898,0.000157823786
24,0.05,72,2,5.87600542,0.38159443,0.42457215,0.68984658,0.11176506,0.000215484794
24,0.05,1953,2,5.54622986,0.25161689,0.67916934,0.72983969,0.12472265,0.000192702151
24,0.05,383,2,5.29163009,0.78995496,0.53775135,0.45125182,0.19169148,0.000196973302
24,0.05,36,2,5.29163009,0.65246112,0.55112567,0.48406292,0.17406325,0.000216550576
24,0.05,2118,2,6.04206047,0.18554898,0.69290033,0.50226195,0.06457429,0.000324241561
24,0.05,136,2,5.34129825,6.93202046,0.87750788,0.8133226,4.94736213,0.000663814818
24,0.05,164,2,5.98145383,3.10072957,0.32827124,0.64447553,0.65599898,0.000134452044
24,0.05,2265,2,5.29163009,0.13530998,0.53793029,0.78750419,0.05732033,0.000343863251
24,0.05,31,2,4.71117493,1.83328114,0.46032137,0.7545613,0.63677314,0.00036892324
24,0.05,25,2,4.59575456,1.03621587,0.57782054,0.90895817,0.54423581,0.000426327906
24,0.05,30,2,6.0936333,1.88386626,0.55305334,0.4020597,0.41889737,0.000206819098
24,0.05,2772,2,5.29163009,4.16981473,0.50547901,0.74981608,1.58042772,0.000307655558
24,0.05,402,2,5.54622986,0.17482613,0.74630675,0.78557685,0.10249729,0.000227922424
24,0.05,1708,2,5.54622986,1.78886605,0.74543226,0.89868414,1.19837595,0.000260433155
24,0.05,486,2,5.82668744,11.42596464,0.43071657,0.82528053,4.06149625,0.000170610065
24,0.05,467,2,4.80740677,2.77709362,0.4676228,0.5978221,0.77635109,0.000177662506
24,0.05,479,2,5.87600542,0.11429568,0.54972889,0.5775946,0.03629121,0.000233606163
24,0.05,265,2,5.87600542,0.41073194,0.73634272,0.40286655,0.12184275,0.00021824978
24,0.05,461,2,5.10156632,2.29246792,0.79674474,0.91669537,1.67435487,0.000680474532
24,0.05,1151,2,5.87600542,0.40377623,0.48669727,0.74876843,0.14714557,0.000268113725
24,0.05,3185,2,4.88202868,0.33314096,0.50261385,0.75062799,0.1256861,0.00019264692
24,0.05,3191,2,5.54622986,4.24395471,0.50253143,0.89116611,1.90060835,0.000174101655
24,0.05,525,2,4.93801633,0.5195448,0.38804341,0.87583672,0.17657388,0.000250043792
24,0.05,1333,2,4.61020497,0.31039299,0.81021384,0.19622044,0.04934644,6.1805184e-05
24,0.05,792,2,4.88830603,10.55417455,0.94644639,0.86445927,8.6350494,0.000392691972
24,0.05,2215,2,6.32455532,12.12478896,0.81749316,0.41251828,4.08885318,0.000190509208
24,0.05,3900,2,5.98145383,0.14953166,0.48902353,0.87085137,0.06368057,0.000270646202
24,0.05,172,2,5.65456267,0.06354567,0.77840947,0.72272389,0.03574921,0.000590874438
24,0.05,174,2,4.60387447,0.90544903,0.74366773,0.90474611,0.60921371,0.000546150766
24,0.05,2333,2,6.00398411,2.28256692,0.77471952,0.58805887,1.03989339,0.000216228577
24,0.05,176,2,5.87600542,0.52329932,0.83614902,0.53216222,0.23285089,0.000327371097
24,0.05,972,2,6.04206047,0.61364027,0.43610353,0.88303075,0.23630847,0.000358783998
24,0.05,986,2,5.54622986,0.1668036,0.65342234,0.74083697,0.08074619,0.000188190474
24,0.05,81,2,4.07500974,3.06666455,0.8550394,0.91396778,2.3965323,0.000634342632
24,0.05,367,2,5.87600542,0.56686873,0.78444247,0.87727216,0.39010179,0.00050630015
24,0.05,321,2,4.52992531,1.10777938,0.76124863,0.95102943,0.80199888,0.000281450155
24,0.05,1636,2,4.94754113,1.3851665,0.56843857,0.56426595,0.44429288,0.0001539497
24,0.05,1446,2,5.54622986,1.22482139,0.78797582,0.69612848,0.67185423,0.000213247183
24,0.05,2822,2,4.57395531,1.52629712,0.9037327,0.6007793,0.8286937,0.000440719068
24,0.05,433,2,6.32455532,0.40174944,0.81654463,0.46126965,0.15131782,0.000160543044
24,0.05,454,2,5.71509999,1.68660293,0.71388839,0.81249674,0.97828365,0.000296179372
24,0.05,1419,2,6.32455532,1.98225939,0.79262482,0.669024,1.05116248,0.000320154628
24,0.05,33,2,5.29163009,2.09369374,0.78272622,0.8949184,1.46658241,0.000568591289
24,0.05,218,2,5.33963903,7.30778466,0.81010911,0.61347838,3.63185514,0.000348463756
24,0.05,215,2,5.87600542,2.1081563,0.66880803,0.73351232,1.03421705,0.000360928766
24,0.05,209,2,5.54622986,0.40475375,0.73036684,0.92857054,0.27450284,0.000263655575
24,0.05,3346,2,5.69161115,2.26177846,0.52175755,0.90742878,1.07085669,0.000502876845
24,0.05,3670,2,4.91846528,0.1919324,0.55723172,0.63016649,0.06739682,0.000166662896
24,0.05,580,2,6.0936333,2.57699818,0.62488491,0.52999719,0.85346892,0.000308039691
24,0.05,1113,2,4.60387447,1.39362214,0.82319534,0.79258759,0.9092749,0.000529611068
24,0.05,230,2,5.71509999,0.84056506,0.56352665,0.78933167,0.37389126,0.000227131225
24,0.05,835,2,5.87600542,0.77283166,0.87749944,0.31445568,0.21325106,0.000203010691
24,0.05,228,2,5.71509999,1.53575547,0.49484799,0.88930212,0.67583894,0.000224710828
24,0.05,3545,2,6.00398411,0.31049118,0.96837805,0.80416047,0.24178921,0.000369602965
24,0.05,41,2,4.86601004,4.38286461,0.63530877,0.8643817,2.40684694,0.000445756109
24,0.05,51,2,4.79517755,12.25598118,0.92061667,0.60259583,6.79912528,0.000450310262
24,0.05,98,2,5.29163009,1.06757808,0.49725128,0.76547359,0.40635515,0.000308967648
24,0.05,107,2,5.54622986,4.50015065,0.78107726,0.57202723,2.01065587,0.000173696754
24,0.05,115,2,5.29163009,0.42523815,0.79648105,0.65397753,0.22149835,0.00042280991
24,0.05,2142,2,6.09326975,0.92166813,0.96148653,0.38052642,0.33721166,0.000256532771
24,0.05,54,2,6.32455532,0.90702267,0.80683863,0.89203023,0.65280639,0.000306777101
24,0.05,57,2,5.84733279,0.38000067,0.9801187,0.9049236,0.33703496,0.000413965429
24,0.05,96,2,5.54622986,1.78441078,0.91289456,0.85841317,1.39833693,0.000304647767
24,0.05,117,2,4.09453329,4.8874011,0.32358999,0.35141611,0.55576953,5.3075028e-05
24,0.05,5,2,3.52769604,0.0770374,0.501629,0.66536469,0.02571248,0.000270925119
24,0.05,9,2,5.18734414,1.28871579,0.86641242,0.50052423,0.55886502,0.000319052672
24,0.05,8,2,4.08361467,0.54020138,0.76741694,0.68093805,0.28228946,0.00054884999
24,0.05,10,2,4.90957386,0.64809892,0.91463865,0.95236625,0.56454016,0.000444791426
24,0.05,14,2,5.71509999,0.183034,0.93206722,0.70057031,0.11951729,0.000333427816
24,0.05,17,2,5.87600542,0.20398775,0.76478952,0.76317928,0.11906184,0.000429418854
24,0.05,15,2,4.35713607,2.69152267,0.24506559,0.70338607,0.46395317,0.000181046771
24,0.05,18,2,5.71509999,0.52003193,0.85056505,0.90632169,0.40088511,0.00039363415
24,0.05,20,2,5.01344606,1.37903389,0.70735728,0.98995655,0.96567257,0.000357567319
24,0.05,16,3,6.24376767,3.33498482,0.82391746,0.83783785,2.30217082,5.951346e-06
24,0.05,19,3,5.77182258,0.31237161,0.91100919,0.64203175,0.18270516,8.886328e-06
24,0.05,22,3,5.31022256,0.38194652,0.86187262,0.32018497,0.10540145,7.212377e-06
24,0.05,24,3,7.38426975,0.89957058,0.61684293,0.34190727,0.18972221,4.312655e-06
24,0.05,11,3,5.0004004,0.66924469,0.86461307,0.8358203,0.48363714,9.323193e-06
24,0.05,12,3,5.31014319,3.97369481,0.80710004,0.85835074,2.75287607,1.8106167e-05
24,0.05,64,3,6.24376767,0.99115046,0.82892785,0.92463568,0.75967349,6.60783e-06
24,0.05,88,3,6.60893741,0.29395871,0.8843994,0.79739356,0.20730391,1.496922e-05
24,0.05,89,3,6.60893741,0.86108979,0.69476825,0.81459101,0.48733546,1.2013169e-05
24,0.05,92,3,5.59976545,0.59484417,0.68798063,0.7559386,0.30936127,1.1152065e-05
24,0.05,94,3,5.37035073,0.56628425,0.91483539,0.8239582,0.42685721,2.2769461e-05
24,0.05,63,3,6.24376767,0.55296283,0.67377403,0.63626553,0.23705472,3.695934e-06
24,0.05,46,3,6.41256266,2.03338195,0.74932454,0.5488099,0.83620133,8.348652e-06
24,0.05,48,3,6.60893741,0.40560296,0.89723112,0.59490333,0.21649698,1.1329969e-05
24,0.05,52,3,6.55696025,0.23662337,0.66489335,0.70702271,0.11123539,1.0080403e-05
24,0.05,53,3,6.60893741,2.19869284,0.73925261,0.21587159,0.35087539,3.387399e-06
24,0.05,55,3,6.41256266,0.59825121,0.77111245,0.7604287,0.35080018,1.1904213e-05
24,0.05,3505,3,7.34508587,7.31042992,0.80803276,0.65195823,3.85116085,4.279905e-06
24,0.05,3509,3,5.84733279,1.17876322,0.8101957,0.80703631,0.770743,2.0668581e-05
24,0.05,745,3,6.96503732,1.02342135,0.3910065,0.81590668,0.3264968,5.293742e-06
24,0.05,3548,3,7.2384002,0.93953446,0.56307069,0.94560738,0.50024929,1.2750174e-05
24,0.05,3551,3,7.25688418,0.9472194,0.46808067,0.77586571,0.34399953,3.92794e-06
24,0.05,769,3,6.60893741,0.3772329,0.56293266,0.85960272,0.18254241,1.0271461e-05
24,0.05,108,3,6.55696025,1.45226907,0.66750449,0.880691,0.85373845,1.2605797e-05
24,0.05,113,3,6.24376767,0.71009588,0.93328305,0.41280809,0.27357636,3.321491e-06
24,0.05,116,3,5.59901824,0.79099655,0.91483482,0.71836629,0.51983225,1.1189924e-05
24,0.05,121,3,6.06343161,2.19798788,0.45338425,0.65822999,0.65594795,7.54249e-07
24,0.05,124,3,5.31021712,1.00785059,0.76287096,0.64106598,0.49288996,1.477265e-05
24,0.05,125,3,7.12465197,0.20112764,0.8416107,0.92272773,0.15619121,6.423286e-06
24,0.05,99,3,6.60893741,3.0130834,0.91482923,0.63461123,1.74927841,1.2323265e-05
24,0.05,100,3,5.69006517,0.198617,0.55981593,0.89945083,0.100009,1.0688104e-05
24,0.05,104,3,6.49578088,1.21765785,0.62659214,0.55805225,0.42577983,6.142944e-06
24,0.05,105,3,7.74596669,0.95519956,0.55800985,0.60872386,0.32445637,4.962104e-06
24,0.05,106,3,7.55859555,0.45765634,0.67108694,0.47601482,0.1461971,3.146086e-06
24,0.05,629,3,6.05026482,1.4214284,0.9522179,0.9745357,1.31904339,2.8031007e-05
24,0.05,641,3,6.96503732,1.30771,0.91910337,0.34579202,0.41561458,5.273727e-06
24,0.05,648,3,6.55696025,0.78211188,0.97448739,0.84354405,0.64291398,1.7626924e-05
24,0.05,1032,3,7.38426975,1.09823416,0.55026805,0.8594338,0.51937576,8.128098e-06
24,0.05,3285,3,7.12465197,2.36126477,0.79300461,0.44875075,0.84028301,2.950289e-06
24,0.05,1017,3,6.64107789,0.56605836,0.8012891,0.76568117,0.34729491,1.2994941e-05
24,0.05,1021,3,6.05026482,0.83326482,0.84858241,0.70799438,0.50061849,1.8147986e-05
24,0.05,3299,3,7.55859555,8.35005461,0.2232441,0.73554366,1.37112726,1.617185e-06
24,0.05,214,3,7.12465197,0.19025463,0.30207881,0.94510795,0.05431714,4.141717e-06
24,0.05,216,3,7.12465197,0.50807101,0.8744901,0.26698998,0.11862447,1.931178e-06
24,0.05,1090,3,6.96630942,3.40442005,0.66095113,0.53151984,1.19600218,1.1104947e-05
24,0.05,1092,3,6.60893741,0.75827026,0.60143427,0.82993965,0.37849375,1.0595286e-05
24,0.05,621,3,7.25688418,0.87805072,0.6007412,0.70357158,0.37112081,4.571442e-06
24,0.05,622,3,6.7842449,4.31887098,0.6018521,0.86367569,2.24497085,1.6843528e-05
24,0.05,1895,3,6.62537062,1.07429822,0.90231836,0.29382926,0.28482604,4.957784e-06
24,0.05,192,3,6.55696025,0.53482656,0.66833938,0.94940169,0.33935951,1.3606286e-05
24,0.05,197,3,7.12465197,0.27546492,0.40219748,0.67576689,0.07486909,2.248064e-06
24,0.05,198,3,6.05026482,1.96437192,0.85613339,0.5902423,0.99264848,1.5264282e-05
24,0.05,200,3,6.24376767,2.15883713,0.5137354,0.66872201,0.74166022,2.961806e-06
24,0.05,204,3,6.84898089,1.62319747,0.55296111,0.62904772,0.56461127,5.284711e-06
24,0.05,212,3,6.92830058,0.55838566,0.65645469,0.4037495,0.14799635,7.176252e-06
24,0.05,664,3,6.60893741,0.9800474,0.68159073,0.73940715,0.49391749,1.0697575e-05
24,0.05,3616,3,6.06343161,2.617228,0.85986256,0.40212065,0.90495497,8.73889e-07
24,0.05,3633,3,7.38426975,1.58993257,0.77888856,0.72411204,0.89672608,5.452312e-06
24,0.05,3647,3,7.34508587,2.99898587,0.58522822,0.78506957,1.37786866,3.732663e-06
24,0.05,934,3,7.38426975,4.5571688,0.68816912,0.56542717,1.77323773,6.687658e-06
24,0.05,935,3,7.38426975,2.05256385,0.79691005,0.82918269,1.35630138,1.3512053e-05
24,0.05,3410,3,7.74596669,0.69054781,0.7417531,0.71983767,0.36871236,4.843849e-06
24,0.05,588,3,6.96630942,1.98484725,0.94545199,0.8928929,1.67558298,2.6684956e-05
24,0.05,593,3,6.84898089,16.6938982,0.44993332,0.61701913,4.63451774,4.217838e-06
24,0.05,594,3,6.96503732,1.21357959,0.67399588,0.7686257,0.62869558,8.596278e-06
24,0.05,604,3,6.36554973,1.0225057,0.40364623,0.75515188,0.31167427,4.085238e-06
24,0.05,606,3,6.55696025,1.77116831,0.51171461,0.96811045,0.87743016,1.0622953e-05
24,0.05,1065,3,6.7842449,3.61825792,0.76599146,0.72072,1.99751489,1.7888877e-05
24,0.05,1067,3,7.34508587,1.83860922,0.50275509,0.59263808,0.54781694,2.420647e-06
24,0.05,2348,3,7.38426975,4.9736933,0.92627676,0.62160687,2.86375315,7.351168e-06
24,0.05,3224,3,6.92830058,0.59771784,0.27169721,0.62404348,0.10134358,4.590721e-06
24,0.05,581,3,6.56590891,1.36884109,0.84561111,0.5033244,0.58260163,3.600768e-06
24,0.05,583,3,7.38426975,0.55183386,0.6641106,0.94470028,0.34621254,1.0782927e-05
24,0.05,586,3,6.71823201,0.97007764,0.52793653,0.19461489,0.09966996,1.749429e-06
24,0.05,238,3,6.96503732,2.0793218,0.41932381,0.56705314,0.49441881,3.945587e-06
24,0.05,244,3,7.12465197,0.28878574,0.82975896,0.96602864,0.23148225,6.630013e-06
24,0.05,250,3,7.12465197,0.28215106,0.8517951,0.54065515,0.1299383,3.809148e-06
24,0.05,251,3,6.06343161,3.06956279,0.67770992,0.5659616,1.17735472,9.69397e-07
24,0.05,256,3,6.49578088,1.17871856,0.82293295,0.6998664,0.67887484,1.0118038e-05
24,0.05,2378,3,6.92830058,0.8204712,0.83128258,0.74824153,0.5103332,9.15133e-06
24,0.05,3312,3,6.41838454,1.36359917,0.81330723,0.73238742,0.81223601,1.5022191e-05
24,0.05,1874,3,5.84392215,0.13733202,0.86507896,0.49790708,0.05915288,7.147306e-06
24,0.05,1878,3,7.34508587,0.39909928,0.91395185,0.79920646,0.29151657,5.934275e-06
24,0.05,2316,3,6.55696025,0.19375741,0.74116198,0.72219054,0.10371062,1.1477769e-05
24,0.05,222,3,6.55696025,3.96112932,0.72459369,0.47360172,1.35933605,7.358688e-06
24,0.05,223,3,7.46845298,1.1091717,0.70368433,0.93563592,0.73027015,4.215343e-06
24,0.05,224,3,6.92830058,2.61626382,0.22055741,0.7013007,0.40467602,3.114238e-06
24,0.05,227,3,6.92830058,2.24977066,0.82165983,0.82523782,1.5254902,9.976194e-06
24,0.05,3391,3,7.25688418,0.56976751,0.43565322,0.65388939,0.16230911,4.01773e-06
24,0.05,963,3,6.96630942,1.0997409,0.59220492,0.64993698,0.42328573,1.2166647e-05
24,0.05,970,3,6.55696025,2.76668702,0.79547125,0.68400512,1.50537215,1.1667462e-05
24,0.05,984,3,7.55859555,1.7964053,0.77880783,0.93063097,1.30200346,7.138043e-06
24,0.05,3342,3,6.92830058,0.35448884,0.83575103,0.76416653,0.22639535,9.396338e-06
24,0.05,681,3,7.74596669,0.08561763,0.63518307,0.8981826,0.04884575,8.334263e-06
24,0.05,685,3,7.34508587,10.19652643,0.70906738,0.82566666,5.96959001,4.756392e-06
24,0.05,686,3,6.06343161,5.32200988,0.66632266,0.696974,2.47159232,1.173741e-06
24,0.05,691,3,7.25688418,0.4629837,0.77279259,0.77072427,0.27575772,8.400352e-06
24,0.05,3599,3,7.34508587,4.44101541,0.95973117,0.44470176,1.89539933,3.467399e-06
24,0.05,3454,3,7.34508587,18.68902967,0.46480822,0.63791643,5.5414617,2.408923e-06
24,0.05,869,3,7.25688418,0.74741164,0.48577491,0.83619853,0.3036018,4.346595e-06
24,0.05,875,3,7.34508587,0.21687932,0.71012878,0.74416738,0.11461089,4.293318e-06
24,0.05,2296,3,7.55859555,1.41380308,0.83868358,0.54909897,0.65108501,4.535447e-06
24,0.05,2334,3,7.55859555,0.81012019,0.50261753,0.7845073,0.31943616,5.783916e-06
24,0.05,3420,3,7.12465197,4.72827361,0.61896445,0.45108526,1.32016111,2.309387e-06
24,0.05,900,3,7.55859555,1.27865564,0.71933723,0.87546186,0.80523634,9.237557e-06
24,0.05,911,3,6.06343161,1.35611397,0.68163833,0.87116442,0.80528632,1.500808e-06
24,0.05,915,3,7.55859555,0.61770033,0.56577177,0.49660624,0.17355266,4.121363e-06
24,0.05,930,3,6.96503732,0.69284953,0.95731599,0.82518956,0.54732838,1.310833e-05
24,0.05,789,3,6.96630942,0.25095889,0.42181556,0.83459844,0.08834923,1.1128274e-05
24,0.05,173,3,6.06343161,0.56176132,0.79567793,0.66350681,0.296575,1.3343e-06
24,0.05,3918,3,7.74596669,1.53421556,0.75834971,0.44081744,0.51287872,3.032669e-06
24,0.05,542,3,6.96503732,0.15768292,0.88004076,0.3323407,0.04611805,4.85316e-06
24,0.05,3122,3,6.96630942,1.41160405,0.77348598,0.73988039,0.80784281,1.8090127e-05
24,0.05,3076,3,7.46845298,4.65841988,0.75023706,0.79096439,2.76435664,3.7993e-06
24,0.05,3079,3,6.92830058,1.15885741,0.89219485,0.82877767,0.85689529,1.0879062e-05
24,0.05,3007,3,6.96503732,3.99075547,0.86298757,0.62963632,2.16845007,9.016389e-06
24,0.05,2944,3,7.74596669,2.30658872,0.43631655,0.43568143,0.43847102,1.724517e-06
24,0.05,3181,3,7.74596669,0.67954836,0.76913152,0.74876505,0.39135109,5.224477e-06
24,0.05,567,3,7.12465197,2.96032071,0.64553056,0.63426631,1.21206864,3.386576e-06
24,0.05,570,3,6.60893741,0.31970662,0.8916457,0.68314064,0.19473951,1.2929462e-05
24,0.05,572,3,6.06343161,0.40222227,0.49381518,0.92372816,0.18347409,1.152868e-06
24,0.05,1248,3,5.32063612,1.70448419,0.73144576,0.9726372,1.2126235,1.798059e-06
24,0.05,3896,3,6.39695765,2.32006707,0.71164056,0.70081488,1.1570831,1.0466622e-05
24,0.05,2463,3,6.56590891,2.38313612,0.93705153,0.70194244,1.56752266,5.564696e-06
24,0.05,1784,3,6.55696025,0.8309847,0.29256212,0.79283216,0.19274911,4.973841e-06
24,0.05,1755,3,6.55696025,1.42993671,0.86177268,0.93931329,1.15749736,1.7357842e-05
25,0.086203,0,0,0.0,0.46687725,0.71465155,0.60345268,0.20134473,0.431258396755
25,0.086203,349,1,3.40596,0.88666996,0.66992965,0.8559808,0.50845816,0.019626407812
25,0.086203,3,1,2.75014314,0.76929346,0.798088,0.77096322,0.47334357,0.021058723245
25,0.086203,9,1,2.85051672,0.57649838,0.48420795,0.597706,0.1668467,0.009905288277
25,0.086203,1,1,3.02446312,0.09722013,0.90666526,0.71301169,0.06284921,0.022125404738
25,0.086203,58,2,4.05334154,1.4390435,0.82373557,0.7161493,0.84891716,0.000463733576
25,0.086203,3750,2,3.84306402,2.15028957,0.83013332,0.76599787,1.36732689,0.000499864802
25,0.086203,462,2,4.44139721,2.02340591,0.48586458,0.68929031,0.67764218,0.000263265872
25,0.086203,4,2,3.36250214,1.27679533,0.73037501,0.5164274,0.4815889,0.000630372485
25,0.086203,2,2,3.65901373,0.12462767,0.75538803,0.97522353,0.09180974,0.001293527094
25,0.086203,260,2,3.5934901,0.87773869,0.6434396,0.55697463,0.31456358,0.000598942692
25,0.086203,627,2,4.81675483,1.12473897,0.99052317,0.58668685,0.65361609,0.000905152678
25,0.086203,686,2,4.37765357,0.98862674,0.75534718,0.49434474,0.36915511,0.000624048866
25,0.086203,5,2,4.37765357,2.11369862,0.7908829,0.58333536,0.97515477,0.000771032273
25,0.086203,19,2,4.55499074,0.65375999,0.76086666,0.7547193,0.37541563,0.001008312772
25,0.086203,16,2,3.78644784,0.74008996,0.4470124,0.87886758,0.29075522,0.000308830487
25,0.086203,195,3,5.68757455,0.25119138,0.61376115,0.70179621,0.10819698,3.4467971e-05
25,0.086203,1138,3,5.59701462,0.61816199,0.74500295,0.49328097,0.22717192,7.678156e-06
25,0.086203,611,3,4.40877948,0.72994793,0.79867814,0.85367422,0.49768648,3.4109177e-05
25,0.086203,782,3,5.59701462,0.76648431,0.58573131,0.25590989,0.11489173,3.131772e-06
25,0.086203,1710,3,4.78612413,2.21919045,0.84595385,0.86244969,1.61910501,3.6499568e-05
25,0.086203,506,3,5.5465678,0.91210706,0.88584271,0.6024766,0.48679108,3.2657233e-05
25,0.086203,898,3,5.59701462,0.23978258,0.65655502,0.38387456,0.06043355,5.265808e-06
25,0.086203,78,3,5.29434993,0.81721315,0.87943925,0.64658835,0.46469614,2.0927256e-05
25,0.086203,1877,3,5.5465678,0.5197248,0.96850895,0.89657321,0.4512974,5.3133935e-05
25,0.086203,2131,3,4.95113468,0.75309639,0.46966172,0.74439144,0.26329166,1.6618118e-05
25,0.086203,194,3,4.78612413,0.16405341,0.7134935,0.77907982,0.0911921,2.7808608e-05
25,0.086203,2756,3,4.39342838,4.37882416,0.89970561,0.55216738,2.17534771,2.3613833e-05
25,0.086203,332,3,5.5465678,0.37967773,0.63653547,0.75315243,0.18202063,2.9335135e-05
25,0.086203,957,3,4.95113468,0.26938581,0.46429818,0.69384109,0.08678241,1.5312719e-05
25,0.086203,34,3,4.37141608,0.97289395,0.78424717,0.5988206,0.45689372,1.1510121e-05
25,0.086203,3313,3,5.5465678,5.45453654,0.32383872,0.72777343,1.28553179,1.4421404e-05
25,0.086203,6,3,4.50948908,0.39578945,0.86339177,0.66922527,0.22868857,5.9315173e-05
25,0.086203,3085,3,4.78612413,0.45980311,0.72153258,0.79491851,0.26372449,2.8693653e-05
25,0.086203,1620,3,5.5465678,0.8458381,0.22448296,0.87441692,0.166031,1.2011148e-05
25,0.086203,270,3,4.6322616,0.28890373,0.45416366,0.66011549,0.08661347,7.347888e-06
25,0.086203,7,3,4.27266732,1.56978957,0.89357803,0.61270671,0.85946175,2.7390023e-05
25,0.086203,14,3,5.5465678,0.16544301,0.70686547,0.53988103,0.0631369,2.3351642e-05
25,0.086203,8,3,4.09010443,1.23186237,0.65363051,0.76056003,0.61238988,2.4869846e-05
25,0.086203,3745,3,4.58916291,1.20304688,0.62378711,0.74428464,0.55854479,1.7086536e-05
25,0.086203,3359,3,5.29434993,0.75187587,0.8287175,0.92839855,0.57847835,2.8315194e-05
25,0.086203,21,3,5.5465678,0.5362994,0.57039027,0.80558859,0.24642952,2.8116937e-05
25,0.086203,631,4,6.50883845,1.10935575,0.53493657,0.46067431,0.27338024,5.49888e-07
25,0.086203,12,4,5.01714358,0.67630988,0.62001248,0.55460237,0.23255618,7.47454e-07
25,0.086203,10,4,5.32254805,0.3738228,0.51063307,0.68375175,0.13051883,6.89113e-07
25,0.086203,128,4,4.82137996,1.13992827,0.76602258,0.54991425,0.48019106,9.1567e-07
25,0.086203,3920,4,5.32254805,1.59045264,0.41523365,0.7004939,0.46261279,5.7409e-07
25,0.086203,1414,4,5.05254318,0.57757862,0.51197465,0.7816782,0.23114663,2.33372e-07
25,0.086203,149,4,4.46784994,0.48089203,0.71438992,0.7017944,0.24109755,9.89529e-07
25,0.086203,11,4,5.65119945,0.57996446,0.78065903,0.86775134,0.39287832,3.188838e-06
25,0.086203,13,4,4.54261813,10.40024308,0.73934175,0.86696316,6.66636924,1.265112e-06
25,0.086203,1495,4,5.65119945,1.03385359,0.52038667,0.81576595,0.43888504,1.998332e-06
25,0.086203,1949,4,5.87431253,0.58151652,0.99007205,0.62962513,0.36250242,1.805704e-06
25,0.086203,3242,4,5.32254805,3.72542068,0.41885298,0.81342388,1.2692695,6.72453e-07
25,0.086203,347,4,5.0622207,0.5781474,0.57940815,0.73957855,0.24774647,3.91434e-07
25,0.086203,1970,4,5.87431253,1.81140005,0.56559905,0.87323911,0.8946563,1.43067e-06
25,0.086203,2383,4,6.29529227,0.95957406,0.53514446,0.7766275,0.39880656,6.9025e-07
25,0.086203,2526,4,5.87431253,0.52204201,0.51427844,0.75135947,0.20172119,1.119293e-06
25,0.086203,3315,4,5.87431253,0.17961664,0.89371184,0.73867257,0.1185758,1.912261e-06
25,0.086203,64,4,4.86497029,5.26907742,0.86861052,0.51246391,2.34543255,2.095387e-06
25,0.086203,17,4,5.00958145,2.21076634,0.72538305,0.86941568,1.39424056,1.244738e-06
25,0.086203,232,4,4.83362493,1.46494132,0.57216028,0.84038328,0.7043935,4.39223e-07
25,0.086203,26,4,4.69555445,4.5740439,0.70874793,0.77315644,2.50645271,1.081539e-06
25,0.086203,2993,4,4.95155906,1.58892693,0.94999223,0.7684723,1.15998454,1.976194e-06
25,0.086203,279,5,5.61802872,0.26930354,0.93044973,0.54959597,0.13771414,4.0158e-08
25,0.086203,1209,5,5.67767056,1.88306498,0.60700019,0.93695553,1.07095966,5.7101e-08
25,0.086203,1100,5,5.91307817,1.46098378,0.72888684,0.83317395,0.88724015,2.1169e-08
25,0.086203,3484,5,5.15186752,1.61479444,0.90430784,0.89951462,1.31353534,8.167e-08
25,0.086203,185,5,5.67767056,0.47287507,0.76800466,0.75133953,0.27286417,5.7935e-08
25,0.086203,796,5,6.59822846,0.99222343,0.69620862,0.69389561,0.47933927,1.22258e-07
25,0.086203,497,5,5.93872877,1.227806,0.81636775,0.81897329,0.82089068,1.11181e-07
25,0.086203,2669,5,5.67767056,0.35387359,0.60749854,0.81066574,0.17427505,4.9445e-08
25,0.086203,3711,5,7.15760213,2.35312237,0.73197398,0.58533983,1.00820358,2.347e-08
25,0.086203,3731,5,6.10136394,0.78494959,0.78623583,0.9705158,0.59895916,2.3704e-08
25,0.086203,512,5,5.50295167,0.37054895,0.92402229,0.82087497,0.28106389,6.5105e-08
25,0.086203,2270,5,5.67767056,4.35812963,0.89639985,0.60499617,2.36349424,5.4449e-08
25,0.086203,514,5,5.80075815,0.03952212,0.45595567,0.98885139,0.01781943,3.87e-08
25,0.086203,540,5,6.06401626,5.69940457,0.93131852,0.87592859,4.64939478,4.8391e-08
25,0.086203,542,5,5.93872877,1.54734916,0.83781106,0.94001017,1.21861626,1.30964e-07
25,0.086203,2825,5,6.79029537,2.23009079,0.63705659,0.60146532,0.8544982,4.3505e-08
25,0.086203,145,5,5.93872877,0.35994732,0.66430109,0.68423231,0.16360911,7.5586e-08
25,0.086203,33,5,5.80075815,2.22387871,0.38388204,0.84536335,0.72169269,2.7854e-08
25,0.086203,816,5,5.80075815,0.96836865,0.44596237,0.90457494,0.3906461,3.4625e-08
25,0.086203,804,5,5.93872877,2.7660813,0.60631354,0.455412,0.76377719,4.5917e-08
25,0.086203,49,5,5.35882847,0.97559273,0.68779623,0.81934961,0.54979096,5.6581e-08
25,0.086203,48,5,5.67767056,0.73481499,0.87515689,0.79125538,0.50883924,6.9525e-08
25,0.086203,74,5,5.36932595,5.98415143,0.68776182,0.9120646,3.75375769,5.3841e-08
25,0.086203,76,5,6.06401626,0.44739661,0.55887257,0.91969272,0.22995785,3.0489e-08
25,0.086203,30,5,6.05776113,0.74057743,0.8323599,0.73203497,0.45124609,6.0191e-08
25,0.086203,954,5,5.67767056,3.2351255,0.75702638,0.77866544,1.90701033,5.9184e-08
25,0.086203,437,5,5.34279892,0.65454408,0.72825312,0.57182406,0.27257353,3.5744e-08
25,0.086203,367,5,5.39511558,0.24369493,0.78882267,0.6136306,0.11795949,4.8599e-08
25,0.086203,380,5,5.93872877,0.73257898,0.59793969,0.65193999,0.28557452,6.4825e-08
25,0.086203,2396,5,5.38860728,3.87799519,0.63823083,0.73456614,1.81809238,1.4564e-08
25,0.086203,400,5,5.67767056,0.38650824,0.7785815,0.75538653,0.22731708,5.9049e-08
25,0.086203,3520,5,5.67767056,1.24685607,0.65364428,0.66565849,0.54251189,4.3685e-08
25,0.086203,102,5,6.05776113,1.26711391,0.7814638,0.85925524,0.85083768,6.6331e-08
25,0.086203,25,5,5.67767056,0.92243319,0.50827507,0.6988097,0.32763679,3.5661e-08
25,0.086203,24,5,6.31902534,1.19284546,0.80408863,0.93261539,0.89452129,4.1012e-08
25,0.086203,1503,5,5.67767056,0.78440695,0.87334962,0.92240154,0.63190179,8.0881e-08
25,0.086203,1336,5,7.34612425,3.21517204,0.64222525,0.96173669,1.98585611,2.6954e-08
25,0.086203,673,5,5.80075815,0.91940621,0.83558061,0.55027829,0.42274469,3.9466e-08
25,0.086203,245,5,5.42032126,0.3590166,0.928236,0.82866567,0.2761546,6.6022e-08
25,0.086203,1359,5,5.67767056,1.07396069,0.69609233,0.59774789,0.44686185,4.1776e-08
25,0.086203,705,5,7.34612425,0.44752057,0.70474472,0.97156903,0.30642098,2.9881e-08
25,0.086203,1187,5,5.67767056,0.70006587,0.69143447,0.92949678,0.44992261,6.4526e-08
25,0.086203,3116,5,5.41625352,0.32276253,0.91030069,0.54062486,0.1588415,4.9411e-08
25,0.086203,224,5,5.41625352,1.32111044,0.91381438,0.62960766,0.76009366,5.7765e-08
25,0.086203,508,5,6.10136394,0.50836456,0.9067758,0.71505134,0.32961913,2.0142e-08
25,0.086203,265,5,6.05776113,3.25826841,0.7067079,0.50578549,1.16464392,3.531e-08
25,0.086203,271,5,5.93872877,3.21765449,0.94569895,0.8403371,2.55708904,1.32154e-07
25,0.086203,1178,5,5.41625352,6.50737399,0.60676788,0.58302222,2.30204311,3.5518e-08
25,0.086203,1825,5,6.59822846,26.87405837,0.62674402,0.70143641,11.81440245,6.972e-08
25,0.086203,291,5,5.93872877,1.85431251,0.95336058,0.76045706,1.34435762,1.20561e-07
25,0.086203,90,5,5.80075815,2.22201272,0.78669212,0.57644276,1.00764494,3.8924e-08
25,0.086203,897,5,5.30313446,0.32394487,0.80622643,0.66584061,0.17389953,5.3897e-08
25,0.086203,944,5,5.41625352,1.89839211,0.82662739,0.90823421,1.42525825,7.5378e-08
25,0.086203,87,5,5.93872877,4.781333,0.76716051,0.84707369,3.1071085,1.08064e-07
25,0.086203,3908,5,5.90307278,1.6973887,0.600509,0.51242448,0.52231283,2.2361e-08
25,0.086203,134,5,5.67767056,4.63611202,0.76162156,0.77794483,2.7468943,5.9488e-08
25,0.086203,106,5,5.93872877,2.40822273,0.62417427,0.60705404,0.91249369,6.301e-08
25,0.086203,108,5,5.55911143,0.74659695,0.91572715,0.90559619,0.61913719,8.192e-08
25,0.086203,115,5,5.41134261,5.68143361,0.84492566,0.68801851,3.30275654,9.667e-08
25,0.086203,114,5,5.41625352,0.69014968,0.73675053,0.78909274,0.40122853,5.837e-08
25,0.086203,411,5,5.33282152,0.91318061,0.90812706,0.81346979,0.67459749,6.3407e-08
25,0.086203,62,5,5.80075815,0.20945878,0.91026816,0.62942539,0.12000854,4.9177e-08
25,0.086203,66,5,5.67767056,0.6968943,0.40472455,0.67576735,0.19060034,2.746e-08
25,0.086203,72,5,5.07076003,1.10724518,0.7115411,0.84126281,0.66278929,6.0099e-08
25,0.086203,91,5,5.33095485,4.69922396,0.9149976,0.45349025,1.9499077,6.9002e-08
25,0.086203,116,5,5.70231187,1.69525919,0.65887504,0.58334196,0.65157195,3.7968e-08
25,0.086203,887,5,5.93872877,0.3365059,0.39238293,0.8835036,0.11665708,5.7649e-08
25,0.086203,103,5,5.41625352,6.61014691,0.80426695,0.70837198,3.765934,5.7201e-08
25,0.086203,18,5,5.67767056,0.47179666,0.9539124,0.87107196,0.39202827,8.3426e-08
25,0.086203,15,5,5.15190796,0.44661954,0.28317756,0.83583556,0.10571032,2.3764e-08
25,0.086203,20,5,5.67767056,3.20766595,0.79539049,0.94978846,2.42323995,7.5848e-08
25,0.086203,22,5,5.67767056,0.52873876,0.88820247,0.40287886,0.18920282,3.5927e-08
25,0.086203,23,5,5.67767056,0.55082805,0.73539157,0.74957088,0.30363191,5.5344e-08
25,0.086203,39,5,5.35933325,1.20769899,0.66467807,0.64193987,0.51530506,3.6623e-08
25,0.086203,44,5,5.40101625,2.15571046,0.79923814,0.75321746,1.29773796,3.571e-08
25,0.086203,45,5,5.80075815,10.95887327,0.61244449,0.96041657,6.44602943,5.0487e-08
25,0.086203,41,6,5.89001601,1.17541124,0.89286451,0.69276505,0.72704513,1.798e-09
25,0.086203,94,6,6.35004066,1.11681853,0.57782484,0.85681816,0.5529266,1.439e-09
25,0.086203,900,6,6.39399659,11.02037353,0.54055324,0.71132389,4.23742652,2.95e-09
25,0.086203,3914,6,6.62091433,0.37025759,0.88546111,0.55108845,0.18067363,2.109e-09
25,0.086203,868,6,6.72676435,0.38363242,0.74444174,0.97550046,0.27859512,2.91e-09
25,0.086203,859,6,6.72676435,5.13217517,0.66044219,0.81785128,2.772111,2.164e-09
25,0.086203,126,6,6.35004066,0.63367986,0.67100938,0.74886305,0.31842041,1.46e-09
25,0.086203,132,6,7.17848486,2.56413785,0.79823309,0.55512631,1.13622125,1.442e-09
25,0.086203,138,6,6.3981533,0.73120764,0.92333727,0.75828038,0.51195396,3.178e-09
25,0.086203,884,6,6.9550598,0.81138676,0.64424122,0.87214294,0.45589423,2.158e-09
25,0.086203,112,6,6.3981533,0.20766148,0.81271996,0.81363902,0.13731837,3.002e-09
25,0.086203,117,6,6.3981533,0.28163213,0.71868083,0.64025664,0.12959026,2.089e-09
25,0.086203,120,6,6.10845077,1.79690116,0.96663156,0.65534015,1.13828742,3.021e-09
25,0.086203,124,6,6.04890424,4.88996834,0.91535637,0.83194908,3.72385703,2.295e-09
25,0.086203,96,6,6.72676435,0.9929644,0.91093726,0.60152989,0.5441008,2.196e-09
25,0.086203,97,6,6.72676435,9.90616054,0.85005703,0.93162378,7.84501883,3.173e-09
25,0.086203,1383,6,6.64205723,20.2600935,0.81341906,0.78253305,12.89610252,1.918e-09
25,0.086203,681,6,6.72676435,15.37291741,0.58213596,0.4441761,3.97498875,1.036e-09
25,0.086203,1504,6,6.9550598,2.12264514,0.31165546,0.61242706,0.40514128,7.33e-10
25,0.086203,1512,6,6.84609838,0.07400961,0.88522289,0.74814218,0.04901453,3.312e-09
25,0.086203,228,6,6.38525959,2.18222151,0.79663032,0.60475755,1.05132493,1.365e-09
25,0.086203,230,6,5.68281994,0.42767958,0.81011195,0.55124078,0.19098748,3.426e-09
25,0.086203,1397,6,6.32610806,0.12729017,0.91398468,0.71237253,0.08287832,3.565e-09
25,0.086203,1402,6,6.62091433,2.01254694,0.69614636,0.82202806,1.1516837,2.688e-09
25,0.086203,209,6,5.52353435,1.18436232,0.69254715,0.63648905,0.52206535,2.102e-09
25,0.086203,213,6,6.72676435,9.96120902,0.92949681,0.41007152,3.79681613,1.527e-09
25,0.086203,3199,6,6.84609838,4.3280487,0.52226314,0.66712643,1.50795943,3.654e-09
25,0.086203,3459,6,6.84609838,2.64191722,0.47323524,0.69194276,0.86510028,1.637e-09
25,0.086203,3129,6,7.42544156,1.7842576,0.93458563,0.49880204,0.8317731,2.579e-09
25,0.086203,1210,6,6.33609216,1.1140324,0.73163027,0.36920401,0.30092336,7.66e-10
25,0.086203,1214,6,6.84609838,3.6859169,0.57828895,0.81916964,1.74608057,4.532e-09
25,0.086203,1165,6,6.62091433,0.8120956,0.59330885,0.61441835,0.29604121,7.94e-10
25,0.086203,1168,6,6.62091433,1.35765976,0.38968933,0.9012144,0.47680147,1.658e-09
25,0.086203,1195,6,6.9550598,0.0871443,0.47213692,0.82628436,0.03399668,1.498e-09
25,0.086203,698,6,6.94960671,0.34056642,0.93453738,0.38001844,0.12094925,9.95e-10
25,0.086203,272,6,6.72676435,3.81563942,0.76580424,0.79155756,2.31295721,2.429e-09
25,0.086203,1665,6,6.84609838,3.10922033,0.80600718,0.66668192,1.67074082,5.636e-09
25,0.086203,1673,6,6.62091433,0.81612717,0.85914918,0.94491761,0.6625526,3.813e-09
25,0.086203,3810,6,6.64205723,7.18671134,0.69021568,0.79560629,3.9465102,1.655e-09
25,0.086203,1598,6,6.3981533,1.58211724,0.65461672,0.72687041,0.75280544,2.16e-09
25,0.086203,1544,6,6.3981533,0.16610686,0.85655644,0.6281075,0.08936707,2.466e-09
25,0.086203,1553,6,6.3981533,0.61713717,0.86478876,0.79112349,0.42221729,3.106e-09
25,0.086203,2977,6,6.3981533,0.60020468,0.79351064,0.58141595,0.27691028,2.115e-09
25,0.086203,2980,6,5.59920272,0.89556142,0.68754782,0.71519275,0.44037371,2.345e-09
25,0.086203,268,6,6.84609838,1.63922621,0.66121343,0.81877155,0.88744879,4.643e-09
25,0.086203,638,6,6.84609838,1.44388136,0.80101623,0.86400643,0.999286,3.56e-09
25,0.086203,252,6,6.32610806,6.13805818,0.78229794,0.79631207,3.82372352,3.411e-09
25,0.086203,3500,6,6.98764663,0.31178861,0.73509764,0.8597245,0.19704462,1.01e-09
25,0.086203,3514,6,6.72676435,8.11878093,0.32901642,0.43716764,1.16776755,5.76e-10
25,0.086203,3516,6,6.84609838,0.63477558,0.72914021,0.50798514,0.23511605,3.177e-09
25,0.086203,2960,6,6.84609838,6.43161376,0.82986406,0.76748329,4.09633852,6.62e-09
25,0.086203,2976,6,6.62091433,3.04416973,0.86573397,0.77917798,2.05347771,1.909e-09
25,0.086203,1528,6,6.62091433,0.83112967,0.74521537,0.62254695,0.38558728,2.19e-09
25,0.086203,1458,6,6.38525959,0.4005832,0.37732211,0.63532016,0.09602794,6.79e-10
25,0.086203,1477,6,5.78708629,0.72690483,0.92755466,0.6225762,0.41976824,2.227e-09
25,0.086203,1449,6,5.47632791,0.80966819,0.68212851,0.70710923,0.39053484,2.427e-09
25,0.086203,628,6,6.84609838,1.3375925,0.90901917,0.82028726,0.99738501,3.729e-09
25,0.086203,630,6,6.84609838,0.57639727,0.86406178,0.48856484,0.24332622,2.111e-09
25,0.086203,1738,6,6.94960671,0.41007124,0.50473531,0.40385831,0.08358955,1.073e-09
25,0.086203,580,6,6.9550598,1.65788845,0.85548467,0.72353887,1.02619384,2.377e-09
25,0.086203,581,6,6.3584766,0.80252594,0.78709868,0.66700003,0.42132198,2.243e-09
25,0.086203,1713,6,6.62091433,0.2326301,0.32048649,0.841496,0.06273757,1.381e-09
25,0.086203,504,6,6.84609838,2.72441053,0.46059542,0.76382786,0.95849017,3.366e-09
25,0.086203,1817,6,6.94960671,6.42870337,0.65438121,0.75033179,3.15651281,2.345e-09
25,0.086203,1828,6,6.72676435,2.75263838,0.57333026,0.80502975,1.27047451,1.426e-09
25,0.086203,1768,6,6.38525959,1.06220681,0.5062942,0.74943572,0.4030384,1.075e-09
25,0.086203,1788,6,6.3584766,1.11653673,0.70743356,0.88261396,0.69715519,2.668e-09
25,0.086203,3806,6,6.84609838,5.29071936,0.85510264,0.90809597,4.10832435,4.658e-09
25,0.086203,1722,6,6.84609838,5.40422646,0.38305279,0.81332033,1.68365769,3.267e-09
25,0.086203,1729,6,6.3584766,1.12880753,0.85910208,0.70825817,0.68684108,2.6e-09
25,0.086203,2945,6,8.09728998,0.41452041,0.81116059,0.80997079,0.2723467,1.405e-09
25,0.086203,2868,6,6.72676435,0.70002181,0.55588353,0.76888949,0.29919842,1.713e-09
25,0.086203,2895,6,6.72676435,8.50695797,0.77449016,0.90381027,5.95480389,2.805e-09
25,0.086203,2899,6,7.42544156,8.22098321,0.24171313,0.73957388,1.46962175,9.89e-10
25,0.086203,292,6,6.3981533,1.52978571,0.86544469,0.85277554,1.12902785,3.383e-09
25,0.086203,554,6,6.3981533,1.39167129,0.73523763,0.68552779,0.70143827,2.288e-09
25,0.086203,595,6,6.62091433,0.21638935,0.8238612,0.96489492,0.17201644,4.785e-09
25,0.086203,603,6,6.84609838,3.07187311,0.59347906,0.7696935,1.40322234,4.791e-09
25,0.086203,277,6,6.84609838,3.46060597,0.87830916,0.66059614,2.00787002,4.976e-09
25,0.086203,282,6,6.3981533,0.25749108,0.91364826,0.84057649,0.1977509,3.486e-09
26,0.148618,0,0,0.0,0.53382467,0.34155687,0.50414217,0.09192099,0.172193219551
26,0.148618,1,1,2.08710536,0.88478645,0.61226402,0.58240774,0.31550361,0.007944710482
26,0.148618,5,1,2.08710536,3.35064366,0.72532566,0.69944195,1.69985925,0.011303083019
26,0.148618,31,2,2.7527717,3.11908794,0.7747515,0.98736898,2.38599498,0.00111875496
26,0.148618,879,2,3.32936368,0.37292914,0.88116768,0.72005064,0.23661808,0.000652222574
26,0.148618,459,2,3.32936368,0.3934902,0.63225549,0.89126197,0.2217338,0.000824121141
26,0.148618,503,2,3.32936368,0.21933378,0.51102203,0.76411875,0.08564579,0.000571075525
26,0.148618,20,2,2.7380829,2.2094639,0.60481929,0.73359378,0.98032072,0.000648894867
26,0.148618,256,2,3.32936368,0.45203559,0.6361646,0.65714922,0.18897577,0.000611401594
26,0.148618,1113,2,3.32936368,0.26529837,0.57484871,0.97228685,0.14827999,0.000817412062
26,0.148618,520,2,3.32936368,0.90041952,0.78120705,0.97239425,0.6839958,0.000780877235
26,0.148618,2210,2,2.87870398,2.18530371,0.62922523,0.70879807,0.97463153,0.000458461508
26,0.148618,25,2,3.32936368,0.58026575,0.49627364,0.53356024,0.15364966,0.000272194212
26,0.148618,2535,2,3.32936368,1.0759683,0.60868139,0.32825122,0.21497891,0.000292206212
26,0.148618,92,2,2.94128294,3.64196256,0.80257486,0.84279115,2.46343436,0.000989232976
26,0.148618,1146,2,3.32936368,0.65952351,0.65929378,0.91320682,0.39708036,0.000880523998
26,0.148618,142,2,3.32936368,0.31875415,0.79501487,0.35675992,0.09040806,0.000414805372
26,0.148618,39,2,3.05190073,0.87201062,0.73340019,0.64967536,0.41548867,0.000696835842
26,0.148618,2,2,3.32936368,0.57971516,0.23681538,0.72688069,0.09979015,0.000176948654
26,0.148618,15,2,3.03481865,0.82490368,0.53374157,0.72960876,0.32123607,0.000569526765
26,0.148618,7,2,3.32936368,0.1935778,0.91007297,0.77627572,0.13675643,0.000726217052
26,0.148618,4,2,2.65328258,1.15096667,0.7502172,0.44492691,0.38418326,0.000343123068
26,0.148618,9,2,3.01641071,0.22669302,0.76606536,0.98275099,0.17066618,0.001101038183
26,0.148618,48,2,2.79885005,0.46948912,0.70796967,0.75462929,0.25082674,0.000781342375
26,0.148618,2805,2,3.32936368,0.63351797,0.93424339,0.84412672,0.49960482,0.001153349018
26,0.148618,147,2,3.32936368,0.12693326,0.73738089,0.65228527,0.0610527,0.000703432648
26,0.148618,148,2,3.06846319,1.38664959,0.51531465,0.84473547,0.60361489,0.000636628804
26,0.148618,1258,3,3.35368003,7.05428734,0.38614932,0.98890156,2.69377605,3.1455079e-05
26,0.148618,419,3,3.30891945,2.66395815,0.97203571,0.80728814,2.09044233,5.7825724e-05
26,0.148618,961,3,4.01797462,1.00955068,0.70737153,0.73412732,0.52426044,4.2776121e-05
26,0.148618,792,3,3.92170869,0.18678759,0.84704594,0.70197851,0.1110654,7.6107161e-05
26,0.148618,1728,3,3.71060132,1.12450301,0.63376039,0.67582442,0.48163672,1.9015381e-05
26,0.148618,3672,3,3.78238096,0.34206518,0.56100022,0.72944926,0.13998032,5.923648e-05
26,0.148618,3697,3,3.92170869,1.75895816,0.96029296,0.93586513,1.58078397,0.000115030167
26,0.148618,500,3,3.77170408,1.28602835,0.57964416,0.70819992,0.52791971,3.4465757e-05
26,0.148618,19,3,3.13919439,4.90345547,0.53551223,0.38366767,1.00745775,9.121593e-06
26,0.148618,229,3,3.92170869,0.72601166,0.66811154,0.51202051,0.24835902,4.3785576e-05
26,0.148618,530,3,3.3453112,0.40573111,0.53674041,0.897146,0.19537353,6.9704135e-05
26,0.148618,26,3,3.37351041,2.6600908,0.46274732,0.44282945,0.54510087,1.720485e-05
26,0.148618,2353,3,3.77170408,3.73063564,0.84345011,0.43025027,1.35382766,3.0468497e-05
26,0.148618,2247,3,3.39789631,0.43574365,0.65711736,0.57330168,0.16415618,2.2347306e-05
26,0.148618,282,3,3.92170869,2.77842724,0.75976642,0.6731375,1.42096345,6.5460394e-05
26,0.148618,906,3,4.22058245,0.76152236,0.91656647,0.94000964,0.65611344,8.7051285e-05
26,0.148618,2822,3,3.87499553,0.24172284,0.52999106,0.8578898,0.10990507,2.6971126e-05
26,0.148618,8,3,3.1775952,3.90387443,0.71220302,0.82281626,2.28771814,2.6016732e-05
26,0.148618,6,3,3.46256433,1.97483741,0.81658248,0.43743602,0.70541703,1.5858447e-05
26,0.148618,3,3,4.22058245,0.37998638,0.65960131,0.85969742,0.21547414,1.2982865e-05
26,0.148618,40,3,2.98925743,13.24229196,0.51870829,0.34492062,2.36922064,1.5021484e-05
26,0.148618,135,3,4.22058245,1.64502773,0.83676944,0.47054975,0.64771594,1.3867124e-05
26,0.148618,93,3,3.2011733,0.63949106,0.78545299,0.8039723,0.40382738,9.1409725e-05
26,0.148618,58,3,3.53485195,1.44407553,0.68544986,0.78792876,0.77992448,4.5345389e-05
26,0.148618,497,3,3.38040273,1.83247678,0.58275357,0.92994182,0.99306848,5.4787092e-05
26,0.148618,1185,3,3.78238096,1.80938984,0.65340827,0.88850106,1.0504484,8.4037612e-05
26,0.148618,1029,3,3.78238096,2.78272135,0.7551546,0.81382491,1.71015932,8.8960656e-05
26,0.148618,3691,3,3.41376773,1.84144665,0.88829565,0.96821285,1.58375324,5.1018467e-05
26,0.148618,185,3,3.78238096,1.9612629,0.43776449,0.94017095,0.80720376,5.957698e-05
26,0.148618,102,3,3.77170408,0.31704659,0.58689066,0.85591306,0.15926118,4.2175219e-05
26,0.148618,165,3,3.77170408,1.51084813,0.45043941,0.86146432,0.5862657,3.2579481e-05
26,0.148618,811,3,3.71060132,0.95300139,0.60526678,0.64474309,0.37190076,1.7325254e-05
26,0.148618,173,3,3.34112563,2.21665045,0.70421303,0.90903922,1.41900489,5.3747364e-05
26,0.148618,1574,3,3.47984061,0.87408502,0.83595427,0.59074888,0.43165732,6.3209181e-05
26,0.148618,428,3,3.92170869,0.74982725,0.74111265,0.75923728,0.42191307,7.2020559e-05
26,0.148618,3783,3,4.22058245,1.34060265,0.76962022,0.82091028,0.84697822,2.2250881e-05
26,0.148618,1760,4,4.32643103,0.15596217,0.5627388,0.9330705,0.08189183,1.077403e-06
26,0.148618,3669,4,4.20447401,8.69296043,0.38697787,0.83147938,2.79708272,2.407436e-06
26,0.148618,1256,4,3.95781679,0.40550291,0.32467448,0.87429598,0.1151067,5.51716e-07
26,0.148618,1335,4,4.5863994,0.65645384,0.42010172,0.51539285,0.14213369,2.354305e-06
26,0.148618,1307,4,4.78254888,0.79729471,0.71731893,0.9008727,0.51522225,3.576624e-06
26,0.148618,1378,4,4.25549365,1.00700169,0.96842607,0.77150494,0.75237677,1.66323e-06
26,0.148618,3347,4,3.95781679,1.10774594,0.92883928,0.77418116,0.79656888,1.39763e-06
26,0.148618,864,4,3.71601371,0.24863511,0.7936034,0.58670389,0.11576705,5.49527e-07
26,0.148618,870,4,4.25549365,0.11932853,0.7020934,0.60151331,0.05039465,9.40128e-07
26,0.148618,2619,4,3.95781679,0.45297889,0.86383045,0.35631352,0.1394244,5.98232e-07
26,0.148618,908,4,3.72378561,0.3262651,0.71672656,0.44671423,0.10446094,2.395524e-06
26,0.148618,921,4,4.95398526,1.36582827,0.77484753,0.79661291,0.84306234,1.107506e-06
26,0.148618,413,4,3.65367174,0.16593293,0.75280556,0.50306983,0.06284109,7.36072e-07
26,0.148618,161,4,3.58697889,6.52819381,0.48708625,0.95243491,3.02854631,9.01675e-07
26,0.148618,420,4,4.5863994,0.37187146,0.66774372,0.57275817,0.14222435,2.948192e-06
26,0.148618,163,4,3.95781679,0.78883418,0.39881313,0.63640788,0.20021228,4.93303e-07
26,0.148618,175,4,3.95781679,3.22532861,0.81060793,0.7425043,1.94126038,1.169819e-06
26,0.148618,434,4,4.07224694,1.77600866,0.72554132,0.75545022,0.97344873,6.46897e-07
26,0.148618,430,4,4.70196265,1.13721427,0.5870922,0.80125522,0.53495775,4.383589e-06
26,0.148618,1579,4,4.95398526,0.42660114,0.95418866,0.57393503,0.23362483,9.82606e-07
26,0.148618,402,4,4.10192211,3.19234288,0.79611932,0.70424082,1.78981806,1.887332e-06
26,0.148618,1529,4,3.95781679,1.69454442,0.91045551,0.72950078,1.12547914,1.290903e-06
26,0.148618,1549,4,4.07224694,1.41780485,0.76098635,0.5133794,0.5539005,4.61086e-07
26,0.148618,1729,4,4.22986692,0.12213041,0.41684512,0.73415779,0.03737558,2.128225e-06
26,0.148618,504,4,4.20447401,3.27674712,0.56892605,0.62396187,1.16320644,2.656019e-06
26,0.148618,1096,4,3.71601371,1.69399631,0.37058763,0.57253908,0.3594252,2.50416e-07
26,0.148618,1908,4,4.70196265,0.6199214,0.75691413,0.6454744,0.30287419,4.138094e-06
26,0.148618,1122,4,3.95781679,0.12256904,0.84639069,0.75978611,0.07882119,1.249888e-06
26,0.148618,477,4,4.07224694,1.53684653,0.76680224,0.75069718,0.88466462,6.79383e-07
26,0.148618,489,4,3.95781679,1.15843891,0.85616711,0.60985934,0.60486904,1.014839e-06
26,0.148618,480,4,3.95781679,1.74844721,0.55153521,0.53712538,0.51796623,5.75782e-07
26,0.148618,326,4,4.10192211,2.51639583,0.79102933,0.54077944,1.07644468,1.439997e-06
26,0.148618,1468,4,4.38449906,0.22426786,0.7805584,0.61502349,0.10766242,2.816608e-06
26,0.148618,2386,4,4.27485123,0.83225757,0.76386222,0.61316997,0.38981062,1.354307e-06
26,0.148618,2371,4,4.5863994,0.59605682,0.84041324,0.57192326,0.28649583,5.226374e-06
26,0.148618,2416,4,3.73927136,4.54975917,0.90311077,0.55735708,2.29014487,9.78326e-07
26,0.148618,2473,4,3.95781679,0.39070687,0.78020968,0.65454664,0.1995276,9.92569e-07
26,0.148618,205,4,4.07224694,2.01094896,0.91788618,0.97225872,1.7946168,1.053265e-06
26,0.148618,200,4,3.89147807,0.70569324,0.49870677,0.89102158,0.31358079,1.49583e-06
26,0.148618,181,4,3.6661507,3.03706926,0.89478841,0.36984052,1.00505432,1.113996e-06
26,0.148618,3158,4,3.75854397,4.26401406,0.67958639,0.74637952,2.16283313,2.064388e-06
26,0.148618,2143,4,3.95781679,0.92422544,0.77317161,0.80814814,0.57749043,1.214439e-06
26,0.148618,2579,4,4.5863994,1.3243668,0.82944737,0.519619,0.57079761,3.322374e-06
26,0.148618,2570,4,4.22986692,1.90595902,0.78383115,0.75032889,1.12095389,4.09004e-06
26,0.148618,22,4,3.6083294,2.22769007,0.68681313,0.85535865,1.30870456,6.93352e-07
26,0.148618,2968,4,4.10192211,0.77944369,0.82970319,0.84643915,0.54739805,2.364108e-06
26,0.148618,377,4,3.95781679,1.41638772,0.77003596,0.79352714,0.86547583,1.187632e-06
26,0.148618,1659,4,4.07224694,2.35623026,0.72991827,0.68882375,1.18467732,5.93402e-07
26,0.148618,1615,4,4.70196265,0.74357286,0.36117353,0.52141647,0.140031,1.595054e-06
26,0.148618,3031,4,4.5273851,1.53072097,0.80459852,0.59063014,0.72742943,1.169219e-06
26,0.148618,2911,4,4.25549365,0.21575767,0.79589297,0.80420539,0.13809816,1.424849e-06
26,0.148618,2986,4,3.95781679,0.63146903,0.78901875,0.88528295,0.44108417,1.357621e-06
26,0.148618,152,4,3.89076788,2.38012099,0.60748265,0.62228074,0.89974465,2.217939e-06
26,0.148618,1687,4,3.95781679,0.82356142,0.84393078,0.93157944,0.64747457,1.528043e-06
26,0.148618,1498,4,4.22986692,0.45099506,0.53322903,0.65800108,0.1582385,2.440022e-06
26,0.148618,778,4,3.95781679,0.64592921,0.68255364,0.72102257,0.31788539,9.56521e-07
26,0.148618,589,4,3.95781679,7.15312316,0.80842136,0.75089262,4.34221492,1.179844e-06
26,0.148618,156,4,3.65490294,2.08357968,0.49328119,0.84325352,0.86668809,8.08466e-07
26,0.148618,692,4,4.70196265,1.77074363,0.63476198,0.9096681,1.02246762,4.890673e-06
26,0.148618,574,4,4.07224694,0.12363001,0.56500903,0.65512729,0.045762,4.36866e-07
26,0.148618,813,4,4.70196265,4.83486857,0.76396209,0.78795679,2.91044159,5.098577e-06
26,0.148618,884,4,4.07224694,0.07984592,0.82540802,0.91755428,0.06047184,8.93855e-07
26,0.148618,27,4,3.58154824,0.91124898,0.7322177,0.69143635,0.46134889,1.704281e-06
26,0.148618,35,4,3.89147807,2.36854946,0.43500561,0.4289546,0.44196579,6.28138e-07
26,0.148618,21,4,4.95398526,1.42834437,0.77834855,0.49074376,0.54558426,6.41646e-07
26,0.148618,23,4,3.4809337,3.34863519,0.71425642,0.95593466,2.2863894,8.05841e-07
26,0.148618,84,4,4.25549365,1.68739912,0.82960524,0.68187499,0.95453985,1.259283e-06
26,0.148618,80,4,3.95781679,0.89787834,0.5425725,0.63106229,0.30743089,6.65486e-07
26,0.148618,72,4,3.64004406,0.23618519,0.87250808,0.6837173,0.14089601,1.159458e-06
26,0.148618,71,4,3.62309297,2.14483903,0.92142517,0.29338847,0.57982617,5.25427e-07
26,0.148618,259,4,4.38449906,2.38136486,0.57046562,0.76760602,1.04278263,2.569195e-06
26,0.148618,280,4,4.07224694,1.65359683,0.60568693,0.41104033,0.41168237,2.93832e-07
26,0.148618,284,4,3.69145271,6.02070486,0.8174786,0.57499079,2.8299882,5.559373e-06
26,0.148618,3233,4,3.95781679,0.4652063,0.73386582,0.66141131,0.22580516,9.43403e-07
26,0.148618,2215,4,4.20447401,1.24779926,0.97736051,0.89467887,1.09110536,6.542432e-06
26,0.148618,237,4,3.95781679,0.15979387,0.59317435,0.65139966,0.06174332,7.50998e-07
26,0.148618,232,4,4.25549365,1.97288923,0.80305911,0.75144932,1.19055622,1.343366e-06
26,0.148618,2355,4,3.95781679,9.0166064,0.82598356,0.71280814,5.30868753,1.144335e-06
26,0.148618,1058,4,3.95781679,0.87050653,0.83683565,0.44215973,0.3221005,7.19165e-07
26,0.148618,1062,4,4.1202141,0.22781072,0.67042659,0.87472247,0.13359668,6.936016e-06
26,0.148618,1090,4,3.95781679,0.18215501,0.7690364,0.8794463,0.12319621,1.314514e-06
26,0.148618,2307,4,4.34027009,1.25789476,0.70787711,0.63818091,0.56825856,3.69469e-06
26,0.148618,2326,4,4.70196265,0.53724854,0.89887306,0.65591899,0.31675524,5.494159e-06
26,0.148618,2090,4,3.95781679,1.07736967,0.59834535,0.85979966,0.55426051,9.99904e-07
26,0.148618,2192,4,4.2397905,0.43191402,0.75283599,0.83016309,0.26993618,2.543611e-06
26,0.148618,303,4,3.65367174,0.46007072,0.71984516,0.81186348,0.26887269,1.135876e-06
26,0.148618,143,4,3.73927136,0.34858859,0.72502381,0.54500049,0.13774072,7.67995e-07
26,0.148618,3094,4,4.10192211,0.67537605,0.91048943,0.80284051,0.49368489,2.460668e-06
26,0.148618,2782,4,3.95781679,0.52521217,0.64324437,0.72204064,0.24393405,9.02707e-07
26,0.148618,131,4,4.25549365,1.6692177,0.68724303,0.52867427,0.60647304,8.08808e-07
26,0.148618,120,4,4.07224694,0.75771005,0.90224435,0.81580602,0.55771731,8.68716e-07
26,0.148618,105,4,3.95781679,2.00510938,0.87851459,0.7047601,1.24144749,1.20337e-06
26,0.148618,104,4,3.82800843,2.29504772,0.67099746,0.22441443,0.34559176,3.08979e-07
26,0.148618,67,4,3.95781679,0.65626972,0.59273712,0.77303098,0.30070552,8.9057e-07
26,0.148618,55,4,3.95781679,0.84006937,0.72325684,0.87705581,0.53288676,1.232903e-06
26,0.148618,43,4,3.61757452,0.17818375,0.7804069,0.85143542,0.11839706,1.291463e-06
26,0.148618,140,4,4.32643103,1.35053205,0.34878257,0.85904011,0.404644,6.14787e-07
26,0.148618,47,4,3.81263115,2.29021598,0.76998225,0.4664862,0.82261373,1.209117e-06
26,0.148618,10,4,3.67842844,0.93294561,0.76347346,0.54815427,0.39043889,1.408788e-06
26,0.148618,11,4,3.83872332,1.60924287,0.35283046,0.25785297,0.14640631,3.06258e-07
26,0.148618,12,4,4.32643103,0.2360085,0.63697882,0.6018278,0.09047423,7.866e-07
26,0.148618,13,5,4.50105427,0.77982067,0.51464964,0.54442085,0.21849483,5.1073e-08
26,0.148618,14,5,4.4477283,0.50380568,0.83851736,0.57907533,0.24463026,1.9241e-08
26,0.148618,16,5,4.50105427,4.56668593,0.49105663,0.71954377,1.61357792,6.4407e-08
26,0.148618,17,5,4.4477283,3.40305496,0.80959781,0.95240114,2.62396593,3.0554e-08
26,0.148618,53,5,3.94780877,2.43021247,0.56607769,0.4027526,0.55406236,2.3772e-08
26,0.148618,110,5,4.6767783,1.85737159,0.8698715,0.73537266,1.18812295,5.1989e-08
26,0.148618,111,5,4.45594619,4.67820868,0.66310819,0.40568468,1.25849817,1.8289e-08
26,0.148618,121,5,4.61137832,0.80301408,0.89689575,0.52877219,0.38083227,7.4195e-08
26,0.148618,729,5,4.98376162,1.09960012,0.9155829,0.64768635,0.65207447,9.6623e-08
26,0.148618,731,5,4.48084488,1.32651089,0.5551728,0.91578525,0.67442342,7.4722e-08
26,0.148618,738,5,4.85328948,2.97644171,0.74577753,0.84034876,1.86537537,1.53043e-07
26,0.148618,762,5,4.34114653,0.93883687,0.72937941,0.83451068,0.57144644,6.3464e-08
26,0.148618,2720,5,4.45594619,3.02112877,0.73406963,0.61560124,1.36523049,3.0722e-08
26,0.148618,138,5,4.34114653,0.73893781,0.51438283,0.57093434,0.21701038,3.0621e-08
26,0.148618,81,5,4.06476942,2.31333493,0.8010438,0.56468091,1.04640038,4.058e-08
26,0.148618,85,5,4.44395036,1.04810183,0.57132601,0.88208041,0.52819666,4.5211e-08
26,0.148618,24,5,4.03635507,1.83977591,0.81278413,0.85880176,1.2842012,1.27236e-07
26,0.148618,100,5,4.45594619,3.12997054,0.51250685,0.80413585,1.2899395,2.8018e-08
26,0.148618,77,5,4.63297426,0.41594141,0.70715506,0.58298015,0.17147491,1.6336e-08
26,0.148618,78,5,4.6767783,4.25089318,0.53811564,0.80765877,1.8474969,3.5323e-08
26,0.148618,2220,5,4.98376162,17.19908516,0.76618528,0.87748592,11.5632337,1.1686e-07
26,0.148618,2232,5,4.82823455,0.45750689,0.54912063,0.92179551,0.23157943,4.2368e-08
26,0.148618,267,5,4.73212082,0.89943388,0.67472595,0.75535031,0.45840048,7.9354e-08
26,0.148618,1201,5,4.34114653,0.63461909,0.88786429,0.31937469,0.17995347,2.9566e-08
26,0.148618,1012,5,5.09435823,0.06486964,0.7635722,0.68438759,0.03389953,1.73718e-07
26,0.148618,2297,5,5.04446818,1.13057789,0.92221358,0.82334552,0.85844827,6.04e-08
26,0.148618,3293,5,4.45594619,2.01051693,0.68431045,0.53153486,0.73129509,2.4728e-08
26,0.148618,2212,5,4.51170443,0.1885805,0.65904997,0.80305927,0.0998074,3.80704e-07
26,0.148618,1082,5,4.51170443,0.12510002,0.79786566,0.48073276,0.04798339,2.75902e-07
26,0.148618,1045,5,4.45594619,1.65063378,0.62685929,0.65492676,0.67766262,2.7911e-08
26,0.148618,526,5,5.59201428,0.83072646,0.74989787,0.68465168,0.42651062,4.2625e-08
26,0.148618,534,5,4.42663205,0.33005084,0.32854658,0.91021247,0.09870078,3.4889e-08
26,0.148618,2304,5,4.73212082,0.72755111,0.84177907,0.76143261,0.46632972,7.3857e-08
26,0.148618,3208,5,5.21784147,2.0615461,0.76741612,0.60855462,0.96277218,7.0652e-08
26,0.148618,224,5,4.44395036,4.01996042,0.74819836,0.72045993,2.16694733,4.8359e-08
26,0.148618,230,5,4.98376162,2.94871237,0.78228557,0.49487819,1.14155291,4.0514e-08
26,0.148618,217,5,4.62410016,0.89883801,0.46509754,0.57171488,0.23900389,1.063e-08
26,0.148618,2503,5,4.73212082,0.19714565,0.74011187,0.91575146,0.13361714,1.02586e-07
26,0.148618,2463,5,4.85328948,1.20229966,0.923864,0.64852274,0.72035401,1.46311e-07
26,0.148618,2546,5,4.85328948,0.712259,0.70110356,0.35605943,0.17780444,6.0961e-08
26,0.148618,184,5,4.73212082,9.5159676,0.70837893,0.80031255,5.39483564,4.8816e-08
26,0.148618,197,5,4.73212082,0.9513796,0.93462727,0.74972503,0.66664449,1.06061e-07
26,0.148618,201,5,4.00883769,1.91426011,0.80190202,0.38838816,0.59619487,3.2474e-08
26,0.148618,2560,5,4.73212082,0.62800158,0.49905197,0.90565549,0.28383735,6.692e-08
26,0.148618,2567,5,4.98376162,2.53033502,0.93813996,0.52060531,1.23581724,7.9578e-08
26,0.148618,2577,5,5.09435823,3.29335187,0.86158942,0.50058187,1.42040964,1.43373e-07
26,0.148618,2594,5,4.94026876,0.34711397,0.8310232,0.45700805,0.13182843,1.30516e-07
26,0.148618,2533,5,4.61137832,0.56738371,0.64568598,0.74838239,0.27417117,7.5598e-08
26,0.148618,2086,5,5.59201428,1.51368465,0.60934288,0.6246192,0.57611937,3.1599e-08
26,0.148618,2088,5,4.85328948,0.44748057,0.77460975,0.84391497,0.29252018,1.59634e-07
26,0.148618,2111,5,5.59201428,1.85034049,0.41984055,0.58413426,0.45378351,2.0361e-08
26,0.148618,310,5,4.6767783,0.12395582,0.83407887,0.834361,0.08626369,5.656e-08
26,0.148618,312,5,4.49102602,1.73859078,0.79438838,0.64375558,0.88910134,7.3711e-08
26,0.148618,316,5,4.73212082,0.1401667,0.68064869,0.76091194,0.07259425,7.8392e-08
26,0.148618,511,5,4.42663205,0.49483672,0.33560806,0.7588293,0.12601969,2.9711e-08
26,0.148618,1104,5,4.45594619,0.18856257,0.6422631,0.75157386,0.09102069,3.2817e-08
27,0.256226,0,0,0.0,0.25968957,0.84689901,0.52679364,0.11585817,0.446141007308
27,0.256226,1,1,1.97555277,2.97454684,0.77532516,0.73028849,1.68422127,0.051523519921
27,0.256226,2,2,2.48434178,0.90559813,0.68575033,0.68414605,0.42486442,0.004930323557
27,0.256226,4,2,2.3813223,4.16830601,0.75526206,0.66212785,2.08448666,0.005255331283
27,0.256226,6,2,2.51978202,0.37903801,0.53561051,0.83146297,0.1688009,0.004680072442
27,0.256226,3307,2,2.79385352,0.11494206,0.8581751,0.68600418,0.06766774,0.006186759665
27,0.256226,933,2,2.66378889,3.15013869,0.90527847,0.76003163,2.16742226,0.007230601493
27,0.256226,195,2,2.79385352,1.20623091,0.64546984,0.66689151,0.51923218,0.004523678341
27,0.256226,3869,2,2.79385352,0.36797226,0.9613269,0.90976686,0.32182242,0.00919097911
27,0.256226,1776,2,2.79385352,3.14296029,0.77916392,0.67637007,1.65634999,0.005538265688
27,0.256226,10,2,2.79385352,0.13827518,0.35687928,0.60455083,0.0298331,0.002267329932
27,0.256226,67,2,2.66754973,0.84021488,0.51420143,0.87209516,0.37677973,0.004712569096
27,0.256226,11,2,2.46175651,0.5995514,0.49767136,0.38714184,0.11551521,0.002024758975
27,0.256226,336,2,2.79385352,4.03873422,0.74769669,0.78947253,2.38400827,0.006203303879
27,0.256226,320,2,2.79385352,1.56327962,0.79005223,0.6605444,0.81582026,0.005484264521
27,0.256226,2549,2,2.59699758,0.89075472,0.88076326,0.56347007,0.44206708,0.005215435923
27,0.256226,44,2,2.79385352,1.869402,0.5970306,0.80759037,0.9013437,0.005066969576
27,0.256226,47,2,2.64280649,1.70728979,0.8494681,0.90103893,1.30676615,0.008043613694
27,0.256226,20,2,2.79385352,0.1867001,0.96652915,0.87381312,0.15768053,0.008875525823
27,0.256226,24,2,2.79385352,0.22103241,0.50227808,0.61515959,0.06829486,0.003247077072
27,0.256226,21,2,2.64929258,0.6948228,0.75525838,0.7414589,0.38909594,0.005884955839
27,0.256226,1215,3,2.86501551,0.24252268,0.6491989,0.67469559,0.10622775,0.000469505616
27,0.256226,1238,3,3.30477835,0.48482282,0.57388357,0.79843996,0.22215143,0.000550002053
27,0.256226,3939,3,2.97809355,3.88417958,0.96737199,0.6397444,2.40380537,0.000912702991
27,0.256226,968,3,3.17407669,0.28631667,0.61132662,0.45670975,0.07993928,0.000280765706
27,0.256226,3292,3,3.42175777,0.22200253,0.71061759,0.46070435,0.07268021,0.000414225057
27,0.256226,1055,3,3.31641071,0.38684075,0.7435271,0.83871741,0.24123742,0.000919690996
27,0.256226,1121,3,2.92363072,2.67154021,0.90124099,0.73968927,1.780951,0.000636352682
27,0.256226,3,3,2.91158183,1.24996383,0.87358123,0.64423348,0.70346749,0.000565948682
27,0.256226,5,3,2.84033336,2.13912747,0.40432957,0.63072125,0.54551869,0.000273355689
27,0.256226,38,3,2.74433446,5.23033112,0.60355659,0.80423772,2.53881831,0.000520304501
27,0.256226,39,3,3.09410806,0.70467404,0.81958897,0.79053402,0.45656744,0.000694499298
27,0.256226,728,3,3.42175777,3.14792691,0.85555628,0.64980747,1.75008008,0.000368197577
27,0.256226,3687,3,3.09410806,3.27716669,0.71423137,0.87481972,2.04765139,0.000669749862
27,0.256226,1607,3,3.42175777,0.06775213,0.43910185,0.59186245,0.01760796,0.000239790967
27,0.256226,3805,3,3.42175777,0.34872256,0.53926543,0.71786446,0.1349973,0.000437294356
27,0.256226,2689,3,2.8559593,2.09572093,0.71261483,0.72448848,1.08198139,0.000553402973
27,0.256226,2879,3,3.42175777,4.76748823,0.5014372,0.73486911,1.7567751,0.000466234752
27,0.256226,3719,3,3.09410806,0.36649749,0.70214621,0.75141943,0.19336638,0.000565542333
27,0.256226,3712,3,3.42175777,1.08621728,0.68267207,0.52238059,0.38736098,0.000402835746
27,0.256226,2669,3,3.15643056,0.34513882,0.8195197,0.89511643,0.25318195,0.000302947456
27,0.256226,2677,3,3.17407669,0.96419687,0.81773838,0.89093396,0.70246649,0.000732639554
27,0.256226,1892,3,2.99152846,1.3945758,0.73668257,0.53251492,0.54708436,0.000377072577
27,0.256226,1979,3,3.42175777,0.18414961,0.91416708,0.75833608,0.12766096,0.000783098025
27,0.256226,2646,3,3.09410806,0.8614653,0.66000981,0.785053,0.44636194,0.00055539826
27,0.256226,1795,3,3.42175777,1.21425241,0.80018277,0.59279631,0.57597504,0.000535825679
27,0.256226,624,3,3.42175777,0.45368781,0.60245398,0.80247481,0.21933725,0.000611692822
27,0.256226,258,3,3.15643056,3.34629655,0.62106728,0.69651823,1.44755663,0.000178648559
27,0.256226,474,3,3.31943223,0.56003991,0.62591955,0.84230312,0.29526087,0.000506756938
27,0.256226,43,3,3.09410806,0.76330622,0.78817006,0.77815135,0.46814761,0.000657414312
27,0.256226,2148,3,3.42175777,1.04338152,0.80323533,0.54091911,0.45333397,0.000486013759
27,0.256226,240,3,3.30477835,0.75975481,0.64020791,0.78091269,0.37983674,0.000600097435
27,0.256226,321,3,3.42175777,2.03797178,0.83836279,0.28359848,0.48454493,0.000219372736
27,0.256226,866,3,3.09410806,0.93418325,0.77495202,0.8072638,0.58441636,0.000670572033
27,0.256226,1266,3,3.17407669,0.44758052,0.91790406,0.59092318,0.2427725,0.000545454821
27,0.256226,1313,3,2.83651812,0.5269142,0.34477185,0.59205025,0.10755492,0.000218799089
27,0.256226,147,3,3.09410806,0.30296871,0.57137438,0.97564811,0.16889304,0.000597542931
27,0.256226,155,3,2.92908782,3.23135338,0.92977315,0.70190156,2.10881104,0.000699533242
27,0.256226,157,3,2.92591198,1.15762208,0.52924692,0.80094808,0.49071519,0.000508816234
27,0.256226,186,3,3.09410806,0.35650971,0.82016786,0.53606928,0.15674548,0.000471279784
27,0.256226,3706,3,3.09410806,0.87994288,0.68966256,0.93843151,0.56949998,0.00069373623
27,0.256226,1240,3,3.29958102,1.47056522,0.61274786,0.75654651,0.68171323,0.000760542838
27,0.256226,2297,3,3.09410806,0.83183431,0.53910522,0.60325427,0.2705271,0.000348601364
27,0.256226,31,3,2.77182087,1.16032422,0.34815321,0.87736353,0.35442907,0.00030717117
27,0.256226,234,3,2.95866985,1.39325458,0.957464,0.78542009,1.04774342,0.000310565238
27,0.256226,2190,3,3.42175777,3.8869532,0.35441429,0.76917908,1.05961474,0.000344918734
27,0.256226,239,3,3.00837622,0.69340499,0.7166308,0.50494165,0.25091327,0.000149439376
27,0.256226,12,3,2.72345745,6.64083516,0.85624612,0.42427654,2.41251674,0.000150029276
27,0.256226,14,3,2.63138413,6.82920557,0.4902082,0.79161794,2.65012515,0.000370428011
27,0.256226,13,3,2.87090892,3.38007183,0.8160289,0.72409732,1.99723153,0.000594200415
27,0.256226,15,3,3.15643056,0.83852602,0.47585298,0.34280763,0.13678542,6.7367689e-05
27,0.256226,254,3,3.42175777,1.09652877,0.66248556,0.68862216,0.50023888,0.000420924472
27,0.256226,93,3,3.42175777,0.4322347,0.88639282,0.95278892,0.36504176,0.000872823181
27,0.256226,8,3,3.09410806,0.51375145,0.90007722,0.35279882,0.16313981,0.000340378435
27,0.256226,7,3,2.6857837,2.21297739,0.8334005,0.91069398,1.67958969,0.000813544601
27,0.256226,9,3,2.9691749,3.30023968,0.90481827,0.74794587,2.233454,0.000725415238
27,0.256226,71,3,3.31943223,1.07081909,0.79725958,0.74299199,0.6343077,0.000569372723
27,0.256226,285,3,3.42175777,2.06802896,0.52324461,0.57198519,0.6189366,0.00030930924
27,0.256226,48,3,2.90235437,4.32215544,0.49920518,0.83743721,1.80688999,0.000685863329
27,0.256226,1277,4,3.67100986,0.74568594,0.85478285,0.65225019,0.41574398,7.8976316e-05
27,0.256226,994,4,3.38144649,2.50795452,0.75740476,0.869107,1.65090064,6.985764e-05
27,0.256226,995,4,3.36452511,1.10082172,0.76080105,0.45722374,0.38292777,1.0644639e-05
27,0.256226,1178,4,3.67100986,0.53635418,0.69432196,0.96780765,0.36041397,8.1898153e-05
27,0.256226,3492,4,3.53303895,0.09308495,0.27520268,0.20597122,0.00527641,8.087655e-06
27,0.256226,1182,4,3.56634383,2.93407831,0.69074439,0.42081473,0.85286444,4.3008077e-05
27,0.256226,118,4,3.56634383,0.34058512,0.86473238,0.89420922,0.26335801,0.000114409632
27,0.256226,126,4,3.334103,0.45572974,0.5476084,0.66661269,0.16636082,6.057314e-05
27,0.256226,148,4,3.67100986,0.06075343,0.53451417,0.57878239,0.01879513,4.1482864e-05
27,0.256226,184,4,3.29043937,0.86254312,0.61738186,0.63812922,0.3398156,2.9766061e-05
27,0.256226,171,4,3.51090724,3.03980254,0.78295994,0.40888428,0.97316243,4.4785001e-05
27,0.256226,169,4,3.48495722,1.92755575,0.86634722,0.7390176,1.23410957,7.7595184e-05
27,0.256226,3658,4,3.95110554,1.45364736,0.69002625,0.8593089,0.86193395,3.740786e-05
27,0.256226,3664,4,3.73865906,0.17441543,0.62301472,0.64953246,0.07058039,6.0470641e-05
27,0.256226,750,4,3.48495722,1.79372254,0.85188586,0.38971392,0.59550114,4.0236049e-05
27,0.256226,3023,4,3.95110554,2.68881135,0.37362461,0.58156492,0.58424365,2.3747191e-05
27,0.256226,755,4,3.38144649,0.69327976,0.43608867,0.69388887,0.20978442,3.2112739e-05
27,0.256226,1402,4,3.95110554,0.45479273,0.88794495,0.62896167,0.25399416,2.4988945e-05
27,0.256226,810,4,3.95110554,0.48671595,0.55483764,0.78391157,0.21169401,3.7341539e-05
27,0.256226,820,4,3.86282786,0.70594677,0.78040779,0.73922406,0.40725802,6.699608e-05
27,0.256226,3138,4,3.84578258,0.27250272,0.41425413,0.70391556,0.07946177,4.5234119e-05
27,0.256226,1416,4,3.67100986,5.45132816,0.69450375,0.74122348,2.80624825,4.9483182e-05
27,0.256226,3130,4,3.51090724,0.73565856,0.59793355,0.61555736,0.27076825,5.1488955e-05
27,0.256226,853,4,3.36452511,0.48654873,0.81304958,0.82457378,0.32619169,2.0515288e-05
27,0.256226,844,4,3.334103,0.6216563,0.88309091,0.79485207,0.43635712,0.000116473772
27,0.256226,833,4,3.95110554,1.34356343,0.67015316,0.79727592,0.71786188,2.3906743e-05
27,0.256226,840,4,3.36452511,0.23752613,0.67607107,0.43563187,0.06995575,9.012454e-06
27,0.256226,1261,4,3.38144649,2.56878548,0.63017548,0.76828807,1.24369368,5.1380487e-05
27,0.256226,3947,4,3.84578258,0.11076529,0.80035063,0.5865611,0.05199927,7.2823622e-05
27,0.256226,2233,4,3.29043937,0.06713476,0.92417622,0.52078445,0.03231173,3.6364001e-05
27,0.256226,2263,4,3.95110554,3.04570058,0.41543616,0.79450438,1.00528176,1.4768565e-05
27,0.256226,2270,4,3.95110554,5.5079145,0.93894185,0.57098921,2.95293433,2.3988567e-05
27,0.256226,125,4,3.13867632,1.36848122,0.8562426,0.74460025,0.87248678,4.8170248e-05
27,0.256226,1131,4,3.56634383,0.31741975,0.81029801,0.96037518,0.24701291,0.000115140317
27,0.256226,1122,4,3.56634383,0.26650709,0.57603966,0.67068969,0.10296338,5.7163096e-05
27,0.256226,61,4,3.334103,0.54891081,0.56444099,0.83698768,0.25932202,7.8392411e-05
27,0.256226,60,4,3.03151185,0.33348054,0.77633039,0.82348525,0.21319299,4.8301573e-05
27,0.256226,53,4,3.13867632,5.39907299,0.4750987,0.64562283,1.65608231,2.3175098e-05
27,0.256226,56,4,3.45981247,1.01907947,0.64149737,0.94029805,0.61470744,3.3631294e-05
27,0.256226,52,4,3.08117813,6.75453464,0.84896788,0.80840198,4.63568655,7.2833513e-05
27,0.256226,1064,4,3.55760257,1.7802373,0.70782864,0.63888292,0.80505824,2.8645559e-05
27,0.256226,116,4,3.40379196,2.53289712,0.80827588,0.91744603,1.8782686,4.6459619e-05
27,0.256226,114,4,3.56634383,0.90077027,0.87447857,0.48545023,0.38239123,6.2810984e-05
27,0.256226,2276,4,3.36452511,2.39810497,0.84938742,0.72427006,1.47528032,1.8825106e-05
27,0.256226,32,4,3.36452511,12.643785,0.68457198,0.83743962,7.24852639,1.7542993e-05
27,0.256226,35,4,3.334103,2.6491042,0.51863414,0.32218464,0.4426546,2.7726966e-05
27,0.256226,28,4,3.14427561,8.84710204,0.71754305,0.78610095,4.99030764,3.1449189e-05
27,0.256226,29,4,3.36452511,0.52056858,0.43269315,0.77198707,0.17388735,1.0221652e-05
27,0.256226,27,4,3.14078218,0.60550977,0.79767531,0.88317868,0.42657548,2.1557867e-05
27,0.256226,1975,4,3.51090724,1.60248298,0.5861224,0.38669749,0.36320607,3.1706792e-05
27,0.256226,2619,4,3.36452511,0.13489916,0.49650369,0.78769264,0.05275802,1.196769e-05
27,0.256226,509,4,3.29043937,0.54971984,0.7169944,0.89659009,0.35338744,4.8570052e-05
27,0.256226,508,4,3.86282786,3.1331155,0.54743603,0.86965081,1.49160795,4.9207696e-05
27,0.256226,1876,4,3.29043937,0.81368551,0.57128298,0.52163969,0.24248144,2.2515458e-05
27,0.256226,528,4,3.51090724,0.68745199,0.82244993,0.70431197,0.39821435,8.103398e-05
27,0.256226,545,4,3.40379196,2.86331621,0.94080367,0.89292644,2.40538169,5.2632038e-05
27,0.256226,553,4,3.29043937,1.0291802,0.76874948,0.9277743,0.73403809,5.3887252e-05
27,0.256226,522,4,3.67100986,0.70576656,0.84012709,0.54773298,0.3247693,6.1703256e-05
27,0.256226,2712,4,3.67100986,2.08141602,0.50987319,0.54471736,0.57808577,1.9281929e-05
27,0.256226,201,4,3.38144649,2.25162626,0.73553281,0.85294827,1.41260601,6.6579016e-05
27,0.256226,189,4,3.29043937,0.57541307,0.80248431,0.79320754,0.36627148,4.8093043e-05
27,0.256226,2201,4,3.29043937,0.14114469,0.96741013,0.48972944,0.06687001,3.5795276e-05
27,0.256226,211,4,3.20219896,0.33386069,0.65436129,0.53869871,0.11768709,1.9653808e-05
27,0.256226,221,4,3.36452511,0.48630572,0.60486245,0.59691765,0.17558218,1.1048469e-05
27,0.256226,596,4,3.10853697,3.69007623,0.66705853,0.80399926,1.97904162,5.6915718e-05
27,0.256226,638,4,3.38144649,0.62628991,0.85092341,0.77941894,0.41537164,7.0384018e-05
27,0.256226,660,4,3.10930054,1.92125379,0.22962142,0.9525446,0.42022554,1.3703554e-05
27,0.256226,1796,4,3.38144649,2.66881775,0.88932797,0.47989441,1.13900744,4.5291872e-05
27,0.256226,1750,4,3.334103,1.33387793,0.84675798,0.86688164,0.97911836,0.000121802309
27,0.256226,759,4,3.95110554,0.59115852,0.61561932,0.82256381,0.2993545,3.1946978e-05
27,0.256226,765,4,3.59904658,2.74927963,0.94210847,0.72285939,1.8722923,2.075749e-05
27,0.256226,1549,4,3.72368938,0.58960549,0.47809465,0.87381017,0.24631593,1.5222485e-05
27,0.256226,188,4,3.95110554,0.69077877,0.82537005,0.62537922,0.35655878,9.1891106e-05
27,0.256226,694,4,3.38144649,0.2415317,0.84060713,0.84002124,0.17055226,7.4936942e-05
27,0.256226,691,4,3.51090724,0.37142363,0.80261449,0.79623382,0.23736525,8.9400561e-05
27,0.256226,2980,4,3.67100986,0.41085392,0.72763904,0.5716243,0.170889,4.7117934e-05
27,0.256226,3723,4,3.67100986,1.79713776,0.93719098,0.82102207,1.38281569,7.3963386e-05
27,0.256226,721,4,3.72368938,0.19123062,0.66782523,0.73499786,0.09386557,1.7885598e-05
27,0.256226,2822,4,3.40379196,0.10176195,0.82322515,0.22623202,0.01895213,1.1668316e-05
27,0.256226,682,4,3.45981247,1.90962208,0.8659625,0.88268325,1.45965896,4.2617418e-05
27,0.256226,1701,4,3.72368938,0.80559147,0.87501537,0.66164182,0.46639457,7.955094e-06
27,0.256226,302,4,3.08286122,3.80129819,0.61500603,0.68840626,1.60937082,7.0252308e-05
27,0.256226,2446,4,3.1893223,1.49529561,0.87859102,0.71000156,0.93276688,8.7264718e-05
27,0.256226,340,4,3.09708575,1.05497596,0.35833249,0.78286429,0.29594788,2.9770443e-05
27,0.256226,346,4,3.05477452,0.66561984,0.81447921,0.70472063,0.38205268,4.3366648e-05
27,0.256226,2492,4,3.26011214,0.16224942,0.75997028,0.76495044,0.09432202,8.6014492e-05
27,0.256226,2062,4,3.51090724,2.19361568,0.75337542,0.86755031,1.43372765,9.1432111e-05
27,0.256226,380,4,3.51090724,9.42057672,0.48859449,0.88007683,4.0508545,6.0153622e-05
27,0.256226,2468,4,3.72368938,0.30044499,0.50231926,0.82737221,0.12486644,1.5143816e-05
27,0.256226,359,4,3.48495722,8.21530316,0.58236306,0.61904473,2.96168894,4.3692193e-05
27,0.256226,350,4,3.29043937,0.86171434,0.65545457,0.38127137,0.21534764,1.8881464e-05
27,0.256226,427,4,3.38144649,5.76471144,0.74179429,0.93911008,4.01585076,7.3928624e-05
27,0.256226,360,4,3.85024268,0.45596953,0.88354861,0.6524083,0.26283655,7.0554829e-05
27,0.256226,414,4,3.36452511,0.87230985,0.52853117,0.71178945,0.32816551,1.1512065e-05
27,0.256226,241,4,3.21509098,0.81772697,0.6203638,0.77686735,0.39409565,3.0528201e-05
27,0.256226,246,4,3.55760257,0.84803959,0.67512023,0.7604306,0.43536833,3.2519855e-05
27,0.256226,395,4,3.187371,2.8243919,0.79397106,0.91807281,2.05876488,0.00010400284
27,0.256226,95,4,3.36452511,8.89833989,0.88487765,0.76422005,6.01742436,2.0693441e-05
27,0.256226,94,4,3.67100986,0.42673489,0.69351987,0.79742318,0.23599669,7.8338386e-05
27,0.256226,90,4,3.51090724,1.08674901,0.92332952,0.64427939,0.64648762,8.321921e-05
27,0.256226,87,4,3.51090724,2.88261254,0.20822883,0.53347693,0.32021581,1.5539933e-05
27,0.256226,84,4,3.17246793,0.63467815,0.90097355,0.77014046,0.44038806,9.7067672e-05
27,0.256226,46,4,3.38144649,0.96140275,0.90777124,0.9339159,0.81505994,8.9969813e-05
27,0.256226,2145,4,3.45981247,0.19685126,0.93185046,0.64445207,0.11821567,3.3482664e-05
27,0.256226,106,4,3.334103,1.69797858,0.40223995,0.91349065,0.62390938,6.0971337e-05
27,0.256226,76,4,3.29043937,1.3386536,0.84050737,0.92496537,1.04072313,5.8738907e-05
27,0.256226,442,4,3.38144649,1.47436677,0.54977739,0.4637679,0.37591798,2.705828e-05
27,0.256226,2538,4,3.56634383,1.56037971,0.69215718,0.59875198,0.64666892,6.1318767e-05
27,0.256226,494,4,3.53303895,3.82405496,0.72955043,0.84412778,2.35498223,8.7867225e-05
27,0.256226,2372,4,3.36452511,1.0494244,0.9291118,0.95754657,0.93363911,2.7224439e-05
27,0.256226,2044,4,3.53303895,1.47933855,0.71424268,0.66597708,0.70367587,6.7868537e-05
27,0.256226,486,4,3.26819005,1.4451876,0.95600655,0.62062414,0.85745978,1.808463e-05
27,0.256226,477,4,3.86282786,5.63359107,0.53195842,0.71796892,2.15163522,3.9476449e-05
27,0.256226,79,4,3.29043937,3.78416571,0.65728745,0.67272994,1.67327084,3.3408345e-05
27,0.256226,77,4,3.67100986,1.93348072,0.73358874,0.9100425,1.2907858,4.6348045e-05
27,0.256226,81,4,3.48495722,0.19280514,0.85131865,0.75949547,0.12466253,7.8361968e-05
27,0.256226,100,4,3.56634383,0.17387058,0.6601699,0.62350336,0.07156829,6.0902657e-05
27,0.256226,66,4,3.29043937,2.29507368,0.7290475,0.63593365,1.06405546,3.50289e-05
27,0.256226,72,4,3.51090724,1.20925492,0.57815997,0.5581108,0.39019914,4.513995e-05
27,0.256226,73,4,3.48495722,0.9730525,0.48080895,0.72624393,0.33977493,4.2319747e-05
27,0.256226,16,4,3.04027116,0.32436535,0.52664294,0.52039539,0.0888964,4.5476405e-05
27,0.256226,19,4,3.29043937,1.97141917,0.5819495,0.87058502,0.99879295,3.827854e-05
27,0.256226,18,4,3.48495722,7.80152668,0.69386582,0.98114955,5.31117123,8.2508502e-05
27,0.256226,17,4,3.36452511,3.05543852,0.7101929,0.88363139,1.91743659,1.9203417e-05
27,0.256226,22,4,3.05698249,0.10653944,0.88993424,0.92993448,0.08816996,2.5324526e-05
27,0.256226,42,5,3.90164555,12.64784462,0.71554631,0.59946381,5.42521858,1.534827e-06
27,0.256226,45,5,3.71339169,0.70798975,0.47374231,0.5810887,0.19489988,1.765831e-06
27,0.256226,288,5,3.90164555,3.870014,0.44521114,0.68145485,1.17412854,1.188329e-06
27,0.256226,290,5,3.6601185,0.14552185,0.78661219,0.61283854,0.07015117,7.161319e-06
27,0.256226,274,5,3.90164555,0.14231604,0.77981618,0.68933777,0.07650295,1.923459e-06
27,0.256226,1099,5,4.0059625,2.44544955,0.34288704,0.67964239,0.56988896,3.921799e-06
27,0.256226,1113,5,3.66153548,1.85885251,0.81794605,0.43819002,0.6662421,5.135737e-06
27,0.256226,1115,5,4.41747029,0.71802336,0.50341768,0.87882715,0.31766583,8.292022e-06
27,0.256226,103,5,4.07696175,0.19844264,0.73499752,0.56941537,0.08305199,5.198839e-06
27,0.256226,107,5,3.71043414,6.86085772,0.36307489,0.53320849,1.3282251,8.51244e-07
27,0.256226,88,5,4.0059625,0.39569709,0.84338706,0.72822077,0.24302607,1.0335792e-05
27,0.256226,89,5,3.87544211,0.86618132,0.62430336,0.78686189,0.42550336,2.778124e-06
27,0.256226,92,5,3.87544211,0.72484174,0.5654543,0.90671237,0.37162956,2.899509e-06
27,0.256226,49,5,3.90164555,1.95584283,0.82544752,0.7415189,1.19714194,2.190133e-06
27,0.256226,50,5,3.90164555,0.55940945,0.18391343,0.89100279,0.09166896,6.41839e-07
27,0.256226,85,5,3.91624682,2.99171066,0.56375923,0.78940391,1.33141218,8.166666e-06
28,0.441747,0,0,0.0,0.94068649,0.81989196,0.69319806,0.53463683,0.568347512331
28,0.441747,66,1,1.25391724,5.29657989,0.79524915,0.58331845,2.45699603,0.08078067222
28,0.441747,98,1,1.50457271,0.53747333,0.35801932,0.87540066,0.1684497,0.054577277064
28,0.441747,90,1,1.30151182,0.75753912,0.82045805,0.85529554,0.53159104,0.122199977597
28,0.441747,1,1,1.28369068,0.27302446,0.81074511,0.83354691,0.18450831,0.117682780169
28,0.441747,175,2,1.49941788,1.33151424,0.58880684,0.85358325,0.66921328,0.018818041896
28,0.441747,685,2,1.95858303,0.83093989,0.44136607,0.70994242,0.26037044,0.007755576874
28,0.441747,1893,2,2.12778714,1.02993572,0.41179245,0.9265582,0.39297164,0.006380394371
28,0.441747,1390,2,1.75302213,2.65645019,0.53238065,0.45882371,0.64888807,0.00604588871
28,0.441747,71,2,1.52403022,1.28479453,0.95042652,0.78135478,0.95411451,0.018380565045
28,0.441747,2,2,1.97777673,1.17678191,0.43250198,0.90171191,0.45893574,0.014062203923
28,0.441747,803,2,1.95858303,3.32779715,0.8906722,0.71694953,2.12502151,0.015805146282
28,0.441747,1891,2,2.12778714,0.70761906,0.32137488,0.90842064,0.20658484,0.004881972797
28,0.441747,464,2,1.98938987,1.30553459,0.90983689,0.47683061,0.56639062,0.016243640362
28,0.441747,3514,2,1.95858303,0.93978104,0.40692459,0.56385975,0.21563126,0.005679067994
28,0.441747,373,2,1.69876245,1.63261926,0.67027616,0.50506484,0.55269537,0.008379014556
28,0.441747,131,2,1.63849182,2.28934108,0.49235794,0.91682298,1.0334202,0.011172708748
28,0.441747,3,2,1.43665199,0.58925207,0.54990024,0.49213806,0.15946742,0.009758169348
28,0.441747,198,3,1.76294061,0.53150447,0.58038636,0.61285837,0.18905329,0.001063482245
28,0.441747,930,3,2.48502311,0.69357607,0.48435746,0.93394247,0.31374746,0.001949054952
28,0.441747,886,3,2.22449871,0.40530252,0.81486356,0.73533433,0.24285612,0.002051222595
28,0.441747,2092,3,2.22449871,1.08209448,0.7493482,0.64068923,0.51951282,0.001643516772
28,0.441747,330,3,2.22449871,0.28574538,0.50108999,0.60996078,0.08733672,0.001046310757
28,0.441747,358,3,1.85668931,1.29529208,0.70529653,0.85309757,0.77936009,0.003388549873
28,0.441747,423,3,1.80290533,2.09119737,0.53321999,0.68246371,0.76099361,0.000934250854
28,0.441747,3547,3,2.14158987,0.31167882,0.56223152,0.25569055,0.0448061,0.000809605227
28,0.441747,1714,3,2.49427567,0.4921821,0.67036922,0.64967846,0.21435734,0.002167606634
28,0.441747,9,3,1.71758978,5.36036851,0.86022648,0.82297903,3.79486409,0.002116676568
28,0.441747,153,3,1.84379933,0.36733946,0.83483698,0.6708009,0.20571355,0.001674357684
28,0.441747,1741,3,2.46977459,0.34259034,0.8578842,0.82626926,0.24284288,0.001684414399
28,0.441747,179,3,1.74592002,5.77522425,0.72986833,0.49949454,2.10544604,0.002102007522
28,0.441747,3950,3,2.60599638,0.40416619,0.93533776,0.88633081,0.33506132,0.001620676775
28,0.441747,115,3,1.79697883,1.50180113,0.58274258,0.71994401,0.63006869,0.001254377907
28,0.441747,114,3,1.9667034,0.54559082,0.59092714,0.84648137,0.27290934,0.00281705142
28,0.441747,2200,3,1.92612025,2.91417304,0.77326636,0.52898446,1.1920305,0.001400280626
28,0.441747,234,3,2.22449871,2.28400733,0.85070034,0.9329853,1.81279585,0.002717030133
28,0.441747,1541,3,2.49427567,1.8369371,0.74914724,0.67148622,0.9240566,0.002503642001
28,0.441747,2461,3,2.46977459,1.07945859,0.7743075,0.64421083,0.53845259,0.002415597517
28,0.441747,319,3,1.79773629,4.4388252,0.8305667,0.9830444,3.62422952,0.004707676963
28,0.441747,654,3,2.49427567,0.16372218,0.69780432,0.75250468,0.08597068,0.002613429522
28,0.441747,4,3,1.89656987,1.77803682,0.58962947,0.82981294,0.8699617,0.001462892141
28,0.441747,5,3,1.57973511,12.1822075,0.95918436,0.49565629,5.79173535,0.001421463261
28,0.441747,126,3,1.85498728,1.38101833,0.86009564,0.82682916,0.98211417,0.004005031758
28,0.441747,1619,3,1.85292467,0.69866511,0.20533773,0.69631471,0.09989492,0.000824391175
28,0.441747,1232,4,2.34368769,0.10837256,0.67086811,0.63694172,0.04630802,0.000164228987
28,0.441747,191,4,1.9377173,0.81778547,0.89774681,0.88807694,0.65199438,0.000306420227
28,0.441747,2877,4,2.68554157,0.11533264,0.92571563,0.84052844,0.08973921,0.00064775241
28,0.441747,87,4,2.04790666,1.01087022,0.48614415,0.96434964,0.47390904,0.000304045556
28,0.441747,3500,4,2.05669342,13.89274053,0.59714758,0.87926267,7.29437744,0.000171086256
28,0.441747,922,4,2.3482348,0.88190636,0.64234819,0.66165309,0.3748205,0.000121660313
28,0.441747,390,4,2.05153026,0.56874813,0.78152636,0.60781831,0.27017017,0.000305939989
28,0.441747,3020,4,2.05153026,5.55319081,0.94501604,0.48630359,2.55205045,0.000295982134
28,0.441747,474,4,2.18158247,1.14897254,0.88589049,0.67978535,0.69192893,0.000262284154
28,0.441747,1425,4,2.18158247,0.08929504,0.75803804,0.88556732,0.0599432,0.000292369991
28,0.441747,2605,4,2.18158247,0.11528512,0.63859065,0.70398581,0.05182743,0.000195797288
28,0.441747,471,4,2.18158247,1.16775041,0.71927515,0.85866872,0.72122493,0.000268992957
28,0.441747,164,4,2.18158247,0.82599684,0.66084738,0.74136907,0.40468213,0.000213381051
28,0.441747,60,4,2.18158247,0.3361819,0.67425856,0.5600847,0.12695637,0.000164475187
28,0.441747,10,4,2.18158247,1.00380028,0.83594674,0.83603946,0.70154042,0.000304386647
28,0.441747,17,4,2.07806001,3.40549887,0.83982451,0.58579089,1.67537451,0.00021426507
28,0.441747,29,4,1.92555485,1.40930823,0.88239965,0.79140242,0.98416675,0.000304146563
28,0.441747,22,4,2.0571919,0.39512109,0.78081633,0.96323713,0.29717502,0.000487776837
28,0.441747,21,4,1.94845673,8.85472592,0.74329744,0.68282524,4.49414753,0.000221050964
28,0.441747,32,4,2.18158247,0.74728967,0.75849547,0.45123827,0.255769,0.000149066184
28,0.441747,1875,4,2.31769252,2.03504957,0.77877816,0.78084574,1.23752506,0.000198149885
28,0.441747,1488,4,2.08888751,0.36029127,0.8279043,0.45247958,0.13496864,0.000459694873
28,0.441747,893,4,2.3442685,1.43003028,0.92656552,0.86588125,1.14730716,0.001157246024
28,0.441747,1894,4,2.28338646,3.07845585,0.4964379,0.83506038,1.27619118,0.000268857331
28,0.441747,1778,4,2.91292811,2.09072583,0.55267784,0.86615467,1.00083985,0.000367218291
28,0.441747,1256,4,2.30477239,0.60195466,0.73628,0.84010081,0.37233871,0.00039837607
28,0.441747,1513,4,2.18158247,2.40780278,0.85326506,0.80093148,1.64550892,0.000297645651
28,0.441747,1730,4,2.28338646,0.63176307,0.68968727,0.83923843,0.36567209,0.00037538477
28,0.441747,215,4,2.03752858,0.74680984,0.44345284,0.63050052,0.20880598,0.000121773588
28,0.441747,355,4,2.30477239,1.53291829,0.78829756,0.80925745,0.97790326,0.000410861766
28,0.441747,3778,4,2.05163492,2.07357173,0.53461139,0.7000675,0.77606337,0.000539845331
28,0.441747,1557,4,2.3442685,0.07868461,0.84319895,0.4196684,0.02784365,0.000510419849
28,0.441747,2061,4,2.3482348,0.86322981,0.78620387,0.65109684,0.4418829,0.000146530773
28,0.441747,2985,4,2.28338646,0.21938526,0.78226469,0.63728431,0.10936904,0.00032331513
28,0.441747,201,4,2.42089164,3.4723412,0.95050555,0.76867689,2.53700239,0.000327487978
28,0.441747,209,4,2.18158247,2.32051387,0.75686479,0.8159326,1.43303486,0.00026896316
28,0.441747,482,4,2.30477239,1.9830495,0.65606669,0.48370217,0.62930268,0.000204383044
28,0.441747,365,4,2.28338646,0.75253833,0.93043178,0.71146764,0.49815938,0.000429317666
28,0.441747,12,4,2.18158247,5.18651143,0.92577939,0.86985081,4.17664553,0.000350729657
28,0.441747,11,4,2.00119032,1.42019406,0.82888501,0.38503061,0.4532494,0.000138998388
28,0.441747,1539,4,1.95986211,3.45887224,0.8477467,0.44316505,1.29946962,0.000163625814
28,0.441747,2415,4,2.38845491,11.95424374,0.62724139,0.59073747,4.42946565,0.00045469457
28,0.441747,289,4,2.18158247,2.97392741,0.5974065,0.67287315,1.19545575,0.000175074685
28,0.441747,2941,4,2.30477239,0.57084896,0.49655772,0.9655436,0.27369247,0.000308788039
28,0.441747,316,4,2.37977625,4.00284345,0.7814043,0.86749075,2.71337148,0.000347755064
28,0.441747,305,4,2.38845491,2.83184676,0.77459807,0.81797297,1.79425891,0.00077750985
28,0.441747,253,4,2.30477239,1.51334061,0.73670998,0.60384794,0.67322593,0.000286512111
28,0.441747,255,4,2.03918499,1.64580951,0.73599931,0.92918854,1.12553969,0.000443527266
28,0.441747,257,4,2.28338646,0.777294,0.49656714,0.87461007,0.33758082,0.000281664114
28,0.441747,303,4,2.28338646,9.07301616,0.5375984,0.54781555,2.67204648,0.000190999134
28,0.441747,1577,4,2.18158247,0.31752885,0.46892113,0.32483785,0.04836705,6.6341708e-05
28,0.441747,813,4,2.3442685,2.50557852,0.44717602,0.44695206,0.50078057,0.000288290733
28,0.441747,1760,4,2.06370783,0.80054534,0.80041137,0.94320827,0.60437541,0.001088960372
28,0.441747,1815,4,2.91292811,65.74204564,0.94149632,0.9114039,56.41215949,0.000658243096
28,0.441747,633,4,1.83808856,0.6061171,0.74618632,0.67930263,0.30723247,0.000220765291
28,0.441747,1036,4,2.34368769,1.20918419,0.64024879,0.61230759,0.4740355,0.000150671592
28,0.441747,2371,4,2.18158247,15.35597676,0.71428306,0.47236225,5.18111196,0.000146948698
28,0.441747,2204,4,2.68554157,1.99864098,0.39030006,0.76459525,0.59643759,9.5669935e-05
28,0.441747,240,4,2.18158247,0.96186891,0.8818989,0.48368623,0.41029706,0.000185781615
28,0.441747,2717,4,2.28338646,1.73759806,0.72688802,0.8703686,1.09930967,0.000410307826
28,0.441747,590,4,2.28338646,0.22920399,0.80482753,0.43711189,0.08063389,0.000228157379
28,0.441747,562,4,2.01802264,1.66823079,0.63943073,0.71762229,0.76550064,0.000131352245
28,0.441747,2699,4,1.98303796,1.18262512,0.58349673,0.56000668,0.38643702,0.000142315381
28,0.441747,2691,4,2.18158247,0.690952,0.52015975,0.58612153,0.21065525,0.000132783658
28,0.441747,2751,4,2.68554157,2.2048141,0.81259376,0.58674785,1.05122812,0.000240095325
28,0.441747,275,4,2.05117928,0.5525828,0.94777981,0.45638022,0.23901856,0.000278582032
28,0.441747,1056,4,2.28338646,0.44371774,0.37638365,0.79571968,0.13289163,0.000194236089
28,0.441747,2890,4,2.3442685,1.96561775,0.71587399,0.78859054,1.10965306,0.000814290516
28,0.441747,81,4,2.18158247,0.65259681,0.79915546,0.88008145,0.45898562,0.000306319291
28,0.441747,78,4,2.42089164,2.40582197,0.55558855,0.93801394,1.25379365,0.000233592803
28,0.441747,69,4,2.18158247,1.10471995,0.75093698,0.39661987,0.32902595,0.00012971738
28,0.441747,2820,4,2.3442685,0.1829206,0.82009916,0.94184757,0.14128941,0.001114136016
28,0.441747,717,4,2.28338646,1.15441446,0.4041784,0.69030827,0.32209051,0.000180948608
28,0.441747,726,4,2.30477239,1.02587928,0.84906523,0.58723011,0.5115,0.000321120636
28,0.441747,138,4,2.18158247,1.6685141,0.74313133,0.77278401,0.95819429,0.000250117403
28,0.441747,39,4,2.28338646,3.4487027,0.5086837,0.67787368,1.189193,0.000223632883
28,0.441747,796,4,2.30477239,0.76935828,0.78548232,0.77459405,0.4681006,0.000391858621
28,0.441747,42,4,2.18158247,0.75179132,0.86411172,0.48436855,0.31466116,0.000182291343
28,0.441747,2333,4,2.18158247,0.25891296,0.83006904,0.47777296,0.10268088,0.000172725315
28,0.441747,83,4,1.97848515,5.98819731,0.75491094,0.61139007,2.76382286,0.000201017707
28,0.441747,105,4,2.28338646,1.25306166,0.89510322,0.77872325,0.8734312,0.000452059223
28,0.441747,2015,4,2.05402895,0.32940178,0.83613981,0.61429229,0.16919203,0.000197408993
28,0.441747,3200,4,2.38977703,2.73096805,0.66648521,0.67805017,1.23415289,0.000469192218
28,0.441747,6,4,2.42089164,0.2731634,0.68798136,0.92274139,0.17341201,0.000284546699
28,0.441747,7,4,2.18158247,1.4800014,0.67713917,0.54904409,0.55023383,0.000161921818
28,0.441747,8,4,2.18158247,0.71076945,0.89089205,0.88836748,0.56253104,0.000344697353
28,0.441747,56,4,1.98303796,6.57219546,0.28445358,0.42546602,0.79540214,5.2710423e-05
28,0.441747,49,5,2.46175195,1.38853607,0.80455192,0.57524894,0.64263899,3.1346344e-05
28,0.441747,51,5,2.46175195,0.47131106,0.83466088,0.74696324,0.29384406,4.2226615e-05
28,0.441747,57,5,2.6501021,2.73948939,0.95083163,0.74315047,1.93575325,7.5934203e-05
28,0.441747,58,5,2.25807125,1.43724554,0.8301879,0.43675543,0.52112953,2.4557927e-05
28,0.441747,59,5,2.6501021,0.4960467,0.9686943,0.72614974,0.34892773,7.5590983e-05
28,0.441747,1204,5,2.78555809,7.42348906,0.86939951,0.75747308,4.88871437,5.8170373e-05
28,0.441747,1125,5,2.6501021,2.85867631,0.49310874,0.67122007,0.94617751,3.5568431e-05
28,0.441747,112,5,2.6501021,0.09829611,0.89433891,0.85054964,0.07477185,3.8334231e-05
28,0.441747,117,5,2.46175195,2.11232997,0.87335871,0.90063171,1.66150498,5.3274192e-05
28,0.441747,120,5,2.46175195,0.59982215,0.78448584,0.95288087,0.44837998,5.0629158e-05
28,0.441747,2357,5,2.46175195,0.79228799,0.96271297,0.51280237,0.39113792,3.3436733e-05
28,0.441747,2364,5,3.27854987,0.7669172,0.59866834,0.26515199,0.12173898,3.2014894e-05
28,0.441747,438,5,2.81550601,0.5786798,0.62827159,0.61602845,0.22396828,4.123882e-05
28,0.441747,2584,5,2.82284535,0.89485274,0.62010697,0.58848135,0.3265509,5.0839779e-05
28,0.441747,2589,5,2.82284535,0.32085276,0.64811956,0.94003509,0.19548119,0.00014514085
28,0.441747,92,5,2.85034303,13.04335095,0.87520727,0.88138034,10.06151678,5.5210071e-05
28,0.441747,102,5,2.48921244,1.525007,0.6337857,0.88935596,0.85958711,9.103306e-06
28,0.441747,85,5,2.73451874,3.49637987,0.62133185,0.84926833,1.84496085,3.6156699e-05
28,0.441747,86,5,2.6501021,0.75064563,0.68848221,0.44182213,0.2283364,3.2688671e-05
28,0.441747,152,5,2.48558696,0.20373755,0.71484522,0.65436553,0.09530233,2.8810535e-05
28,0.441747,742,5,2.44366539,0.80949402,0.59921973,0.664538,0.32234398,3.7108501e-05
28,0.441747,67,5,2.565555,2.36689997,0.7380208,0.72545364,1.26723795,3.51491e-05
28,0.441747,72,5,2.50369761,0.417799,0.78070872,0.44612976,0.1455183,1.4833532e-05
28,0.441747,74,5,2.46175195,0.77439576,0.75946962,0.48698215,0.28640884,2.5049579e-05
28,0.441747,79,5,2.44366539,3.47176519,0.67311813,0.9110233,2.1289777,5.7146318e-05
28,0.441747,136,5,2.48558696,0.65789713,0.88346292,0.74832915,0.43494965,4.071926e-05
28,0.441747,143,5,2.46175195,3.9864542,0.92622216,0.53555147,1.9774393,3.3596448e-05
28,0.441747,730,5,2.46175195,5.50550379,0.73471671,0.55275369,2.2358807,2.750607e-05
28,0.441747,735,5,2.6501021,3.15255179,0.93193255,0.6177935,1.81505607,4.7451866e-05
28,0.441747,40,5,2.23312846,5.39894271,0.64778207,0.84916451,2.96981554,5.1261138e-05
28,0.441747,43,5,2.50369761,0.64916741,0.86363006,0.99477875,0.55771325,3.6588835e-05
28,0.441747,2315,5,3.27854987,3.58755179,0.86949168,0.77693339,2.42352442,0.000136244854
28,0.441747,123,5,2.48921244,1.13183886,0.74978278,0.68064916,0.57762154,8.242137e-06
28,0.441747,785,5,2.6501021,4.00755905,0.69559829,0.68647711,1.91365876,3.9355918e-05
28,0.441747,1628,5,2.75240164,0.96122445,0.61275292,0.90730561,0.53439673,4.880525e-05
28,0.441747,2882,5,2.73451874,3.73471419,0.49483448,0.66467092,1.2283553,1.9247867e-05
28,0.441747,1294,5,2.45326056,1.11165361,0.72215019,0.64406824,0.51704566,4.366781e-05
28,0.441747,1805,5,2.6501021,8.17857589,0.72447288,0.87251402,5.16978202,5.7647258e-05
28,0.441747,1823,5,3.27854987,0.72073183,0.56522868,0.76283005,0.31076041,8.6960668e-05
28,0.441747,2730,5,3.27854987,6.78862509,0.8183395,0.49508547,2.75039782,8.1711762e-05
28,0.441747,2731,5,3.27854987,3.55717304,0.73493598,0.65961457,1.72442671,9.777113e-05
28,0.441747,769,5,2.6501021,0.78966033,0.67776364,0.68309593,0.36559503,3.8157986e-05
28,0.441747,778,5,2.53416938,0.31017738,0.85473582,0.74346608,0.19710752,8.6357082e-05
28,0.441747,1025,5,2.46175195,0.29057207,0.93554983,0.71076888,0.19321872,4.5037297e-05
28,0.441747,1047,5,2.7850693,5.82538385,0.6283024,0.79171172,2.89774615,2.2964222e-05
28,0.441747,619,5,2.85034303,0.0948562,0.61901888,0.76261614,0.04477913,4.7368521e-05
28,0.441747,626,5,2.565555,1.30265576,0.84187444,0.9408669,1.03182294,5.2000972e-05
28,0.441747,3922,5,2.73451874,2.36151318,0.53834546,0.78121617,0.99316784,2.4612076e-05
28,0.441747,224,5,2.565555,0.71765525,0.767517,0.68064377,0.37490717,3.4296028e-05
28,0.441747,243,5,2.73451874,0.72164937,0.70872772,0.65980253,0.33745793,3.2041559e-05
28,0.441747,2187,5,3.19107419,0.09648208,0.94750744,0.94765123,0.0866319,0.000181093159
28,0.441747,2192,5,2.47078905,0.17633816,0.55036581,0.87991101,0.0853958,2.4278765e-05
28,0.441747,2711,5,2.54119277,2.5549075,0.87995268,0.74228881,1.66881201,6.0849283e-05
28,0.441747,3718,5,3.27854987,2.6129708,0.84791664,0.38418745,0.85119858,6.570028e-05
28,0.441747,566,5,2.81550601,0.1926899,0.98088527,0.83130047,0.15712135,8.6882894e-05
28,0.441747,570,5,2.6501021,0.04350734,0.67678829,0.75450603,0.02221662,2.9067177e-05
28,0.441747,3757,5,2.73451874,0.57638468,0.64090922,0.90461283,0.33417325,4.7760154e-05
28,0.441747,2713,5,2.73451874,0.18951695,0.88659471,0.8997935,0.15118755,6.5716502e-05
28,0.441747,584,5,2.48921244,2.77682519,0.64289963,0.64374884,1.14923324,6.684066e-06
28,0.441747,598,5,2.85034303,1.14984061,0.55137368,0.85935055,0.54482124,3.3912548e-05
28,0.441747,1835,5,3.27854987,0.2309378,0.77079883,0.57828316,0.10293821,8.9898506e-05
28,0.441747,2708,5,3.27854987,0.19795184,0.32863978,0.87788385,0.0571106,5.8187283e-05
28,0.441747,2144,5,2.565555,2.24729031,0.83019549,0.76617696,1.42944889,4.1758549e-05
28,0.441747,2148,5,2.6501021,0.52578504,0.88282379,0.86243974,0.40032344,4.252589e-05
28,0.441747,2152,5,3.27854987,0.22688378,0.60725916,0.63894259,0.08803175,7.8254045e-05
28,0.441747,826,5,2.73451874,1.19575496,0.38296411,0.73782729,0.33787416,1.6535935e-05
28,0.441747,3586,5,2.73451874,0.53650716,0.66991563,0.56894215,0.20448608,2.6116108e-05
28,0.441747,1532,5,2.48921244,1.39652654,0.74724096,0.54396266,0.56764779,6.564639e-06
28,0.441747,2384,5,2.75240164,0.84909027,0.51789544,0.57945679,0.25481032,3.777839e-05
28,0.441747,248,5,2.85034303,0.11690385,0.60277099,0.78910735,0.05560544,4.7727464e-05
28,0.441747,263,5,2.6501021,3.58340695,0.91358543,0.88780794,2.90645977,4.0240015e-05
28,0.441747,3454,5,2.82284535,3.45501046,0.57634703,0.71655896,1.42687312,9.838445e-05
28,0.441747,3455,5,3.27854987,1.28634467,0.67526177,0.58187244,0.50542568,7.9244811e-05
28,0.441747,1021,5,2.25614355,1.08740082,0.5878425,0.48607709,0.3107104,1.759888e-05
28,0.441747,1314,5,2.7850693,3.97412801,0.6288096,0.84267316,2.10581482,2.446213e-05
28,0.441747,854,5,2.46175195,1.32397515,0.32738074,0.76934058,0.33346604,1.7058811e-05
28,0.441747,859,5,2.6501021,2.48928194,0.96339568,0.7291016,1.74850482,3.7679113e-05
28,0.441747,860,5,2.565555,0.95524601,0.8575297,0.58451179,0.47880389,3.290625e-05
28,0.441747,2960,5,3.19107419,1.82513602,0.81810517,0.93525737,1.39648255,0.000154316073
28,0.441747,2456,5,3.27854987,0.23773303,0.9556213,0.60701529,0.1379034,0.000116992047
28,0.441747,2463,5,2.46175195,0.47573207,0.73905438,0.57209652,0.20114448,2.8636681e-05
28,0.441747,2113,5,2.6501021,9.4219581,0.86194366,0.65354066,5.30753249,3.0217562e-05
28,0.441747,2123,5,2.31512648,0.92196475,0.83322393,0.88106074,0.67683359,4.8195172e-05
28,0.441747,2177,5,2.6501021,4.04722717,0.85435747,0.74126573,2.56313291,6.8056656e-05
28,0.441747,286,5,2.6501021,1.54080912,0.6509843,0.87291553,0.87557142,6.1066046e-05
28,0.441747,296,5,2.85034303,1.03518558,0.81858609,0.68337984,0.57908823,4.0037832e-05
28,0.441747,298,5,2.565555,1.38570282,0.62846775,0.73061205,0.63626777,3.014434e-05
28,0.441747,1873,5,3.27854987,2.81877016,0.86402888,0.67118535,1.63467112,0.000116961145
28,0.441747,1874,5,2.75240164,0.9179917,0.6338059,0.6732402,0.39171037,5.3716365e-05
29,0.761596,0,0,0.0,1.19509988,0.88140045,0.68935355,0.72613855,0.607596532494
29,0.761596,3,1,0.94349435,0.81356085,0.58755103,0.85497677,0.40868617,0.131957314034
29,0.761596,23,1,0.94527737,0.49255646,0.9318191,0.7029674,0.32264342,0.172068096617
29,0.761596,9,1,0.92827839,0.6250265,0.5505329,0.92724815,0.31906391,0.134095071934
29,0.761596,2,1,1.14587627,0.27457927,0.92115557,0.89921921,0.22743971,0.217586586881
29,0.761596,1,1,0.96180028,0.49478237,0.56843863,0.81103409,0.22810611,0.12110337793
29,0.761596,14,1,0.82822059,3.00146139,0.85379482,0.71316301,1.82757448,0.159946922293
29,0.761596,92,2,1.41385352,1.43270612,0.89858311,0.88249816,1.136133,0.054836057465
29,0.761596,2093,2,1.22373937,1.61214619,0.51394153,0.90682448,0.75134841,0.034670138798
29,0.761596,97,2,1.23453186,0.46685275,0.85498638,0.92524557,0.36931431,0.0547029031
29,0.761596,752,2,1.3445879,2.20008501,0.75810298,0.94249073,1.5719718,0.049408248101
29,0.761596,964,2,1.19128148,0.12247314,0.54870135,0.603068,0.04052688,0.022882131554
29,0.761596,1209,2,1.41385352,0.41945312,0.50716607,0.69698001,0.14827022,0.024443572482
29,0.761596,528,2,1.48545675,0.39165489,0.68768095,0.87920611,0.23679975,0.044977604725
29,0.761596,1261,2,1.29311086,1.21127168,0.79752127,0.53939456,0.5210632,0.022522851628
29,0.761596,473,2,1.41385352,0.07517658,0.76033226,0.58377836,0.03336829,0.03069344079
29,0.761596,140,2,1.2971159,1.16175422,0.78318629,0.99021036,0.90096268,0.05362739568
29,0.761596,37,2,1.22503453,1.76976195,0.8082471,0.85126578,1.21765479,0.04757770573
29,0.761596,166,2,1.23006785,3.20703883,0.98952835,0.47966441,1.52219383,0.032821611833
29,0.761596,11,2,1.03634332,3.07963156,0.38757627,0.89383218,1.06687103,0.020083724539
29,0.761596,18,2,1.23728969,1.19994829,0.40610529,0.81668834,0.39797659,0.019227644811
29,0.761596,21,2,0.97907266,2.92583316,0.40662804,0.72947991,0.86788108,0.020511849724
29,0.761596,209,2,1.2352312,1.56550774,0.38851274,0.78797477,0.47926178,0.016028471689
29,0.761596,4,2,0.96677891,4.18740272,0.83430639,0.75313713,2.63114245,0.035846881112
29,0.761596,116,2,1.27438714,1.13124832,0.70311644,0.81506967,0.64830584,0.039629277385
29,0.761596,2295,2,1.22178299,3.16742988,0.66299779,0.98272929,2.06373052,0.048469061338
29,0.761596,311,2,1.23123146,11.04224837,0.84952672,0.53004747,4.97220835,0.031137659995
29,0.761596,710,3,1.68110063,6.84876326,0.82507028,0.46623413,2.63455433,0.005458498398
29,0.761596,3703,3,1.68488236,3.10067505,0.888364,0.8421711,2.31978393,0.005184437864
29,0.761596,94,3,1.37995702,0.76055638,0.59843809,0.67961706,0.30932492,0.003531392857
29,0.761596,659,3,1.68195224,0.86618377,0.58121802,0.56509359,0.28449163,0.004421439613
29,0.761596,31,3,1.50718802,1.10324455,0.75484462,0.79276257,0.6601954,0.005306691089
29,0.761596,547,3,1.44811077,2.26041607,0.78958887,0.51342549,0.9163615,0.005752500053
29,0.761596,1273,3,1.54500483,4.50467558,0.95960371,0.80900299,3.49707997,0.006740693459
29,0.761596,534,3,1.67742124,1.60783004,0.57077773,0.66482104,0.6101153,0.007805370943
29,0.761596,530,3,1.29540291,1.35211654,0.26319935,0.64855803,0.23080637,0.001513759091
29,0.761596,1200,3,1.68639207,1.13632262,0.83245728,0.8534034,0.80726844,0.005905554613
29,0.761596,1627,3,1.73076344,0.20101567,0.75370611,0.73307184,0.11106532,0.012810130553
29,0.761596,1358,3,1.73076344,1.79026247,0.4938748,0.56631166,0.50071325,0.006484512888
29,0.761596,548,3,1.42166872,3.8104469,0.72926916,0.85471735,2.37512396,0.010679349467
29,0.761596,1546,3,1.54500483,0.35179624,0.84333627,0.93649762,0.27784248,0.00685756591
29,0.761596,104,3,1.47325709,3.84666651,0.27183074,0.8862871,0.92673919,0.004955583122
29,0.761596,110,3,1.45546396,5.6752839,0.71639129,0.87939747,3.57538737,0.005236967499
29,0.761596,115,3,1.4992311,0.80993711,0.84621105,0.43852018,0.30055197,0.005750928036
29,0.761596,123,3,1.81989401,0.5435724,0.68253182,0.81798578,0.30347719,0.013235890243
29,0.761596,1585,3,1.68195224,0.55233935,0.7919278,0.71248203,0.31164882,0.007595629154
29,0.761596,1586,3,1.68488236,0.58040598,0.56466618,0.61630952,0.20198658,0.002411576477
29,0.761596,1660,3,1.54500483,2.26963959,0.64631086,0.55965104,0.82094803,0.003140662731
29,0.761596,3529,3,1.68110063,0.66579259,0.81357228,0.79946383,0.43304589,0.009229393232
29,0.761596,707,3,1.81989401,0.69113454,0.88193525,0.46246218,0.28188731,0.009669353263
29,0.761596,751,3,1.81989401,0.41223329,0.68212011,0.71219651,0.2002644,0.01151715451
29,0.761596,745,3,1.35757435,0.40672311,0.74738527,0.74999169,0.22798162,0.004970774818
29,0.761596,588,3,1.45398461,1.84238124,0.38166603,0.73367535,0.51590167,0.005759823903
29,0.761596,896,3,1.68195224,0.36156299,0.81553251,0.75391622,0.22230454,0.008276917305
29,0.761596,847,3,1.68110063,0.61010975,0.64451995,0.8269464,0.3251784,0.007562961759
29,0.761596,881,3,1.4992311,0.86409911,0.88023084,0.96217838,0.73183931,0.013125680473
29,0.761596,552,3,1.4992311,0.80004187,0.63505142,0.72067463,0.36615152,0.007092801114
29,0.761596,1021,3,1.4992311,7.14400897,0.89087615,0.74748411,4.7573082,0.010320219852
29,0.761596,1009,3,1.53619838,0.70799549,0.85087751,0.59214613,0.35671916,0.006782662271
29,0.761596,827,3,1.60473321,5.13301409,0.54756565,0.85697217,2.4086593,0.010023529002
29,0.761596,67,3,1.4992311,1.40810217,0.72237048,0.63044557,0.64127122,0.00705792822
29,0.761596,74,3,1.4992311,2.48991623,0.66163728,0.52251453,0.86080161,0.005357818414
29,0.761596,30,3,1.4629234,0.45107081,0.60931219,0.46681877,0.12830184,0.002364463123
29,0.761596,33,3,1.54500483,2.62962123,0.52694399,0.43145215,0.59784732,0.001974056706
29,0.761596,2518,3,1.50362178,2.26838572,0.91234659,0.80889916,1.67406048,0.017110363024
29,0.761596,2513,3,1.68195224,0.67583512,0.92493339,0.23765883,0.14856112,0.002959161512
29,0.761596,305,3,1.47488231,6.7898002,0.59010986,0.96455155,3.86469573,0.008076747292
29,0.761596,297,3,1.38264447,0.6084655,0.37257426,0.7525503,0.17060209,0.002434506388
29,0.761596,330,3,1.68195224,1.98750535,0.68585522,0.88523849,1.2067048,0.00817329142
29,0.761596,342,3,1.4992311,0.60723113,0.57222098,0.46917649,0.16302494,0.004160731315
29,0.761596,384,3,1.54500483,0.21127814,0.57648551,0.78493096,0.09560364,0.003929003253
29,0.761596,386,3,1.43468365,0.79541277,0.64116708,0.76627431,0.39079414,0.006613932082
29,0.761596,444,3,1.54500483,0.53666424,0.49584165,0.77565395,0.20640189,0.003339439223
29,0.761596,371,3,1.68639207,1.0963907,0.63060362,0.78202207,0.54068064,0.004099395701
29,0.761596,2237,3,1.32954219,4.29641366,0.79876386,0.91884873,3.15332338,0.011374493704
29,0.761596,377,3,1.68195224,0.73180103,0.75479531,0.8594236,0.4747112,0.008732542675
29,0.761596,429,3,1.68195224,1.27885499,0.42842683,0.60249327,0.33010353,0.00347482639
29,0.761596,3624,3,1.54500483,0.35320967,0.77594481,0.92746941,0.25419266,0.006248747292
29,0.761596,3635,3,1.54500483,2.5663999,0.6430037,0.92775806,1.53099064,0.005179773144
29,0.761596,136,3,1.09187867,1.54985969,0.97843418,0.93026567,1.41068808,0.008071638717
29,0.761596,221,3,1.67742124,4.06175351,0.80537316,0.81354498,2.66129054,0.013477225599
29,0.761596,197,3,1.67742124,1.34484236,0.61310796,0.78203449,0.64481368,0.009862445983
29,0.761596,2748,3,1.68195224,0.23465441,0.72527032,0.81837417,0.13927736,0.007990170923
29,0.761596,244,3,1.50718802,7.77694046,0.90552407,0.77053962,5.4262993,0.006187540776
29,0.761596,230,3,1.67742124,0.23223137,0.57934766,0.6287364,0.0845919,0.007492549804
29,0.761596,239,3,1.4992311,0.54888777,0.9232782,0.878986,0.44544911,0.012577206509
29,0.761596,3315,3,1.54500483,0.44615399,0.72540663,0.86642009,0.28041085,0.00545723394
29,0.761596,174,3,1.54500483,1.24044211,0.74572775,0.97964175,0.90620006,0.006343225052
29,0.761596,57,3,1.68639207,0.15367142,0.84617831,0.80231418,0.10432766,0.005643528508
29,0.761596,50,3,1.4992311,3.0597766,0.675669,0.79954919,1.65298495,0.008372378113
29,0.761596,287,3,1.67742124,0.62290928,0.9434232,0.71438533,0.41982074,0.013863115999
29,0.761596,2475,3,1.73076344,0.83862081,0.87628154,0.76710154,0.56371832,0.015584809496
29,0.761596,2668,3,1.7666208,0.49781378,0.8311994,0.86832477,0.35929761,0.015417187108
29,0.761596,2595,3,1.81989401,0.58469046,0.65332139,0.60288129,0.2302951,0.004162379184
29,0.761596,2582,3,1.67504809,0.87578681,0.42589882,0.80950355,0.30194205,0.007224504779
29,0.761596,267,3,1.4992311,3.19584762,0.74913928,0.66966491,1.60326818,0.007774809611
29,0.761596,3887,3,1.72776391,0.77198592,0.40232897,0.33099817,0.10280548,0.001296726995
29,0.761596,3923,3,1.40202861,4.64195529,0.78766813,0.76969885,2.81426547,0.005903448273
29,0.761596,735,3,1.4992311,1.09316813,0.48291476,0.43733554,0.23087251,0.003273067069
29,0.761596,190,3,1.67742124,4.99161267,0.72377846,0.69374044,2.50636051,0.010328195122
29,0.761596,40,3,1.15164969,1.27942529,0.61422586,0.66426725,0.52201847,0.006323253468
29,0.761596,42,3,1.4992311,0.96737373,0.64814246,0.67717794,0.42458785,0.006802098661
29,0.761596,8,3,1.4992311,0.17595579,0.53555664,0.89110581,0.08397272,0.007396126588
29,0.761596,5,3,1.4992311,1.11027619,0.83332313,0.47537303,0.43982408,0.006139282605
29,0.761596,12,3,1.4992311,3.88501532,0.72041797,0.6735574,1.88517594,0.00752018985
29,0.761596,10,3,1.4992311,0.62946227,0.61309472,0.76512014,0.29527516,0.007269873581
29,0.761596,6,3,1.4992311,1.75933843,0.88403337,0.76218483,1.18543665,0.010442358814
29,0.761596,15,3,1.54500483,1.90048661,0.95470608,0.60395557,1.09582068,0.005006534452
29,0.761596,20,3,1.4992311,2.96908902,0.72564356,0.61951179,1.33473835,0.006966948049
29,0.761596,16,3,1.17899002,6.58704116,0.3131913,0.89031541,1.83672423,0.004321387702
29,0.761596,26,3,1.50718802,1.90015375,0.63105001,0.98287111,1.17855293,0.005500262951
29,0.761596,32,4,1.88698869,0.5529203,0.79620864,0.76707499,0.33769703,0.001985691565
29,0.761596,24,4,1.64409547,1.30440696,0.48184207,0.42780042,0.26888033,0.000385112335
29,0.761596,25,4,1.88698869,0.92313938,0.78429769,0.88749742,0.6425624,0.002263055042
29,0.761596,13,4,1.88698869,0.60303311,0.70397077,0.75741216,0.32153485,0.002407153501
29,0.761596,7,4,1.88698869,0.43949645,0.95194896,0.53730487,0.22479664,0.00230914568
29,0.761596,730,4,1.82597217,2.67620854,0.68753904,0.80399308,1.47934554,0.002552188513
29,0.761596,3978,4,2.03761159,1.17048649,0.80970214,0.78029378,0.73951985,0.001416130839
29,0.761596,672,4,1.88698869,0.79101382,0.97768631,0.87535,0.67696364,0.003097764393
29,0.761596,673,4,1.88698869,1.21907691,0.842401,0.84753295,0.87037532,0.00215048448
29,0.761596,34,4,1.88698869,0.22494787,0.57504278,0.41882629,0.05417713,0.000783034988
29,0.761596,702,4,1.88698869,2.77739979,0.58609299,0.37604294,0.61212816,0.000994994887
29,0.761596,35,4,1.64409547,0.16125778,0.76959106,0.79398033,0.09853498,0.001141592915
29,0.761596,28,4,1.89331671,1.042327,0.55417509,0.71105193,0.4107261,0.000937022557
29,0.761596,3876,4,2.0314464,0.21862983,0.74747042,0.74503084,0.12175244,0.003244793297
29,0.761596,75,4,1.88698869,2.39004493,0.69827637,0.87859042,1.46629002,0.002220654138
29,0.761596,3879,4,1.86770186,1.36688082,0.89660976,0.79626068,0.97586419,0.002492949625
29,0.761596,70,4,1.21935868,3.8911545,0.48778884,0.74782398,1.41941609,0.000997218019
29,0.761596,60,4,1.92355721,1.06302718,0.77841453,0.9059218,0.74962837,0.001526360544
29,0.761596,179,4,1.36118257,0.95355378,0.55396316,0.8405896,0.44402773,0.001624968297
29,0.761596,3176,4,1.89331671,2.28774667,0.41986227,0.80287278,0.77119022,0.000901757852
29,0.761596,3189,4,1.86770186,3.51891243,0.68926598,0.91350761,2.21568221,0.002198638263
29,0.761596,167,4,1.85240594,0.25239163,0.8348026,0.87069877,0.18345378,0.001645697004
29,0.761596,169,4,1.88698869,0.23711154,0.45385087,0.78908985,0.08491655,0.001164358489
29,0.761596,170,4,1.77630537,3.53290303,0.85938761,0.88601797,2.69006848,0.001631340662
29,0.761596,171,4,1.24138514,1.95691503,0.68308332,0.95637149,1.27841623,0.001220511327
29,0.761596,2894,4,1.88698869,10.9273058,0.80408526,0.68156077,5.98852387,0.003109902638
29,0.761596,2903,4,1.72849805,1.32825502,0.79353536,0.97813664,1.03097296,0.00336360306
29,0.761596,2881,4,1.77630537,1.09082336,0.81900409,0.75964172,0.6786554,0.001332931783
29,0.761596,898,4,1.85240594,4.37387956,0.53065872,0.89510478,2.07757161,0.001075442852
29,0.761596,905,4,1.88698869,1.27004307,0.98263729,0.95128904,1.18720081,0.002748950637
29,0.761596,912,4,1.84663403,0.1930668,0.8877529,0.59027764,0.101171,0.001303236815
29,0.761596,920,4,1.85240594,2.13325806,0.75765802,0.83232452,1.34526954,0.001427789124
29,0.761596,927,4,1.72948002,0.20977389,0.67395142,0.45401375,0.06418729,0.000200250055
29,0.761596,609,4,1.92355721,0.27290712,0.74514709,0.92058395,0.18720622,0.000585441237
29,0.761596,625,4,1.86770186,0.42058651,0.82043355,0.43140673,0.14886262,0.001235905036
29,0.761596,629,4,1.92355721,7.0667578,0.73878509,0.68108845,3.555837,0.001379907691
29,0.761596,760,4,1.53330341,0.27267399,0.71113357,0.71833302,0.13929025,0.000779904314
29,0.761596,782,4,2.03448563,2.15298166,0.74142115,0.45385731,0.72447705,0.000794101044
29,0.761596,660,4,1.82597217,1.49887535,0.50235525,0.73177198,0.55100082,0.001697265565
29,0.761596,667,4,1.86770186,1.94286136,0.62221097,0.54268618,0.65603686,0.001179074371
29,0.761596,963,4,1.9718522,0.37597602,0.92062192,0.41027018,0.14200754,0.00163677956
29,0.761596,1064,4,1.86770186,0.56783847,0.75469675,0.43805215,0.18772543,0.001154391368
29,0.761596,1002,4,2.0314464,1.4384843,0.87437632,0.89329697,1.12356804,0.004681374495
29,0.761596,1006,4,2.03448563,1.81116398,0.87844093,0.81942882,1.30371173,0.001698694438
29,0.761596,585,4,1.88698869,5.74418394,0.8535766,0.43912086,2.15305392,0.000674240003
29,0.761596,589,4,1.35663774,1.04502706,0.9176777,0.61447772,0.58928292,0.001967778952
29,0.761596,593,4,1.92355721,0.33341084,0.48055915,0.59086204,0.09467006,0.00024233204
29,0.761596,596,4,1.88698869,0.59180268,0.7865587,0.88964872,0.4141204,0.002199352464
29,0.761596,1056,4,1.89331671,0.80297029,0.87696912,0.8553399,0.60231338,0.002006593417
29,0.761596,864,4,1.82597217,0.94591138,0.81492792,0.64337441,0.49594491,0.002420728366
29,0.761596,871,4,1.82597217,1.51060414,0.91385906,0.86606197,1.1955806,0.003654191188
29,0.761596,895,4,1.89331671,0.72339344,0.83486634,0.63665031,0.38449657,0.001421851547
29,0.761596,2984,4,1.64409547,0.94125296,0.86669234,0.69091926,0.56363586,0.001118751853
29,0.761596,2986,4,2.03448563,0.91236463,0.9032498,0.94950758,0.78248272,0.002023940659
29,0.761596,2994,4,1.88698869,1.17481161,0.67439068,0.92500551,0.73286522,0.002028163498
29,0.761596,218,4,1.64409547,1.74375059,0.73881549,0.71850092,0.92565188,0.000991755983
29,0.761596,2813,4,1.86770186,1.10238098,0.82709263,0.92524594,0.84361259,0.002672182476
29,0.761596,2752,4,1.88698869,1.78439025,0.46333317,0.79725713,0.65914603,0.001127164531
29,0.761596,2755,4,1.5559742,3.25908691,0.88843652,0.60015777,1.73775192,0.003944294523
29,0.761596,2724,4,1.92355721,0.65989541,0.41026745,0.90491451,0.24499077,0.001081925765
29,0.761596,258,4,2.0314464,4.34266093,0.73476841,0.85848472,2.73929605,0.003675376424
29,0.761596,260,4,1.88698869,0.29171553,0.875637,0.83802824,0.21406334,0.003990113275
29,0.761596,2824,4,1.86770186,0.63281443,0.76995953,0.41446134,0.20194277,0.00111431172
29,0.761596,2838,4,1.9718522,0.92016796,0.90453658,0.60537935,0.50387272,0.002372972301
29,0.761596,2804,4,1.85240594,0.6709716,0.62087378,0.91355413,0.38057631,0.001284209154
29,0.761596,2866,4,1.88698869,0.35297126,0.73410758,0.40662108,0.1053632,0.000899105084
29,0.761596,1122,4,1.88698869,2.24390489,0.80027406,0.78469289,1.40910354,0.003563514779
29,0.761596,1128,4,1.9718522,2.71026212,0.7210719,0.4583736,0.89579671,0.001432310235
29,0.761596,1139,4,1.89331671,0.50729824,0.77571486,0.33500499,0.13183076,0.000695167939
29,0.761596,1141,4,1.64409547,0.84837523,0.97484094,0.35385791,0.29265143,0.000644472183
29,0.761596,1142,4,2.0314464,0.61723803,0.7768396,0.65641103,0.31474577,0.001720755041
29,0.761596,1206,4,2.03448563,0.56198633,0.86479181,0.4416646,0.21464952,0.000901354491
29,0.761596,1153,4,1.86770186,3.46883444,0.74633031,0.71111577,1.84100499,0.001853216528
29,0.761596,553,4,1.82597217,9.65319527,0.76064832,0.91949561,6.75156824,0.003229212657
29,0.761596,942,4,1.85240594,2.29890856,0.55506369,0.72171481,0.92093746,0.000906998557
29,0.761596,1022,4,2.0314464,1.83389332,0.1925326,0.52118413,0.18402191,0.000584674627
29,0.761596,1267,4,1.68523058,0.72739513,0.45823287,0.47370693,0.15789427,0.000636523509
29,0.761596,1268,4,1.88698869,0.40076834,0.50601943,0.57997104,0.11761613,0.00088396353
29,0.761596,1269,4,1.88698869,8.76676188,0.87634631,0.94650561,7.27173702,0.001921344412
29,0.761596,1291,4,1.7957556,0.30353416,0.56923141,0.73343894,0.12672445,0.000439422224
29,0.761596,1259,4,1.85240594,0.29354447,0.52453723,0.88331537,0.13600849,0.001049035678
29,0.761596,543,4,1.88698869,0.6350406,0.32958981,0.72480414,0.15170361,0.000634059975
29,0.761596,1314,4,1.89331671,0.32847316,0.46277155,0.73082878,0.11109184,0.000904729273
29,0.761596,1334,4,1.54934394,0.08317155,0.90896523,0.57975275,0.04382934,0.001129023898
29,0.761596,1336,4,1.88698869,0.91426901,0.84696939,0.7267359,0.56275366,0.00188747144
29,0.761596,1339,4,1.94897828,1.0927335,0.56840283,0.88190844,0.54776463,0.003004407662
29,0.761596,1284,4,2.0314464,1.95875619,0.53202689,0.65791773,0.68562328,0.001562960069
29,0.761596,538,4,1.94897828,0.19765412,0.81012634,0.67812909,0.10858529,0.003292640096
29,0.761596,1109,4,1.64577088,0.49290215,0.6355341,0.77063529,0.24140622,0.001218043118
29,0.761596,2870,4,1.92355721,0.50860969,0.54853315,0.88436345,0.24672792,0.001413697588
29,0.761596,237,4,1.92355721,1.2156858,0.52288806,0.8057399,0.51218274,0.000911924909
29,0.761596,247,4,1.85240594,0.78139917,0.70644274,0.95697027,0.52826077,0.001530641787
29,0.761596,3288,4,1.54941166,0.18293984,0.69496188,0.65192653,0.08288347,0.001582028897
29,0.761596,3244,4,2.03518937,3.59373204,0.9198131,0.48553146,1.60495424,0.001686071385
29,0.761596,3388,4,1.86770186,1.07455189,0.79378892,0.86936339,0.74153862,0.002409689883
29,0.761596,3333,4,1.65790035,1.26128287,0.6302628,0.53168071,0.42265409,0.000833388473
29,0.761596,3342,4,1.64409547,2.07917552,0.76557572,0.76601968,1.21932431,0.001095644311
29,0.761596,153,4,1.62460132,2.20588212,0.6189229,0.87213954,1.19070679,0.001475643329
29,0.761596,158,4,1.88698869,1.03350748,0.63640409,0.88432975,0.58164878,0.001303627362
29,0.761596,3407,4,1.85240594,0.47197252,0.10077113,0.9358101,0.04450826,0.000213511866
29,0.761596,1632,4,1.64409547,0.32313185,0.77964807,0.53168762,0.13394759,0.000774455854
29,0.761596,515,4,2.03518937,1.43730157,0.57803087,0.75466214,0.62697683,0.000655322349
29,0.761596,1435,4,1.44702708,0.43303759,0.6311582,0.74061321,0.20242086,0.000873315538
29,0.761596,1439,4,1.51883623,0.34567234,0.92597931,0.67551792,0.21622345,0.001416238241
29,0.761596,1403,4,1.92355721,14.13610529,0.84473629,0.96490314,11.52217972,0.000695637162
29,0.761596,1454,4,1.89331671,0.27026016,0.80403209,0.97041482,0.21086905,0.00208721486
29,0.761596,1468,4,1.86641873,0.73092266,0.69812097,0.72675614,0.37084362,0.001087007235
29,0.761596,1414,4,1.83612353,0.7988309,0.80398312,0.53185049,0.34157915,0.001222684763
29,0.761596,495,4,1.85240594,0.1793274,0.62986708,0.59513854,0.06722234,0.000848721369
30,1.313032,0,0,0.0,8.58429022,0.81202751,0.93817537,6.5397201,0.761824207857
30,1.313032,35,1,0.69914768,3.7394245,0.64745576,0.5847289,1.41569414,0.16372430826
30,1.313032,445,1,0.87269457,0.18606127,0.79511918,0.49246178,0.07285523,0.169337545082
30,1.313032,39,1,0.74733098,0.78511406,0.94729326,0.56344085,0.4190497,0.230824168973
30,1.313032,54,1,0.79156923,0.51158603,0.85808777,0.57616941,0.25293014,0.213811179864
30,1.313032,392,1,0.87269457,1.27198786,0.75002339,0.5830716,0.55626235,0.189123369882
30,1.313032,46,1,0.81001266,1.17533193,0.60766591,0.84859039,0.60607101,0.223003397891
30,1.313032,629,1,0.87269457,0.60546165,0.88362196,0.8537,0.45672883,0.3262272866
30,1.313032,538,1,0.74241675,1.09904043,0.72552174,0.62038567,0.49468171,0.194652813213
30,1.313032,159,1,0.87269457,1.83416034,0.62326032,0.74866426,0.85584256,0.201792528268
30,1.313032,680,1,0.87269457,0.27432481,0.89084595,0.70766848,0.17294084,0.272634594937
30,1.313032,312,1,0.87269457,0.21838774,0.58743116,0.66890785,0.08581269,0.16993067061
30,1.313032,157,1,0.74733098,0.47871158,0.79296063,0.68266654,0.25913983,0.234103950389
30,1.313032,713,1,0.79298736,4.07210001,0.86778068,0.92161704,3.25670864,0.345866875114
30,1.313032,7,1,0.69688525,0.93291548,0.74228825,0.7579493,0.52487398,0.243310719415
30,1.313032,40,1,0.75577567,0.60431128,0.87846989,0.85029904,0.45139763,0.323033135657
30,1.313032,12,1,0.87269457,0.07115629,0.87253759,0.44078649,0.02736691,0.166326297923
30,1.313032,2,1,0.62535496,2.45562657,0.87433164,0.80646067,1.73149688,0.304935431993
30,1.313032,1,1,0.64822954,2.99550691,0.87585203,0.63342649,1.6618709,0.239924975223
30,1.313032,3,1,0.65774607,2.45213254,0.46201832,0.68210369,0.77277585,0.136288151435
30,1.313032,57,1,0.74552031,1.06970402,0.75402246,0.5257347,0.42404754,0.171434972773
30,1.313032,4,1,0.87269457,0.58996804,0.66925969,0.81283265,0.32094033,0.235257948494
30,1.313032,62,1,0.87269457,0.42427276,0.88677706,0.83948528,0.31584403,0.321940808986
30,1.313032,20,1,0.67598631,2.26258764,0.90638154,0.79842922,1.63739282,0.312965145215
30,1.313032,283,1,0.87269457,1.30934943,0.49403867,0.56544256,0.3657674,0.120808622326
30,1.313032,21,1,0.7934153,0.81895756,0.92576344,0.92702039,0.70283068,0.371140042458
30,1.313032,198,1,0.87269457,1.46281608,0.59240686,0.88051499,0.76303869,0.225582463793
30,1.313032,2534,1,0.87269457,0.21538884,0.91595358,0.63299819,0.12488179,0.250740466792
30,1.313032,2561,1,0.75577567,0.10818691,0.87454077,0.9238208,0.08740625,0.349394685162
30,1.313032,203,1,0.71118203,0.68490107,0.68097001,0.74211059,0.34611822,0.218547134372
30,1.313032,3004,1,0.87269457,0.45544013,0.82783572,0.71472553,0.26947269,0.255877417125
30,1.313032,8,1,0.87269457,1.45206388,0.74495828,0.80862171,0.87470794,0.260510869273
30,1.313032,6,1,0.87269457,0.0406315,0.8875885,0.49217187,0.01774971,0.188919574204
30,1.313032,59,1,0.74841179,1.53031121,0.75314222,0.90343865,1.04125097,0.294255207115
30,1.313032,25,1,0.74946084,1.15567393,0.87637863,0.85747807,0.8684606,0.324984990946
30,1.313032,3861,2,1.11821433,0.28385784,0.68894624,0.9087361,0.17771497,0.058187541925
30,1.313032,373,2,1.11821433,0.62085121,0.72131304,0.92227254,0.41301953,0.061828677114
30,1.313032,370,2,0.84692928,2.56461422,0.95461625,0.5792934,1.4182391,0.092373052481
30,1.313032,719,2,1.14965909,0.30027854,0.86352821,0.66018089,0.17118424,0.095226400775
30,1.313032,506,2,1.17945057,3.06777366,0.65388953,0.80756821,1.61996978,0.111253873971
30,1.313032,681,2,1.09280634,1.99568101,0.87534488,0.78528106,1.37181469,0.053180957828
30,1.313032,3269,2,1.17916274,0.93371358,0.46165821,0.90696614,0.39095368,0.082208047604
30,1.313032,682,2,1.10388102,0.90298164,0.88435902,0.2351789,0.18780446,0.036950189956
30,1.313032,695,2,1.23417649,0.86810871,0.73456055,0.91171894,0.58138349,0.085760566999
30,1.313032,502,2,0.93114575,1.43847913,0.75408059,0.44524339,0.48296851,0.046373537025
30,1.313032,726,2,1.04942384,9.84766675,0.72044504,0.85756091,6.08413969,0.078211577379
30,1.313032,122,2,1.23417649,1.2203632,0.5420139,0.50138617,0.33164379,0.040188551534
30,1.313032,728,2,0.93694515,0.63395974,0.5411379,0.75742995,0.25984365,0.055823828486
30,1.313032,37,2,0.97843481,1.95544719,0.96680935,0.58931001,1.11411687,0.077598593392
30,1.313032,36,2,1.11821433,2.01151431,0.56246404,0.45660424,0.51660407,0.023869405028
30,1.313032,1783,2,1.14576544,1.25540351,0.62843493,0.74935967,0.59119938,0.05203613705
30,1.313032,474,2,1.14895579,3.33845055,0.74814422,0.7209761,1.80074053,0.070677504177
30,1.313032,1779,2,1.14965909,0.70426979,0.48085332,0.48175279,0.16314581,0.038694990492
30,1.313032,120,2,0.96026738,2.4301709,0.62184838,0.4734876,0.71553343,0.02736528708
30,1.313032,43,2,1.11821433,1.9359132,0.55311238,0.49035545,0.5250616,0.025207587025
30,1.313032,41,2,1.00153481,26.50229605,0.65827586,0.7001594,12.21485603,0.042836279843
30,1.313032,546,2,0.92148238,0.22073547,0.98620308,0.44101126,0.09600374,0.075286594253
30,1.313032,574,2,1.17945057,1.74487272,0.46917831,0.93396741,0.76459843,0.092321147668
30,1.313032,3631,2,1.09280634,0.51388534,0.68340411,0.87034839,0.30565883,0.046017450447
30,1.313032,31,2,0.92040559,0.99824942,0.74294197,0.89694138,0.66520884,0.051554998906
30,1.313032,112,2,1.08710503,5.59543855,0.54261398,0.67457542,2.04812104,0.049852928923
30,1.313032,105,2,1.09280634,0.20791074,0.68813088,0.69217177,0.09902888,0.036849938031
30,1.313032,108,2,1.14965909,0.32415675,0.58190699,0.50354005,0.0949823,0.048944678838
30,1.313032,121,2,1.14965909,1.34842679,0.82230861,0.55113989,0.61111656,0.075703258211
30,1.313032,313,2,1.12577781,0.81298396,0.53101533,0.74897685,0.32333851,0.049341722289
30,1.313032,297,2,0.99741654,0.70789596,0.98016406,0.68798554,0.47736164,0.142072370901
30,1.313032,293,2,0.9413606,0.12312,0.68971095,0.83402351,0.07082295,0.044503815301
30,1.313032,2717,2,1.23417649,3.72969195,0.73313175,0.63095694,1.72526063,0.031722938707
30,1.313032,739,2,1.10388102,2.10714183,0.7415941,0.56932745,0.8896561,0.075009814909
30,1.313032,749,2,0.98232009,1.17077283,0.49111678,0.88146856,0.50683224,0.042129349331
30,1.313032,3186,2,0.95045644,2.8587551,0.97512549,0.77433675,2.15857596,0.058417398943
30,1.313032,781,2,1.14965909,0.1083666,0.59480951,0.90775555,0.05851164,0.090191312164
30,1.313032,890,2,0.94762814,0.82375412,0.48786356,0.49635457,0.19947479,0.022505947717
30,1.313032,3225,2,1.23417649,0.43074056,0.84204546,0.86320611,0.31308756,0.078034916892
30,1.313032,3139,2,1.23417649,0.27518011,0.49224936,0.78865812,0.10682945,0.04447057607
30,1.313032,855,2,1.10388102,0.79034215,0.94838562,0.93233318,0.69882952,0.157089011179
30,1.313032,1941,2,1.14965909,1.6840773,0.98991298,0.77459753,1.29132377,0.128082859171
30,1.313032,336,2,1.10388102,0.68462627,0.69153855,0.64674296,0.30619752,0.079458032376
30,1.313032,1495,2,1.19067893,3.25921538,0.80205904,0.61894579,1.61797576,0.062844049485
30,1.313032,135,2,1.09280634,0.26200091,0.8621369,0.71801122,0.16218484,0.047891594516
30,1.313032,3809,2,1.10388102,0.35771784,0.77763076,0.52991509,0.14740775,0.073209833748
30,1.313032,149,2,1.15034228,0.20307459,0.63990554,0.60048738,0.07803247,0.070888664679
30,1.313032,661,2,1.11821433,0.26408889,0.5996881,0.73678691,0.11668565,0.041065226816
30,1.313032,667,2,1.10388102,1.93251151,0.75376338,0.74144446,1.08002982,0.099289508604
30,1.313032,2564,2,1.23417649,0.20680149,0.40251433,0.8989709,0.07483085,0.038847754024
30,1.313032,2021,2,0.96590671,0.85197066,0.82098565,0.74280431,0.51955871,0.075656950757
30,1.313032,161,2,1.11821433,1.13915102,0.77545159,0.60306747,0.53272355,0.043463779519
30,1.313032,2971,2,1.23417649,0.20858814,0.85784067,0.55897572,0.10002054,0.070911906298
30,1.313032,187,2,1.08710503,0.05404074,0.75013222,0.77301655,0.03133632,0.078976121849
30,1.313032,2044,2,1.14895579,1.64312994,0.89010383,0.80542041,1.17797266,0.093937352393
30,1.313032,1451,2,1.23417649,0.62977055,0.6458594,0.44783424,0.18215355,0.03105233119
30,1.313032,1443,2,1.10388102,0.97200361,0.80009266,0.91700946,0.71315179,0.130347830004
30,1.313032,169,2,1.14965909,0.59314351,0.80679153,0.76742879,0.3672478,0.103423041477
30,1.313032,183,2,1.23417649,2.41311152,0.84065498,0.49734225,1.00890561,0.06182907143
30,1.313032,184,2,0.99153202,1.21785904,0.48695215,0.44934984,0.26648201,0.02655797862
30,1.313032,163,2,0.92913931,0.45539742,0.53418149,0.87079598,0.21183407,0.080520575949
30,1.313032,202,2,1.08710503,0.24153903,0.57903214,0.91727246,0.12828868,0.072338619036
30,1.313032,1148,2,0.98232009,2.91787252,0.74828215,0.60924081,1.33021145,0.044365718827
30,1.313032,2441,2,1.23417649,1.1501515,0.51676338,0.74801436,0.44458696,0.044279272558
30,1.313032,1143,2,1.23417649,0.53868239,0.78462077,0.57793922,0.24427259,0.051944644603
30,1.313032,2477,2,1.14895579,0.712848,0.72166653,0.62880048,0.3234792,0.060304803092
30,1.313032,1109,2,1.14895579,0.21721358,0.59141215,0.7309422,0.09389884,0.056643266487
30,1.313032,1058,2,0.9960543,0.22034138,0.62875376,0.94777607,0.13130535,0.117000854777
30,1.313032,1079,2,1.10388102,0.2337334,0.71019952,0.46891913,0.07783933,0.059165430783
30,1.313032,2684,2,1.23417649,1.34213897,0.87424942,0.54933439,0.64456931,0.061499446405
30,1.313032,278,2,0.8788992,2.49906056,0.67654677,0.80988242,1.3692936,0.067976476107
30,1.313032,253,2,1.11821433,1.86409722,0.38269233,0.41516539,0.2961689,0.014766507694
30,1.313032,1097,2,1.17916274,2.90549628,0.59038595,0.4277396,0.73372918,0.049581329932
30,1.313032,1423,2,1.23417649,3.48378271,0.84696549,0.63509701,1.873945,0.036889047686
30,1.313032,2050,2,1.11680117,0.1067486,0.62438029,0.93095233,0.06204957,0.080284481226
30,1.313032,1283,2,1.0736222,14.70317541,0.58490007,0.49560213,4.26212296,0.050178359374
30,1.313032,211,2,1.11821433,4.29469686,0.67800481,0.83115832,2.42018768,0.052374926569
30,1.313032,56,2,1.08710503,0.34072714,0.89020631,0.50775422,0.15401071,0.061562096202
30,1.313032,95,2,1.23417649,0.17370918,0.88074206,0.49708325,0.07605025,0.064743689674
30,1.313032,1657,2,1.17916274,0.48996951,0.87879974,0.65196414,0.28072603,0.112490625303
30,1.313032,2241,2,1.14777887,1.231121,0.66378069,0.75566867,0.61752817,0.04881453855
30,1.313032,65,2,0.95045644,4.49817983,0.82330498,0.62029176,2.29717228,0.039510141571
30,1.313032,71,2,1.09280634,1.04461955,0.84920383,0.72770555,0.6455439,0.047810079599
30,1.313032,77,2,1.0736222,0.35228097,0.57836911,0.85621441,0.17445234,0.085721398376
30,1.313032,86,2,1.10388102,2.59903327,0.63720528,0.9430235,1.56175792,0.106755825573
30,1.313032,1323,2,1.15034228,0.61900282,0.69234082,0.76770875,0.32900997,0.098055840037
30,1.313032,5,2,1.08710503,1.11996211,0.67074622,0.63233594,0.47501731,0.057766398829
30,1.313032,9,2,0.88216672,2.38426851,0.88979647,0.6144973,1.30366445,0.074469742052
30,1.313032,10,2,0.96407187,0.20753164,0.73448508,0.93934269,0.14318297,0.093967187282
30,1.313032,15,2,0.97966398,1.51266921,0.46912919,0.75089815,0.53286533,0.060978272514
30,1.313032,11,2,0.92946934,0.46567934,0.60941314,0.71728222,0.20355832,0.075666474555
30,1.313032,18,2,1.08710503,2.58589978,0.82599345,0.72993573,1.55909621,0.082116497103
30,1.313032,111,2,1.09280634,1.00299848,0.89027518,0.56076201,0.50072944,0.0386237717
30,1.313032,16,2,1.0736222,5.53789988,0.4819804,0.62053728,1.65631278,0.051772468672
30,1.313032,23,2,0.86293143,0.36485519,0.78455241,0.75095204,0.21495853,0.080242296693
30,1.313032,24,2,1.10388102,14.77842655,0.61701912,0.79259432,7.22732813,0.086883894612
30,1.313032,27,2,1.15034228,0.27788163,0.84704977,0.61151451,0.14393802,0.0955592501
30,1.313032,22,3,1.38356801,0.37370988,0.62729965,0.76279935,0.17882159,0.014062999695
30,1.313032,26,3,1.13260442,0.75611257,0.93948598,0.87588223,0.62218921,0.0284842551
30,1.313032,28,3,1.40717771,0.36012282,0.83549729,0.83786058,0.25209686,0.034526282182
30,1.313032,30,3,1.27495454,1.23390405,0.40915829,0.66295666,0.33470168,0.011651282465
30,1.313032,14,3,1.09180176,4.11013895,0.82488786,0.35266929,1.19569127,0.012298046616
30,1.313032,17,3,1.38356801,0.14231345,0.97195824,0.45555002,0.06301292,0.013012965581
30,1.313032,19,3,1.2408924,0.89798912,0.86281067,0.63035044,0.48839212,0.022991703589
30,1.313032,13,3,1.2408924,0.27503105,0.50595041,0.76239933,0.10608945,0.016306623337
30,1.313032,58,3,1.32840799,6.91704939,0.50678163,0.75671493,2.65261391,0.009325210508
30,1.313032,64,3,1.39405637,1.31491336,0.67615387,0.67000642,0.59569183,0.021117798843
30,1.313032,1661,3,1.32840799,0.52256404,0.80590845,0.69322673,0.29194466,0.013585214058
30,1.313032,1670,3,1.40717771,1.03785973,0.85234609,0.87566936,0.77463084,0.033665701062
30,1.313032,1681,3,1.41844954,0.36298721,0.82489608,0.6708249,0.2008629,0.016452260309
30,1.313032,1695,3,1.32840799,0.52974691,0.69762949,0.7910764,0.29235579,0.013419883342
30,1.313032,93,3,1.39405637,0.96335184,0.49962909,0.72037518,0.34672997,0.016777629584
30,1.313032,94,3,1.40717771,0.39633234,0.66060159,0.90843339,0.23784401,0.029598228131
30,1.313032,96,3,1.40717771,2.8549018,0.68630328,0.52604873,1.03070227,0.017806356689
30,1.313032,1721,3,1.21609417,2.13149315,0.49604236,0.5296963,0.56005367,0.013777954036
30,1.313032,1645,3,1.21609417,0.92834992,0.77060206,0.07655241,0.0547647,0.003093342695
30,1.313032,1647,3,1.38356801,1.38894251,0.54240117,0.81932809,0.61725232,0.012658686678
30,1.313032,79,3,1.41844954,0.19771185,0.71642816,0.69630825,0.09862951,0.006759421244
30,1.313032,82,3,1.32840799,0.19825281,0.71868328,0.15102158,0.0215177,0.002639259095
30,1.313032,84,3,1.39405637,0.06749009,0.85249459,0.80521298,0.04632788,0.031998273449
30,1.313032,85,3,1.38356801,7.45469219,0.67863959,0.55022597,2.78362028,0.010974200289
30,1.313032,87,3,1.32840799,2.1242483,0.6224401,0.4638218,0.61327321,0.007020276153
30,1.313032,89,3,1.32840799,3.03732015,0.69246576,0.79707707,1.67644453,0.01342159399
30,1.313032,66,3,1.32840799,0.20096898,0.4135743,0.68074168,0.05658026,0.006846070479
30,1.313032,67,3,1.29033455,3.40987333,0.85846556,0.77875371,2.27961365,0.0149942698
30,1.313032,70,3,1.32840799,8.83681468,0.53246604,0.75385631,3.54712291,0.009760812468
30,1.313032,73,3,1.41844954,1.13472915,0.64418102,0.84692653,0.61907872,0.007392460107
30,1.313032,74,3,1.29033455,0.54839259,0.63190634,0.55212157,0.19132821,0.007825097371
30,1.313032,76,3,1.40717771,1.86046304,0.84373765,0.52649107,0.82645553,0.021909448904
30,1.313032,1295,3,1.38356801,0.14631146,0.87894412,0.63709245,0.08192983,0.016457214415
30,1.313032,1310,3,1.31107989,1.28186743,0.82900937,0.94410892,1.00328577,0.034476972176
30,1.313032,2213,3,1.4244197,0.5045829,0.50813596,0.76266496,0.19554479,0.010854798517
30,1.313032,1257,3,1.32840799,0.22430222,0.65146102,0.88841246,0.12981852,0.014073708648
30,1.313032,1265,3,1.46720805,22.86159766,0.79590394,0.6511686,11.84842649,0.032731278925
30,1.313032,2275,3,1.39405637,0.39708995,0.93779942,0.6014619,0.22397884,0.02629312655
30,1.313032,2190,3,1.14326591,0.36033492,0.87850288,0.8491599,0.26880604,0.018140036026
30,1.313032,2196,3,1.41844954,3.61614714,0.79101403,0.53690025,1.53576187,0.010478497332
30,1.313032,2200,3,1.41844954,0.89459752,0.68684799,0.7637349,0.46927882,0.007107855556
30,1.313032,1349,3,1.39850689,0.57982862,0.74360892,0.79478159,0.34268259,0.017841948229
30,1.313032,2221,3,1.46697668,2.07481335,0.77111334,0.86978697,1.3915863,0.04282931949
30,1.313032,2234,3,1.41844954,0.98087237,0.94377509,0.73578506,0.68113308,0.024372672752
30,1.313032,1314,3,1.2385716,2.15683076,0.74950963,0.90112884,1.45673372,0.026062524727
30,1.313032,206,3,1.39405637,0.59930924,0.74880674,0.4854053,0.21783378,0.010286287667
30,1.313032,207,3,1.38356801,0.58322632,0.67209309,0.77199831,0.30260974,0.025248103432
30,1.313032,210,3,1.40717771,0.18564282,0.71366926,0.75734575,0.1003389,0.026657793112
30,1.313032,212,3,1.32840799,4.35652726,0.59003951,0.8022477,2.06219635,0.011510522964
30,1.313032,214,3,1.40717771,0.55396673,0.62680161,0.82544393,0.28661662,0.02551823862
30,1.313032,216,3,1.32840799,6.91082988,0.80792568,0.76960991,4.29706837,0.015119851977
30,1.313032,217,3,1.32840799,0.32641105,0.45008324,0.81977926,0.12043553,0.008972123579
30,1.313032,192,3,1.32840799,2.61519196,0.97215707,0.71111077,1.80791191,0.016810443522
30,1.313032,197,3,1.32840799,0.25999943,0.86819958,0.88233248,0.19917014,0.018627617543
30,1.313032,199,3,1.39405637,1.27535911,0.53913252,0.56289872,0.38704216,0.014146530348
30,1.313032,201,3,1.26836204,0.65162256,0.50795958,0.62613897,0.2072507,0.009308172121
30,1.313032,204,3,1.51155133,2.63580887,0.48198533,0.66372358,0.84320852,0.011228132392
30,1.313032,2549,3,1.40717771,36.20502108,0.75989624,0.5918332,16.28255003,0.022181281228
30,1.313032,2550,3,1.40717771,0.51381368,0.58857251,0.63331861,0.19152606,0.01587208738
30,1.313032,1134,3,1.51155133,3.39333601,0.63452997,0.6992599,1.50562782,0.015573177031
30,1.313032,1145,3,1.13322032,0.25839207,0.79000521,0.59482244,0.12142175,0.020699739433
30,1.313032,2594,3,1.15564253,1.72118437,0.5312555,0.61393189,0.56137236,0.014480661741
30,1.313032,2597,3,1.36487589,0.09187187,0.9137988,0.67663511,0.05680514,0.02745174076
30,1.313032,2488,3,1.4428081,0.8940787,0.63010806,0.84349256,0.47519519,0.021324125366
30,1.313032,1152,3,1.51155133,1.9355254,0.96877271,0.52589243,0.98609259,0.011622910779
30,1.313032,1157,3,1.4428081,0.2575244,0.76919772,0.44863526,0.08886889,0.013845426329
30,1.313032,1158,3,1.08217206,1.25775864,0.64603399,0.7199579,0.58500527,0.017947949936
30,1.313032,1183,3,1.40717771,0.55210196,0.39619869,0.7347609,0.16072312,0.014357938349
30,1.313032,2543,3,1.21609417,0.30795829,0.61173596,0.39657574,0.07471057,0.0127212321
30,1.313032,1240,3,1.41844954,1.2335599,0.85317074,0.42990593,0.45244899,0.004969866359
30,1.313032,2378,3,1.4428081,1.18543036,0.36402937,0.80829496,0.34880471,0.0118054143
30,1.313032,2346,3,1.38356801,1.1894742,0.92306933,0.77693783,0.85305222,0.02042823183
30,1.313032,2353,3,1.40717771,3.18924768,0.64264509,0.54796562,1.12308532,0.019848221385
30,1.313032,2510,3,1.39405637,1.15061924,0.92431546,0.72401751,0.77001807,0.018938854003
30,1.313032,2527,3,1.2408924,0.34597695,0.75786511,0.63978248,0.16775344,0.02049735587
30,1.313032,2482,3,1.32840799,2.89200181,0.73020963,0.92330662,1.94980897,0.016394530443
30,1.313032,218,3,1.32840799,9.46014641,0.84138414,0.59261084,4.71695545,0.012124655145
30,1.313032,221,3,1.44336822,1.0535131,0.84278751,0.70073041,0.6221699,0.016408476943
30,1.313032,224,3,1.31199745,1.13766618,0.56064512,0.73122712,0.4663964,0.014190875425
30,1.313032,230,3,1.32840799,2.57740913,0.72232117,0.47579971,0.88580449,0.008357184543
30,1.313032,244,3,1.40717771,0.99458895,0.7110116,0.70246021,0.49675476,0.02463380076
30,1.313032,245,3,1.39405637,0.17810603,0.90404417,0.56883889,0.091592,0.023971934471
30,1.313032,2422,3,1.51155133,0.57934349,0.52128134,0.48182,0.1455101,0.005259545092
30,1.313032,1235,3,1.40717771,2.97666446,0.87392491,0.47414024,1.23341951,0.017643825572
30,1.313032,2625,3,1.47624934,1.42379142,0.78210271,0.42210819,0.47003905,0.011777292499
30,1.313032,2630,3,1.29033455,0.6025801,0.54353304,0.86434371,0.28309175,0.010536945713
30,1.313032,2733,3,1.38356801,0.33309392,0.56551515,0.79375775,0.14951988,0.012786227109
30,1.313032,2747,3,1.31199745,1.07262577,0.480603,0.7653226,0.39452928,0.012732094794
31,2.263739,0,0,0.0,6.17773615,0.51989193,0.63334,2.03413303,0.329268356396
31,2.263739,20,1,0.52732349,6.52621933,0.62241157,0.83240741,3.38123422,0.118324457162
31,2.263739,50,1,0.66464053,0.35667694,0.82645434,0.52088151,0.15354399,0.098314762314
31,2.263739,18,1,0.60485782,0.19534044,0.47346716,0.38414153,0.03552821,0.041537662753
31,2.263739,128,1,0.66464053,2.01242995,0.49080071,0.71286835,0.70410153,0.079905273664
31,2.263739,458,1,0.66464053,0.97592269,0.75046856,0.38329888,0.28072783,0.065694797893
31,2.263739,992,1,0.66464053,0.48618286,0.54832544,0.68023968,0.18134267,0.085184638835
31,2.263739,2757,1,0.66464053,1.39112124,0.49815742,0.73592065,0.50999107,0.083725648488
31,2.263739,558,1,0.66464053,1.49868974,0.74666861,0.77090549,0.86266219,0.131458890032
31,2.263739,3104,1,0.66464053,0.29803756,0.81650096,0.76420798,0.18596845,0.142504703493
31,2.263739,812,1,0.66464053,0.66573231,0.5649657,0.63376359,0.23836858,0.081773068545
31,2.263739,1154,1,0.66464053,0.57381186,0.77081029,0.55162715,0.24398474,0.097107789736
31,2.263739,3399,1,0.66464053,12.44782775,0.49951459,0.85815194,5.33587853,0.097897881661
31,2.263739,1499,1,0.66464053,1.13122859,0.50156574,0.72685334,0.41240605,0.083259842192
31,2.263739,1804,1,0.66464053,0.62206123,0.46967022,0.98588838,0.28804073,0.105750323016
31,2.263739,135,1,0.52404809,7.92543376,0.73065321,0.8826127,5.11098386,0.147279533342
31,2.263739,1310,1,0.66464053,1.31739813,0.73131271,0.74420496,0.71698938,0.124295845321
31,2.263739,2,1,0.47108411,3.968641,0.93310374,0.52034652,1.92692319,0.110887736405
31,2.263739,1,1,0.47584044,2.81922195,0.48057685,0.33319527,0.45143055,0.036569802093
31,2.263739,3,1,0.50468436,0.75938529,0.81194838,0.90306519,0.55681344,0.167458985665
31,2.263739,4,1,0.55801785,2.69986153,0.82574814,0.88578694,1.97477839,0.167046664149
31,2.263739,8,1,0.48369095,1.5469455,0.6781849,0.72709117,0.76280231,0.112615434279
31,2.263739,1060,2,0.82201215,0.39219969,0.8932573,0.55489168,0.19439811,0.038716281335
31,2.263739,929,2,0.82201215,0.72084083,0.84115413,0.72624246,0.44034858,0.047716224047
31,2.263739,1041,2,0.81741737,2.73400001,0.75537274,0.76078729,1.57116959,0.014576662504
31,2.263739,1068,2,0.84638846,2.41238956,0.52987742,0.73417109,0.93846943,0.039739831729
31,2.263739,28,2,0.74342675,0.66028527,0.55415691,0.53778389,0.19677601,0.03452942034
31,2.263739,17,2,0.70197922,0.50307078,0.70892105,0.7274816,0.25944719,0.013081375946
31,2.263739,16,2,0.61541293,2.97383263,0.50510897,0.7244218,1.08816091,0.042500690745
31,2.263739,12,2,0.82201215,0.07898295,0.52434683,0.46668635,0.01932756,0.019114044541
31,2.263739,42,2,0.81465776,0.43644699,0.67669482,0.61715813,0.18227236,0.03212060815
31,2.263739,19,2,0.81465776,3.40103413,0.85013085,0.49632329,1.43503145,0.032452255071
31,2.263739,540,2,0.84638846,5.21003104,0.53003984,0.89195952,2.46316766,0.048295536695
31,2.263739,433,2,0.84638846,7.9797548,0.88635737,0.68282472,4.82956087,0.061826040156
31,2.263739,124,2,0.81465776,3.78863957,0.53844459,0.75236433,1.53480254,0.031157576665
31,2.263739,2400,2,0.84842035,0.2073277,0.95432144,0.594005,0.11752821,0.046523270252
31,2.263739,2884,2,0.84842035,0.07522461,0.67781614,0.85123399,0.0434031,0.047352870949
31,2.263739,396,2,0.70990432,2.3262416,0.84858926,0.78059601,1.54091498,0.067667042104
31,2.263739,493,2,0.84842035,1.19300339,0.7580409,0.7898036,0.71425523,0.049135706603
31,2.263739,2411,2,0.82201215,0.08790644,0.59164206,0.87830704,0.04568,0.040589551818
31,2.263739,349,2,0.70237295,1.96764361,0.67584915,0.7088719,0.9426793,0.048940777511
31,2.263739,399,2,0.81465776,0.69057124,0.66468002,0.60319951,0.27687395,0.030836711469
31,2.263739,354,2,0.84638846,0.34600513,0.78528717,0.59861168,0.16265081,0.048020538329
31,2.263739,546,2,0.7594522,8.49246955,0.6948268,0.84764768,5.0017956,0.060165187725
31,2.263739,357,2,0.84638846,0.48948743,0.69190377,0.69249844,0.23453412,0.048946070264
31,2.263739,371,2,0.84638846,1.0568111,0.62897968,0.63194899,0.42006453,0.040604295098
31,2.263739,134,2,0.84842035,0.17920195,0.30824864,0.59024395,0.03260434,0.014932006421
31,2.263739,499,2,0.81741737,2.07263764,0.54192485,0.92228513,1.03592343,0.012677622617
31,2.263739,137,2,0.64483097,2.10648862,0.83245822,0.91988352,1.61307441,0.058896533845
31,2.263739,143,2,0.93994365,0.49630566,0.72325483,0.75269602,0.27018435,0.030171530411
31,2.263739,152,2,0.81465776,0.68909542,0.4826142,0.79604638,0.26473894,0.029548328306
31,2.263739,145,2,0.82201215,0.32001425,0.8172667,0.4986962,0.1304275,0.031835282842
31,2.263739,923,2,0.93994365,1.78890843,0.47188407,0.89115137,0.75227201,0.023306291224
31,2.263739,1046,2,0.84842035,0.48727687,0.84466482,0.66272629,0.27276862,0.045941382526
31,2.263739,866,2,0.84638846,0.35165389,0.68201235,0.59258811,0.14212177,0.04128559099
31,2.263739,1051,2,0.7469217,1.43683135,0.52487021,0.48413651,0.36511154,0.019848542156
31,2.263739,123,2,0.84842035,0.99396227,0.73731574,0.38492733,0.28209939,0.023292586133
31,2.263739,120,2,0.76096217,4.57860469,0.65560143,0.70626894,2.12003556,0.038001037314
31,2.263739,117,2,0.84842035,0.65656329,0.49873478,0.8206737,0.26873038,0.033591208491
31,2.263739,888,2,0.84638846,0.51294358,0.54195808,0.77989191,0.21680521,0.043177097721
31,2.263739,2650,2,0.93994365,0.12837205,0.80930902,0.91870498,0.0954467,0.041207553211
31,2.263739,37,2,0.66118752,2.59922627,0.73981607,0.6466396,1.24345521,0.036794297186
31,2.263739,13,2,0.63571317,2.51081536,0.77263523,0.59275985,1.14992115,0.035773558087
31,2.263739,39,2,0.73161105,0.52037417,0.79155796,0.83874959,0.34548625,0.076924341115
31,2.263739,1792,2,0.84638846,1.02641665,0.81417608,0.62948641,0.52605164,0.052354983465
31,2.263739,3184,2,0.84638846,0.53064333,0.46766312,0.56444956,0.14007511,0.026965693821
31,2.263739,605,2,0.93994365,0.36200691,0.73927573,0.6411369,0.17158293,0.043217348638
31,2.263739,2037,2,0.82201215,2.40487541,0.66556251,0.88786221,1.42110772,0.04615760522
31,2.263739,2022,2,0.81741737,0.39636234,0.86477259,0.67439489,0.23115781,0.014792777676
31,2.263739,2030,2,0.93994365,0.13039334,0.6527752,0.46575069,0.03964355,0.016850140606
31,2.263739,2086,2,0.81465776,4.1572165,0.77984159,0.70829813,2.29628149,0.042483172056
31,2.263739,633,2,0.93994365,3.22517549,0.9309685,0.55799821,1.67541017,0.047366215957
31,2.263739,155,2,0.81465776,1.09968717,0.24278139,0.77344337,0.20649668,0.014442366651
31,2.263739,844,2,0.70122474,1.05920648,0.70612925,0.15297755,0.11441752,0.012546751044
31,2.263739,160,2,0.84842035,4.19739297,0.60357979,0.61668046,1.56233623,0.030547827497
31,2.263739,157,2,0.93994365,2.05765903,0.51103059,0.30041591,0.31589535,0.008508562739
31,2.263739,274,2,0.81465776,0.61066197,0.87962709,0.92864397,0.49882558,0.062826416723
31,2.263739,268,2,0.84842035,2.03478328,0.63211854,0.90558919,1.16479076,0.046980238149
31,2.263739,1390,2,0.84638846,0.75325738,0.56684292,0.88358652,0.37727255,0.051164076683
31,2.263739,714,2,0.71878735,0.20080948,0.36016064,0.59369541,0.04293823,0.017548717962
31,2.263739,1256,2,0.72370618,0.6093699,0.77368121,0.85482941,0.4030162,0.050866980558
31,2.263739,1107,2,0.84842035,2.52976823,0.71612158,0.31218683,0.56556442,0.018347918327
31,2.263739,1238,2,0.86783118,2.93916561,0.72907665,0.78646392,1.68529546,0.066435580635
31,2.263739,186,2,0.65696345,7.71495055,0.28664128,0.80298915,1.77574894,0.017702837003
31,2.263739,187,2,0.84638846,2.39940156,0.90559917,0.88392985,1.92068768,0.081772476193
31,2.263739,193,2,0.84842035,7.44311572,0.40166398,0.63649135,1.90287457,0.020981708382
31,2.263739,217,2,0.86783118,1.33174854,0.96460124,0.833609,1.07085937,0.093166322476
31,2.263739,44,2,0.81465776,5.22326759,0.91382465,0.6304337,3.00915506,0.044309489267
31,2.263739,45,2,0.74937479,1.94397979,0.83035185,0.79427345,1.28210604,0.076604025801
31,2.263739,46,2,0.84842035,0.81524688,0.5584159,0.8614455,0.39217032,0.039479444592
31,2.263739,241,2,0.86783118,0.51574195,0.80544373,0.93950666,0.39027212,0.087676622945
31,2.263739,1789,2,0.84638846,1.67455438,0.79157967,0.55372239,0.73398295,0.044775459401
31,2.263739,253,2,0.81741737,2.13874548,0.79009341,0.6832223,1.154515,0.013692224769
31,2.263739,254,2,0.81465776,5.03776898,0.52619292,0.94999991,2.51829621,0.038447049522
31,2.263739,1389,2,0.84638846,0.59375961,0.65642419,0.64814461,0.25261965,0.043462011423
31,2.263739,1420,2,0.81741737,0.63642644,0.94429503,0.26273767,0.1578986,0.006293084994
31,2.263739,964,2,0.84842035,0.45694783,0.88260503,0.7878303,0.31773547,0.057066932997
31,2.263739,1012,2,0.84638846,0.29142532,0.60888702,0.89620261,0.15902676,0.055743759214
31,2.263739,103,2,0.89866568,1.48337807,0.43314022,0.75628968,0.48592422,0.009437776319
31,2.263739,100,2,0.82201215,0.59975925,0.9346642,0.84557397,0.47400636,0.061732812857
31,2.263739,26,2,0.70909527,1.67730055,0.40558476,0.8352045,0.56817921,0.027800967197
31,2.263739,27,2,0.84842035,2.23228389,0.5706965,0.83624034,1.0653339,0.039167132477
31,2.263739,63,2,0.86783118,0.97086912,0.8791884,0.83323193,0.71122751,0.084878285176
31,2.263739,56,2,0.81741737,0.32680502,0.68529358,0.80381047,0.18001929,0.013972170139
31,2.263739,83,2,0.84842035,2.34155378,0.83956483,0.57801579,1.13631328,0.039827165578
31,2.263739,80,2,0.68760383,0.22884465,0.65432256,0.61838217,0.09259544,0.01026319069
31,2.263739,77,2,0.76152338,4.08040483,0.51466339,0.70161896,1.47342435,0.010403454715
31,2.263739,68,2,0.68859723,0.88000776,0.74391681,0.94115826,0.61613167,0.054688483676
31,2.263739,3954,2,0.81465776,0.60533206,0.68937403,0.75898651,0.31672522,0.040242358518
31,2.263739,944,2,0.70059424,5.97360229,0.55005658,0.79735733,2.61997209,0.011124843363
31,2.263739,84,2,0.84842035,1.03120614,0.5636702,0.92353762,0.53681564,0.042723332734
31,2.263739,60,2,0.73294511,6.28570056,0.82887876,0.81687631,4.25599391,0.078644200254
31,2.263739,5,2,0.81465776,2.6815068,0.78101479,0.72854626,1.52579186,0.043763378653
31,2.263739,6,2,0.62450401,0.54759238,0.67965823,0.7349146,0.27351733,0.012669544426
31,2.263739,7,2,0.77584137,2.155878,0.87084618,0.97866588,1.83738463,0.098990903855
31,2.263739,88,3,0.80133341,0.64837433,0.876085,0.4878396,0.27710803,0.012598830066
31,2.263739,89,3,1.07775884,0.3826937,0.79367062,0.62415292,0.18957568,0.01356479626
31,2.263739,90,3,1.07775884,0.76959601,0.39211439,0.72493474,0.21876331,0.007852392865
31,2.263739,938,3,1.07775884,0.70087616,0.71111541,0.76380935,0.38068551,0.007904544304
31,2.263739,948,3,1.11774194,0.42131227,0.55129507,0.81011837,0.18816407,0.002923568031
31,2.263739,957,3,0.97247682,2.69357496,0.55569368,0.98977213,1.48149347,0.025814207921
31,2.263739,70,3,0.93750518,0.57904553,0.70880995,0.88730979,0.36418143,0.016050794303
31,2.263739,72,3,1.02160504,4.44208155,0.65294455,0.76440196,2.21709664,0.034269228001
31,2.263739,74,3,0.793729,0.21404722,0.72787304,0.84398924,0.13149285,0.015677759168
31,2.263739,86,3,0.98942184,5.53835454,0.98069328,0.55097313,2.99257037,0.029474147541
31,2.263739,55,3,0.98843399,0.24124347,0.63321957,0.82815903,0.12650965,0.027979683232
31,2.263739,57,3,0.97188638,1.49270028,0.88258841,0.90713827,1.19510021,0.015438409252
31,2.263739,64,3,0.98942184,1.06984262,0.8380336,0.75511001,0.6770045,0.03451829181
31,2.263739,1015,3,1.07616005,0.27641067,0.85946508,0.7305255,0.17354752,0.021032047301
31,2.263739,970,3,1.00921488,0.55255879,0.71281817,0.55211709,0.21746454,0.016423517084
31,2.263739,971,3,1.15119116,0.41419836,0.46060491,0.6133737,0.11702054,0.009281824127
31,2.263739,979,3,0.9197164,0.90815081,0.89538635,0.75877767,0.6169969,0.016857690755
31,2.263739,907,3,1.00921488,3.94812799,0.86898876,0.7513405,2.57775823,0.027246277138
31,2.263739,914,3,0.97247682,1.58820127,0.58957418,0.75649929,0.70835754,0.020933175228
31,2.263739,921,3,1.05352655,0.57001594,0.66006725,0.82616846,0.31084494,0.005284837018
31,2.263739,104,3,0.97188638,0.44662503,0.55261297,0.81333264,0.20073927,0.008666826834
31,2.263739,105,3,0.95703353,1.00912486,0.92322972,0.70994297,0.66142125,0.024862228622
31,2.263739,106,3,0.93750518,0.48125481,0.69907429,0.74834928,0.25176929,0.013351163787
31,2.263739,111,3,1.05138684,2.90134516,0.9104207,0.83314824,2.20071499,0.02331160005
31,2.263739,114,3,1.0107744,0.95819683,0.58519474,0.71955374,0.40347662,0.003038450492
31,2.263739,1006,3,1.15119116,2.01905791,0.7023817,0.69243576,0.98197731,0.007862067708
31,2.263739,3913,3,1.07775884,3.22290622,0.52028535,0.79408877,1.33155257,0.008753906696
31,2.263739,3874,3,0.96670671,5.92684935,0.71729984,0.50069335,2.12861168,0.003258643972
31,2.263739,3869,3,0.85549899,3.28352809,0.77575882,0.62125488,1.58247649,0.006634925954
31,2.263739,3824,3,1.07616005,0.43996841,0.91043802,0.93725315,0.37542984,0.048397772801
31,2.263739,3825,3,1.07775884,2.68490334,0.95183853,0.75628456,1.93275662,0.010476115914
31,2.263739,96,3,0.80205788,0.28157949,0.65390626,0.75614206,0.13922586,0.02627129132
31,2.263739,99,3,0.98942184,0.75099645,0.54279527,0.6116585,0.24933483,0.018110177436
31,2.263739,9,3,0.91200454,1.11439847,0.34613013,0.36172544,0.13952723,0.001100247515
31,2.263739,25,3,1.05138684,0.85047294,0.81840173,0.84695823,0.58950708,0.021040221497
31,2.263739,92,3,0.71673797,0.3862581,0.84176708,0.79275446,0.25775568,0.016557841023
31,2.263739,207,3,0.90580357,0.90874544,0.28730812,0.5955472,0.15549138,0.005043952652
31,2.263739,214,3,1.05138684,5.67705394,0.60896185,0.37528082,1.29738681,0.005144015568
31,2.263739,1396,3,1.05352655,1.08762183,0.84456825,0.8088871,0.74302013,0.006487951831
31,2.263739,1375,3,1.05138684,1.41670339,0.94419313,0.83022421,1.11054244,0.020904037585
31,2.263739,1328,3,1.00921488,0.21900198,0.61521155,0.75195266,0.1013125,0.019305061567
31,2.263739,1337,3,1.07616005,1.91083473,0.72675826,0.68939096,0.95736751,0.021485126942
31,2.263739,1343,3,0.93750518,1.0212343,0.82793003,0.62548037,0.52885025,0.013215961568
31,2.263739,190,3,1.01035164,1.48371113,0.70039236,0.8749461,0.90922645,0.01615210357
31,2.263739,3700,3,0.96699265,0.52817718,0.69393988,0.81704742,0.29946684,0.019246462147
31,2.263739,3708,3,1.05352655,0.64442731,0.88086044,0.79956319,0.45387246,0.00712080235
31,2.263739,197,3,0.9197164,0.24667306,0.62483051,0.63629477,0.09807138,0.009864922035
31,2.263739,198,3,0.9345309,14.06414672,0.46859247,0.63947633,4.21437493,0.00367937105
31,2.263739,200,3,1.05138684,0.82830368,0.87590449,0.32811062,0.23804914,0.005890075798
31,2.263739,203,3,0.82130615,0.98326808,0.86626993,0.90901519,0.77427693,0.042953841736
31,2.263739,1279,3,1.07616005,1.16245626,0.78932007,0.68322851,0.62689636,0.01806496216
31,2.263739,814,3,1.07616005,0.41750327,0.94334249,0.73078227,0.28781755,0.029562405059
31,2.263739,1205,3,1.09310474,0.10415685,0.72721195,0.73579919,0.05573245,0.034577229728
31,2.263739,851,3,1.05138684,0.14132914,0.93235539,0.66700719,0.08789086,0.013998058979
31,2.263739,857,3,1.05138684,1.30886792,0.60864073,0.38877961,0.30971363,0.005326234793
31,2.263739,862,3,0.92604212,0.01354736,0.66513801,0.79406686,0.00715523,0.021575929258
31,2.263739,1092,3,1.05352655,1.63152189,0.71708585,0.71787618,0.83987296,0.004988793123
31,2.263739,1257,3,1.07775884,1.09153512,0.64411311,0.73280995,0.51521822,0.006869186054
31,2.263739,1264,3,0.9345309,0.36109411,0.7181571,0.84517403,0.21917247,0.007452799029
31,2.263739,1475,3,0.96570146,0.38328094,0.53101933,0.71599621,0.14572641,0.002933768869
31,2.263739,1491,3,1.07775884,1.2027489,0.3344091,0.69410818,0.27917737,0.002953948918
31,2.263739,1442,3,1.07616005,1.09933612,0.68365645,0.82830158,0.62252515,0.032117703469
31,2.263739,1461,3,0.9345309,1.06432242,0.47964489,0.84346893,0.4305882,0.004967555419
31,2.263739,742,3,0.95631901,1.00242966,0.7555846,0.85872459,0.65041554,0.004618812502
31,2.263739,747,3,0.87079387,0.57853463,0.78439943,0.57287704,0.25997288,0.018752315596
31,2.263739,755,3,1.05138684,1.33118003,0.9840377,0.79192604,1.03736874,0.023654738071
31,2.263739,242,3,0.93750518,0.362391,0.62004851,0.65677828,0.14757808,0.010392879632
31,2.263739,246,3,1.00165344,1.28071213,0.34673971,0.89305402,0.39658185,0.016452952204
31,2.263739,247,3,0.97188638,0.89642621,0.42979208,0.32794553,0.12634983,0.002717884267
31,2.263739,249,3,1.07775884,0.27999116,0.78236726,0.7643967,0.16744562,0.008703245915
31,2.263739,252,3,0.78454394,13.62699214,0.72241103,0.67021287,6.59776947,0.019778702726
31,2.263739,1518,3,1.00921488,0.20206215,0.70092058,0.86162694,0.12203181,0.025202538591
31,2.263739,219,3,0.93750518,1.88004284,0.88339221,0.71978303,1.1954266,0.016227313118
31,2.263739,221,3,0.9197164,0.95795236,0.60961723,0.95839836,0.55968956,0.014496940858
31,2.263739,3607,3,1.05138684,0.96049896,0.44510933,0.89053072,0.38072597,0.012182131543
31,2.263739,3510,3,1.05138684,0.4954462,0.48777665,0.67195895,0.16239036,0.007010399005
31,2.263739,224,3,1.05138684,2.63814375,0.83270709,0.36564148,0.80324157,0.009357404398
31,2.263739,234,3,0.85539065,1.05529265,0.79646292,0.44595655,0.37482713,0.009064618969
31,2.263739,240,3,0.9345309,0.03370236,0.78860526,0.93819074,0.0249351,0.009084575099
31,2.263739,1290,3,1.15119116,0.99415324,0.91855893,0.87761595,0.80142866,0.026484462174
31,2.263739,1294,3,1.07775884,2.18417335,0.49596758,0.82335581,0.89192419,0.01128057338
31,2.263739,1305,3,0.97247682,0.78171878,0.62270165,0.83250143,0.40524303,0.024330617604
31,2.263739,770,3,1.07775884,2.20056741,0.85418245,0.95579361,1.79659192,0.011881370756
31,2.263739,780,3,0.97247682,3.75377573,0.89649292,0.64927819,2.18497265,0.027319063629
31,2.263739,795,3,1.07775884,0.56319213,0.57732317,0.85674246,0.27856455,0.016856888673
31,2.263739,797,3,1.07775884,1.85470046,0.65480758,0.48566503,0.58982654,0.008639393278
31,2.263739,3301,3,1.07616005,0.7367522,0.88976482,0.263107,0.17247616,0.006452746332
31,2.263739,1747,3,1.07775884,0.36752345,0.73818558,0.82352865,0.22342374,0.012880583419
31,2.263739,1712,3,1.07775884,0.64846641,0.67575614,0.63473477,0.27814405,0.011848752486
31,2.263739,1717,3,0.9345309,0.34700358,0.72945513,0.88858935,0.22492288,0.007958908179
31,2.263739,1664,3,1.07616005,0.55561604,0.49886233,0.32342531,0.08964571,0.006238237438
31,2.263739,1685,3,1.07616005,0.17455575,0.70591768,0.8761278,0.10795821,0.020717600499
31,2.263739,692,3,0.88455418,0.68844523,0.58812533,0.23291723,0.09430634,0.009405409855
31,2.263739,270,3,1.07616005,1.09284525,0.90280203,0.48045362,0.47402655,0.024601527883
31,2.263739,279,3,0.90580357,0.80799672,0.77910901,0.5458033,0.34359275,0.012535489836
31,2.263739,280,3,0.9345309,0.2717436,0.83522572,0.81905703,0.18589912,0.00839985535
31,2.263739,282,3,0.87145273,0.90324162,0.90078349,0.96780847,0.7874333,0.022978211621
31,2.263739,284,3,1.01035164,0.44214161,0.59384469,0.36858629,0.09677729,0.005769237823
31,2.263739,286,3,1.00165344,1.72513693,0.33740013,0.93832998,0.54616569,0.016821447587
31,2.263739,711,3,0.93750518,0.24062562,0.56018487,0.83332221,0.11232753,0.011913401516
31,2.263739,715,3,1.07616005,0.2822151,0.63416731,0.90390159,0.16177271,0.019460489866
31,2.263739,3445,3,1.07775884,0.9606391,0.78294002,0.88401534,0.66488809,0.010072564957
31,2.263739,258,3,0.98942184,0.507944,0.76929764,0.79189368,0.30944047,0.033230655867
31,2.263739,259,3,1.07775884,0.25547548,0.92570886,0.76072334,0.17990796,0.010248326235
31,2.263739,265,3,1.05138684,0.61720533,0.82508358,0.54863315,0.27938923,0.009782606881
32,3.902809,0,0,0.0,0.71003341,0.79068782,0.71479325,0.40129549,0.565178316555
32,3.902809,652,1,0.50618744,0.43832062,0.81463852,0.77935035,0.27828486,0.285637674004
32,3.902809,1134,1,0.50618744,1.15093141,0.65080051,0.78957428,0.59141226,0.231184486999
32,3.902809,734,1,0.46955009,2.23691332,0.6513002,0.89413997,1.30267439,0.262001953878
32,3.902809,19,1,0.50618744,0.06483797,0.71392514,0.71072629,0.03289913,0.228282629589
32,3.902809,13,1,0.45322497,0.15162403,0.96047301,0.49572743,0.07219318,0.214213050838
32,3.902809,1,1,0.40791341,0.314758,0.48960055,0.81407636,0.1254538,0.179318397592
32,3.902809,7,1,0.46003947,0.4955827,0.64697021,0.62668105,0.20093102,0.182410005253
32,3.902809,27,1,0.50618744,4.14264758,0.77080432,0.57084094,1.82279252,0.197959824146
32,3.902809,4,1,0.41776752,1.5696474,0.77562419,0.80768038,0.98331573,0.281843931903
32,3.902809,10,1,0.50618744,0.28411252,0.59062831,0.95459237,0.16018527,0.253658855765
32,3.902809,40,2,0.71585714,0.09750202,0.94132545,0.81821227,0.07509645,0.121371065922
32,3.902809,552,2,0.71585714,5.41829195,0.61359187,0.89829061,2.98647483,0.08685720188
32,3.902809,104,2,0.65631961,0.57358182,0.61066159,0.57526297,0.20149413,0.07881484626
32,3.902809,28,2,0.67943992,0.85140042,0.59807659,0.55989702,0.28510105,0.05710093318
32,3.902809,42,2,0.50041059,2.27215732,0.86252862,0.82576082,1.61832665,0.15979706309
32,3.902809,1243,2,0.71585714,1.58226974,0.8490841,0.81345109,1.09285534,0.10884075172
32,3.902809,2725,2,0.71585714,1.47635939,0.7078017,0.73569387,0.7687778,0.082057469304
32,3.902809,1849,2,0.57972139,9.27079573,0.61186578,0.86510754,4.90730752,0.075558517723
32,3.902809,257,2,0.61492744,0.9529111,0.86740241,0.71957804,0.59477254,0.140035946919
32,3.902809,1902,2,0.71585714,0.43634033,0.38033832,0.75946224,0.12603804,0.045518259697
32,3.902809,63,2,0.68400441,0.45329343,0.55017674,0.53347599,0.13304438,0.042618491395
32,3.902809,1892,2,0.69043683,0.33818988,0.73048786,0.60207533,0.14873886,0.091727737964
32,3.902809,2373,2,0.65631961,0.66570626,0.5710875,0.91748592,0.3488066,0.117555530402
32,3.902809,753,2,0.71585714,0.84378644,0.96824656,0.83715781,0.68395234,0.127732871974
32,3.902809,123,2,0.71585714,0.73246777,0.50716433,0.73879657,0.27444928,0.059044975627
32,3.902809,133,2,0.71585714,2.38572708,0.5252458,0.51598895,0.64658221,0.042708308566
32,3.902809,2918,2,0.71585714,1.26944162,0.76271568,0.78037105,0.75557321,0.093793598635
32,3.902809,122,2,0.71585714,1.58264441,0.49681667,0.69429333,0.54591182,0.054356130305
32,3.902809,663,2,0.71585714,1.77100479,0.78364513,0.68155546,0.94588943,0.084164706496
32,3.902809,887,2,0.65631961,0.72386546,0.40790403,0.56509257,0.16685355,0.051715246948
32,3.902809,120,2,0.71585714,0.16562075,0.51369158,0.56146086,0.04776796,0.045449730485
32,3.902809,3966,2,0.71585714,0.8742982,0.79294586,0.86823929,0.60192524,0.126699230182
32,3.902809,17,2,0.57800848,1.66698991,0.79508181,0.83727487,1.10971855,0.096663128325
32,3.902809,65,2,0.68400441,1.72589228,0.74469118,0.52704901,0.67739331,0.056991250846
32,3.902809,78,2,0.71585714,4.96048013,0.72379715,0.51723209,1.85706048,0.05899452507
32,3.902809,3716,2,0.69043683,11.39406256,0.92509372,0.65551119,6.90946536,0.126474418678
32,3.902809,2,2,0.5565393,0.14365235,0.55297299,0.53971263,0.04287254,0.042601379654
32,3.902809,14,2,0.5620265,4.94724756,0.77689296,0.62732144,2.41109855,0.10934333724
32,3.902809,5,2,0.65631961,0.42704323,0.55156786,0.59241514,0.13953943,0.073310488594
32,3.902809,349,2,0.71585714,0.37481732,0.67018341,0.82939034,0.20833983,0.087591511589
32,3.902809,885,2,0.71585714,0.68521281,0.74261769,0.50345855,0.25618546,0.058916696529
32,3.902809,1059,2,0.60783033,0.96543431,0.74654485,0.75843902,0.54663735,0.118090081109
32,3.902809,1168,2,0.68400441,3.75516053,0.8131767,0.75235796,2.29740707,0.088836291125
32,3.902809,23,2,0.65631961,1.40147071,0.95349845,0.54298723,0.72559392,0.116158397922
32,3.902809,26,2,0.5560576,4.7475624,0.73860084,0.80414883,2.81979095,0.101280182293
32,3.902809,21,2,0.55809706,0.15652674,0.84701832,0.33669612,0.04463951,0.040708779668
32,3.902809,18,2,0.68400441,0.31495802,0.86494701,0.90023644,0.24524421,0.113064708303
32,3.902809,473,3,0.87674236,1.78358217,0.28817046,0.83744793,0.43042788,0.011342859189
32,3.902809,455,3,0.70505242,1.61024883,0.46414756,0.82238427,0.61464429,0.030774262609
32,3.902809,450,3,0.7563726,0.1050233,0.79629672,0.7704459,0.06443217,0.05340005619
32,3.902809,536,3,0.87674236,1.02748516,0.94226172,0.55388466,0.53624893,0.024509525816
32,3.902809,531,3,0.7563726,0.14598286,0.34762846,0.56602672,0.02872461,0.017126826765
32,3.902809,524,3,0.7563726,2.56407251,0.94094931,0.59428249,1.43380294,0.048672517007
32,3.902809,545,3,0.7563726,0.25444467,0.93270565,0.56408575,0.13386995,0.045794611093
32,3.902809,395,3,0.82884326,0.52314614,0.39352528,0.70454765,0.14504609,0.025636925011
32,3.902809,643,3,0.71178401,1.26895615,0.46067346,0.89532154,0.52338207,0.052465441788
32,3.902809,720,3,0.82884326,0.69384584,0.58284046,0.88243808,0.35685922,0.047557264411
32,3.902809,659,3,0.87674236,0.67766274,0.7145546,0.87656765,0.42445775,0.029414731263
32,3.902809,364,3,0.87674236,8.94271491,0.43949812,0.73119098,2.87380458,0.010925279003
32,3.902809,3419,3,0.87674236,0.53321657,0.69812146,0.86112032,0.32055198,0.028231818453
32,3.902809,3395,3,0.85093346,0.75447251,0.69633777,0.87204095,0.45814215,0.04294173275
32,3.902809,46,3,0.7563726,0.73627011,0.4431297,0.67472674,0.22013847,0.02602456133
32,3.902809,32,3,0.75194799,1.0340221,0.7225082,0.50769723,0.37929524,0.029573611817
32,3.902809,153,3,0.76832254,1.98861332,0.7478256,0.5287008,0.78624998,0.030423100024
32,3.902809,152,3,0.85093346,4.1217732,0.82561564,0.8741478,2.97472536,0.032741855766
32,3.902809,150,3,0.7563726,0.17493989,0.86556491,0.63667202,0.09640604,0.047966722656
32,3.902809,143,3,0.76832254,0.1903441,0.8409124,0.79734719,0.12762556,0.051593072125
32,3.902809,140,3,0.75194799,8.97711182,0.9558074,0.33549074,2.8786414,0.025852808236
32,3.902809,137,3,0.75194799,0.29760535,0.64883672,0.49527408,0.09563608,0.025908234118
32,3.902809,134,3,0.61870579,0.94591167,0.73703368,0.49879738,0.34774595,0.046764102598
32,3.902809,2869,3,0.85093346,0.65408569,0.73639788,0.93418033,0.44996414,0.04864811156
32,3.902809,596,3,0.87674236,1.06983233,0.65838425,0.531067,0.37406275,0.011887032095
32,3.902809,3115,3,0.75194799,0.39835079,0.79338699,0.78909546,0.24939073,0.050474428794
32,3.902809,3142,3,0.87674236,2.15152105,0.53966152,0.81863711,0.95051392,0.029598875488
32,3.902809,124,3,0.71178401,0.35084963,0.861515,0.57507684,0.173824,0.063021658833
32,3.902809,601,3,0.75194799,6.57820947,0.67170063,0.42261716,1.86737085,0.02288651518
32,3.902809,630,3,0.75194799,0.36045147,0.79866297,0.78391114,0.22567174,0.050476260994
32,3.902809,893,3,0.82884326,0.22531365,0.61959952,0.88474548,0.12351421,0.050688839999
32,3.902809,884,3,0.87674236,0.7149265,0.9107823,0.68347278,0.44503811,0.026934979973
32,3.902809,1028,3,0.87674236,2.62914098,0.60518378,0.65129463,1.03628365,0.018510101497
32,3.902809,290,3,0.75194799,1.16528382,0.30375376,0.84551212,0.29927692,0.020706099691
32,3.902809,965,3,0.75194799,0.23788998,0.89451414,0.60209459,0.12812329,0.043421890659
32,3.902809,987,3,0.87674236,0.3936376,0.64180766,0.6791665,0.17158437,0.018860882265
32,3.902809,2718,3,0.87674236,0.56892757,0.46441389,0.62037618,0.16391447,0.019920418869
32,3.902809,2596,3,0.76961199,0.51675395,0.62980589,0.77047622,0.25075509,0.029186478949
32,3.902809,2587,3,0.87674236,1.61964238,0.38395305,0.77982343,0.48494616,0.01406107163
32,3.902809,2502,3,0.85093346,5.34459072,0.62748217,0.54976509,1.84371167,0.02439502614
32,3.902809,2411,3,0.87674236,5.97699476,0.69644707,0.51473297,2.14265861,0.02478610346
32,3.902809,918,3,0.71178401,0.90420309,0.78540394,0.81845583,0.58123842,0.081769140838
32,3.902809,919,3,0.75194799,4.47446507,0.64535179,0.49410285,1.42677339,0.025708140776
32,3.902809,1120,3,0.76832254,2.94127905,0.75975278,0.74846085,1.67254426,0.043755691706
32,3.902809,1095,3,0.75194799,0.51046324,0.91962793,0.65349786,0.30677559,0.048452157086
32,3.902809,1082,3,0.87674236,0.21724166,0.88735307,0.7103225,0.1369289,0.043580295938
32,3.902809,1027,3,0.87674236,0.29030912,0.45756226,0.831077,0.1103957,0.016454030721
32,3.902809,915,3,0.75194799,0.93291025,0.90224506,0.26834128,0.22586652,0.019519504731
32,3.902809,1383,3,0.87674236,3.30642711,0.74485297,0.52903754,1.30291475,0.027475865736
32,3.902809,1424,3,0.75194799,1.90766563,0.7750725,0.74757933,1.10535523,0.046715005946
32,3.902809,1484,3,0.7563726,5.74307072,0.65243373,0.45516219,1.70548045,0.025848016612
32,3.902809,1472,3,0.87674236,0.33305984,0.45354958,0.86716429,0.1309931,0.013371214302
32,3.902809,189,3,0.87674236,0.1835377,0.55451807,0.78497296,0.0798906,0.020441578268
32,3.902809,175,3,0.87674236,0.21827375,0.5063289,0.68243463,0.07542152,0.016226983869
32,3.902809,2427,3,0.76961199,1.90056383,0.67030801,0.61084866,0.77819869,0.024627696006
32,3.902809,1369,3,0.87674236,1.50911641,0.71028366,0.64090157,0.68698286,0.021396287396
32,3.902809,264,3,0.71178401,0.06805654,0.88402008,0.98675785,0.05936666,0.110961886259
32,3.902809,1778,3,0.87674236,3.13058091,0.62938714,0.47991171,0.94559277,0.010268899383
32,3.902809,1636,3,0.87674236,0.75158439,0.76972895,0.95238272,0.55096889,0.034426538311
32,3.902809,1661,3,0.75194799,0.34685957,0.69259534,0.81553817,0.19591944,0.045538701821
32,3.902809,382,3,0.71178401,0.36034457,0.72559503,0.48824073,0.12765748,0.045063966602
32,3.902809,385,3,0.84726874,1.75060504,0.91431524,0.6755616,1.08130719,0.028076077929
32,3.902809,418,3,0.70505242,1.79616746,0.84715997,0.86229482,1.3121033,0.058894941632
32,3.902809,384,3,0.82884326,1.16792811,0.7545842,0.34352235,0.30274628,0.023968763995
32,3.902809,593,3,0.84726874,0.73769437,0.81308092,0.85161758,0.51080467,0.031474142918
32,3.902809,581,3,0.87674236,2.25403715,0.77550101,0.83947464,1.46740847,0.045011978686
32,3.902809,3437,3,0.65522546,0.1565434,0.63411327,0.65151641,0.06467359,0.024848944518
32,3.902809,3470,3,0.76961199,0.351124,0.98588671,0.86055505,0.29789704,0.051029512093
32,3.902809,96,3,0.68039857,2.65816122,0.78559878,0.76640265,1.60043896,0.05240617236
32,3.902809,3354,3,0.70290341,1.43211867,0.88452704,0.19992761,0.25325783,0.0197131364
32,3.902809,3337,3,0.66853667,1.75199375,0.4582087,0.58120506,0.46657908,0.025034472875
32,3.902809,3373,3,0.87674236,3.39780974,0.73835964,0.65151064,1.63451353,0.032229368268
32,3.902809,117,3,0.87674236,0.67294249,0.9332145,0.76203756,0.47855935,0.033396571318
32,3.902809,50,3,0.7563726,0.25839845,0.58375302,0.92906602,0.14014113,0.047206343323
32,3.902809,51,3,0.7563726,5.06798513,0.751382,0.69986245,2.6650712,0.04577181429
32,3.902809,52,3,0.72759551,2.01828815,0.71269484,0.89678917,1.28996266,0.055631223435
32,3.902809,31,3,0.7563726,4.23416427,0.75275319,0.71686089,2.28483683,0.04696908831
32,3.902809,34,3,0.66568682,1.50191574,0.78368003,0.4995628,0.58799609,0.031563536706
32,3.902809,30,3,0.7563726,1.10382972,0.61507579,0.47847074,0.32485242,0.025615843629
32,3.902809,45,3,0.75194799,0.94221781,0.72972574,0.87375326,0.60075831,0.051404988982
32,3.902809,1864,3,0.75194799,0.3451226,0.8233256,0.64429581,0.18307554,0.042767485339
32,3.902809,2035,3,0.76961199,3.21619846,0.89477911,0.76178528,2.19225591,0.04099814033
32,3.902809,205,3,0.7563726,2.84594113,0.71216251,0.60105836,1.21820859,0.037258072894
32,3.902809,210,3,0.71277141,1.41750596,0.88374721,0.583441,0.73088642,0.044879668682
32,3.902809,2069,3,0.87674236,1.46786703,0.90369597,0.52974461,0.70270915,0.022501121159
32,3.902809,2117,3,0.76961199,4.57730684,0.83220772,0.80108928,3.05156545,0.040098526154
32,3.902809,2058,3,0.87674236,3.46047763,0.95660822,0.64943456,2.14983709,0.053826154772
32,3.902809,2065,3,0.76961199,0.31496155,0.83601424,0.93698037,0.2467185,0.047115077955
32,3.902809,1504,3,0.87674236,2.74013993,0.97061764,0.50636909,1.34675348,0.016709369219
32,3.902809,245,3,0.82884326,2.25640247,0.79824877,0.60780781,1.09476548,0.0448629122
32,3.902809,244,3,0.87674236,1.01747943,0.72699676,0.90453497,0.66908836,0.03090815645
32,3.902809,2230,3,0.71178401,0.38111339,0.5057971,0.80986683,0.15611483,0.052106398302
32,3.902809,1602,3,0.87674236,0.36561044,0.60819853,0.76315182,0.16969729,0.015779782035
32,3.902809,229,3,0.75194799,2.97220319,0.72186612,0.73210305,1.57075111,0.042607462635
32,3.902809,233,3,0.76832254,0.56940532,0.32947888,0.84490364,0.15850986,0.021420417442
32,3.902809,236,3,0.68039363,0.92298103,0.56225178,0.79675114,0.41347219,0.036116887859
32,3.902809,1313,3,0.87674236,0.96083865,0.750036,0.90907752,0.65513906,0.047143430637
32,3.902809,1263,3,0.87674236,0.19387127,0.66544016,0.69053482,0.08908571,0.031771136109
32,3.902809,1291,3,0.87674236,0.95706686,0.39724268,0.68645676,0.26098249,0.00927072664
32,3.902809,1249,3,0.87674236,1.23401895,0.70414778,0.80725444,0.70144898,0.039301796924
32,3.902809,89,3,0.87674236,4.46016246,0.58673384,0.76605404,2.00470846,0.02110787786
32,3.902809,82,3,0.82884326,2.45362944,0.75031204,0.82840344,1.52508057,0.036272897279
32,3.902809,401,3,0.71178401,1.7840806,0.94680058,0.47545545,0.80312439,0.057262387887
32,3.902809,405,3,0.62242895,0.40946862,0.77424,0.98246389,0.31146756,0.096759432413
32,3.902809,3825,3,0.85611257,0.22525633,0.81317598,0.71493653,0.1309571,0.058531147647
32,3.902809,3631,3,0.87674236,0.35822846,0.74910669,0.82769608,0.22211335,0.063044842923
32,3.902809,396,3,0.7563726,0.16823128,0.79659335,0.59016598,0.07908927,0.040919987423
32,3.902809,398,3,0.7563726,0.11785631,0.523462,0.97834456,0.0603573,0.044576055595
32,3.902809,3,3,0.59739678,0.66125485,0.94123843,0.6613038,0.41159448,0.021108464935
32,3.902809,22,3,0.64101885,1.0369347,0.7941582,0.48597248,0.40019357,0.033592578859
32,3.902809,72,3,0.62168105,1.91203328,0.50163916,0.49964779,0.47923756,0.031882804009
32,3.902809,75,3,0.64202142,1.95542763,0.40736282,0.67857825,0.54053406,0.022286307241
32,3.902809,25,3,0.72759551,0.30088464,0.89457912,0.72187727,0.19430418,0.056209117914
32,3.902809,24,3,0.71277141,2.80899484,0.71170871,0.5948807,1.18927722,0.036851638399
32,3.902809,8,4,0.78301254,0.38288758,0.34218719,0.78197358,0.10245357,0.004496191436
32,3.902809,11,4,0.66968228,0.33296417,0.71392647,0.48001244,0.11410469,0.005758308823
32,3.902809,15,4,0.72087188,0.40372675,0.47633517,0.89951649,0.17298534,0.007199639461
32,3.902809,6,4,0.78301254,0.98428169,0.92312391,0.67163011,0.6102525,0.010417874699
32,3.902809,397,4,0.87422469,1.03402208,0.27682412,0.25338886,0.0725306,0.002505955783
32,3.902809,399,4,1.01237488,0.42190859,0.73740214,0.69327915,0.21569044,0.004446081151
32,3.902809,407,4,0.87422469,4.41200827,0.75854827,0.86481524,2.89429552,0.019244014423
32,3.902809,410,4,0.97118838,1.18781097,0.60734765,0.78914425,0.56929987,0.009781196861
32,3.902809,80,4,0.71484098,1.25255367,0.68227926,0.62619045,0.53513698,0.010734617951
32,3.902809,83,4,0.87422469,0.76189534,0.61591777,0.71842448,0.33713137,0.012980546434
32,3.902809,84,4,0.81086873,3.10840414,0.70089446,0.96286765,2.09776435,0.030196618242
32,3.902809,88,4,0.91012375,0.49358379,0.73348964,0.76146242,0.27567878,0.02035039777
32,3.902809,3532,4,0.87341983,0.14837842,0.83089393,0.56485134,0.06963867,0.021393484369
32,3.902809,3665,4,0.99010782,1.49246754,0.38120416,0.66355011,0.37751677,0.004912074717
32,3.902809,3636,4,0.91012375,0.95037794,0.494686,0.92390174,0.43436193,0.017088339039
32,3.902809,3557,4,0.78301254,2.2856246,0.93420128,0.83059412,1.77351233,0.013038219237
32,3.902809,64,4,0.91012375,0.38830751,0.76050591,0.62446626,0.18441123,0.017756444967
32,3.902809,3865,4,1.01237488,3.6759514,0.66572271,0.7871218,1.9262164,0.010338937033
32,3.902809,3783,4,1.01237488,3.62544741,0.81812951,0.41372884,1.22715513,0.006062815222
32,3.902809,3799,4,1.01237488,1.485239,0.33324875,0.77285539,0.3825279,0.002325528289
32,3.902809,3755,4,0.99010782,1.76284529,0.46120524,0.6384545,0.51908489,0.007674671463
32,3.902809,3702,4,0.99010782,0.22407688,0.75061218,0.68297633,0.11487309,0.013361550948
32,3.902809,3708,4,0.99010782,1.2512981,0.83942048,0.8627718,0.90622552,0.014064008005
32,3.902809,57,4,0.88635261,7.69526473,0.62351004,0.81499734,3.91041819,0.022503525812
32,3.902809,62,4,0.88635261,0.12485276,0.86913763,0.50502645,0.05480256,0.019438090933
32,3.902809,3948,4,0.99010782,8.31192,0.52003014,0.64187467,2.77447046,0.012926384049
32,3.902809,3956,4,0.91012375,1.21644142,0.80494948,0.77187771,0.7558025,0.012784291591
32,3.902809,3908,4,0.90644994,6.26371746,0.76534599,0.80603974,3.86408282,0.012624589151
32,3.902809,3886,4,1.01237488,6.66756221,0.89734691,0.88457966,5.29254299,0.0105581953
32,3.902809,1953,4,0.90644994,3.20843626,0.68742795,0.86702279,1.91227838,0.012265852597
32,3.902809,1971,4,0.87422469,1.98030804,0.58990126,0.67238543,0.78547138,0.011635545174
32,3.902809,1924,4,1.01237488,0.32562757,0.88815856,0.68036792,0.19676847,0.010153393662
32,3.902809,1932,4,0.87422469,0.35110642,0.76149847,0.65792844,0.17590836,0.014697274791
32,3.902809,2024,4,1.01237488,5.07830346,0.30255209,0.65800484,1.0109924,0.001469181111
32,3.902809,2039,4,0.97118838,1.2069657,0.85142998,0.80274176,0.82493499,0.019735101306
32,3.902809,1985,4,0.90644994,0.9312521,0.65718677,0.59275651,0.36277087,0.007097038061
32,3.902809,2005,4,0.87341983,1.59882423,0.41114304,0.86525155,0.56876917,0.014857337227
32,3.902809,197,4,0.91012375,1.46732997,0.50119274,0.62778714,0.46168416,0.011464302444
32,3.902809,209,4,0.81756788,0.7454175,0.62000211,0.52195124,0.24122521,0.005741079107
32,3.902809,2206,4,0.97118838,0.34441165,0.71086983,0.85503278,0.20933926,0.012404266772
32,3.902809,2174,4,0.90644994,1.1732428,0.54659002,0.73194245,0.46938211,0.007288709179
32,3.902809,2129,4,0.92007894,0.5661103,0.81770396,0.83853546,0.38816698,0.023882753865
32,3.902809,2066,4,1.01237488,3.08170724,0.77379668,0.31487235,0.75084928,0.002118977012
32,3.902809,2312,4,0.99010782,0.19792216,0.52727782,0.46447848,0.04847296,0.006383233169
32,3.902809,2325,4,0.87341983,3.4059572,0.74186366,0.87730248,2.21672919,0.023347220675
32,3.902809,2331,4,0.90644994,0.63955949,0.559984,0.82218491,0.29445984,0.009422108681
32,3.902809,2293,4,0.86794276,2.31645948,0.73844011,0.74586417,1.27585034,0.013492579891
32,3.902809,2216,4,0.90644994,0.35314903,0.2399366,0.93999647,0.07964908,0.009062378858
32,3.902809,2219,4,0.90644994,0.78364709,0.97777056,0.48495839,0.37158824,0.007815775078
32,3.902809,238,4,0.91012375,0.40019329,0.82974042,0.96472159,0.32034212,0.029165853374
32,3.902809,243,4,1.01237488,1.87931246,0.76585317,0.86447026,1.24421251,0.011124294093
32,3.902809,246,4,0.92007894,1.11479929,0.65865009,0.86587953,0.635783,0.013811727794
32,3.902809,248,4,1.01237488,0.54950684,0.80255664,0.59778162,0.26362789,0.008061115443
32,3.902809,255,4,0.81086873,8.48401814,0.81866468,0.73091102,5.07659069,0.026498512109
32,3.902809,1568,4,1.01237488,0.57469864,0.86670284,0.5590807,0.27847415,0.009453920446
32,3.902809,1573,4,0.99010782,0.61134905,0.53658115,0.6997551,0.22954653,0.009786267718
32,3.902809,1543,4,1.01237488,0.65083446,0.636255,0.58928814,0.24402226,0.006299931146
32,3.902809,1551,4,0.87341983,0.20679618,0.59814896,0.8566465,0.10596282,0.033352834673
33,6.728654,0,0,0.0,30.19090716,0.71073285,0.71467558,15.33527248,0.507943414879
33,6.728654,32,1,0.38551023,0.94848647,0.88960506,0.51889864,0.43783545,0.204135925299
33,6.728654,34,1,0.38551023,1.01119461,0.97866833,0.58373433,0.57767758,0.252633206277
33,6.728654,22,1,0.35002328,2.40246262,0.8846738,0.60795586,1.2921468,0.237845468272
33,6.728654,18,1,0.38551023,0.78595842,0.69600511,0.74736618,0.40883253,0.230030559729
33,6.728654,17,1,0.38551023,0.90630869,0.65377424,0.92135391,0.5459218,0.266375301195
33,6.728654,30,1,0.38551023,0.66732535,0.80311276,0.76291277,0.40887356,0.270951194882
33,6.728654,21,1,0.30386785,4.8004507,0.709424,0.67307849,2.29220576,0.211159803444
33,6.728654,1434,1,0.38551023,1.99197619,0.61163467,0.69211404,0.84324525,0.187201542065
33,6.728654,114,1,0.38551023,1.79520887,0.96874833,0.67488967,1.1737044,0.289123512394
33,6.728654,118,1,0.35002328,0.35007933,0.5758861,0.80579474,0.16245291,0.205211023372
33,6.728654,122,1,0.30090624,2.65918072,0.49935469,0.53481998,0.71017373,0.118101772674
33,6.728654,124,1,0.38551023,0.09368859,0.7763113,0.55505763,0.04037018,0.190552060989
33,6.728654,129,1,0.38551023,0.84964877,0.73729517,0.78374174,0.4909687,0.255537141535
33,6.728654,139,1,0.38551023,0.62456577,0.62671785,0.90800536,0.35541737,0.251651856038
33,6.728654,16,1,0.33386166,1.8154725,0.69420994,0.79947794,1.00759729,0.245435272961
33,6.728654,1820,1,0.33386166,0.39627453,0.83357682,0.67826875,0.22404931,0.250027111348
33,6.728654,1327,1,0.38551023,0.62508756,0.74207102,0.54430058,0.25247892,0.178617471433
33,6.728654,3754,1,0.38551023,0.65787382,0.6472786,0.72763949,0.30984901,0.208279810555
33,6.728654,300,1,0.38551023,0.42776417,0.81377023,0.712799,0.24812658,0.256512506198
33,6.728654,328,1,0.38551023,0.69867769,0.86858631,0.8481577,0.51471457,0.325783623948
33,6.728654,349,1,0.38551023,4.6343304,0.5933331,0.92094261,2.53231738,0.241641100867
33,6.728654,46,1,0.38551023,7.29298783,0.86089587,0.94401213,5.92698308,0.3593915509
33,6.728654,54,1,0.38551023,0.47639597,0.8013699,0.64386012,0.24580608,0.228172978035
33,6.728654,595,1,0.34963815,3.16013217,0.81261552,0.926143,2.37830971,0.33281494918
33,6.728654,521,1,0.38551023,2.49969899,0.90986878,0.65597813,1.4919554,0.263941566383
33,6.728654,3533,1,0.38551023,1.6246769,0.68106139,0.64752269,0.71648691,0.195020793907
33,6.728654,295,1,0.38551023,1.08966568,0.64617872,0.73888638,0.52026377,0.211139734854
33,6.728654,471,1,0.38551023,0.33291148,0.58040808,0.76079781,0.14700479,0.195273074163
33,6.728654,489,1,0.38551023,0.69735802,0.87088535,0.97870042,0.59438325,0.376921075877
33,6.728654,450,1,0.38551023,0.69456572,0.44034258,0.74630253,0.22825429,0.145326649651
33,6.728654,1400,1,0.33386166,2.08073442,0.35406979,0.98119608,0.72287188,0.153632939911
33,6.728654,3721,1,0.38551023,0.77510663,0.9600888,0.73706309,0.54850112,0.312936146831
33,6.728654,750,1,0.38551023,1.02908451,0.67024722,0.62505874,0.43112866,0.185265911744
33,6.728654,688,1,0.34749423,3.29521866,0.88336715,0.30147872,0.87757077,0.117770785837
33,6.728654,3256,1,0.38551023,0.75189879,0.9278889,0.9528004,0.6647484,0.390964727891
33,6.728654,670,1,0.38551023,0.6841829,0.57238156,0.96945532,0.37965196,0.2453878711
33,6.728654,3269,1,0.38551023,0.63414092,0.77207573,0.89083456,0.43615689,0.304156161492
33,6.728654,605,1,0.38551023,1.16357134,0.96540426,0.88773142,0.99720356,0.378992369724
33,6.728654,3450,1,0.38551023,1.21702403,0.80492269,0.95213086,0.93271715,0.338914753547
33,6.728654,3401,1,0.38551023,1.03383651,0.81092295,0.4378936,0.36711325,0.157031889052
33,6.728654,575,1,0.38551023,1.27205374,0.66087117,0.67706255,0.56918187,0.19787241829
33,6.728654,1294,1,0.38551023,0.65287938,0.83202774,0.69071718,0.37520708,0.254142751725
33,6.728654,1979,1,0.33386166,0.17101866,0.64143285,0.85235128,0.09350037,0.241773936336
33,6.728654,141,1,0.38551023,0.5625952,0.71449634,0.93634031,0.37638279,0.29585124184
33,6.728654,145,1,0.33386166,0.48198122,0.76413359,0.7777632,0.28644866,0.262818750948
33,6.728654,159,1,0.38551023,0.95639434,0.87544414,0.85131168,0.71277759,0.329576850773
33,6.728654,882,1,0.38551023,1.50165009,0.73012555,0.73961013,0.81090344,0.238803154586
33,6.728654,213,1,0.38551023,0.90535746,0.66210994,0.73015053,0.43768594,0.213787433951
33,6.728654,2867,1,0.38551023,2.14536403,0.76297907,0.76024768,1.24442499,0.256511826021
33,6.728654,816,1,0.38551023,0.73026246,0.59867783,0.69037285,0.30182545,0.182774895107
33,6.728654,781,1,0.38551023,1.27914167,0.55844152,0.64835067,0.46313362,0.160113270835
33,6.728654,2379,1,0.38551023,1.66296886,0.60481826,0.75838518,0.7627792,0.202840368951
33,6.728654,2447,1,0.38551023,1.85737952,0.56413681,0.39670416,0.41567303,0.098967103978
33,6.728654,2451,1,0.33386166,0.74485225,0.86974332,0.696017,0.45090088,0.26770138195
33,6.728654,174,1,0.38551023,0.99184062,0.8989696,0.6923321,0.61730723,0.27523213266
33,6.728654,177,1,0.38551023,0.53376713,0.77230827,0.82039012,0.33819169,0.280188798665
33,6.728654,996,1,0.38551023,0.78536325,0.51261261,0.68490184,0.27573265,0.15525917881
33,6.728654,2653,1,0.33386166,2.396512,0.93254181,0.74781036,1.67124222,0.308389409113
33,6.728654,981,1,0.38551023,0.4014051,0.86517657,0.96537192,0.33526043,0.369350827432
33,6.728654,928,1,0.38551023,0.28198141,0.95354155,0.84920866,0.22833607,0.358091241842
33,6.728654,42,1,0.34749423,1.39742277,0.65222089,0.96404061,0.87865392,0.278054351518
33,6.728654,29,1,0.38551023,1.0241402,0.88223471,0.87520685,0.79077742,0.341455812609
33,6.728654,452,1,0.38551023,0.74932092,0.5419517,0.57740309,0.23448094,0.138381918849
33,6.728654,89,1,0.38551023,0.87730397,0.45031196,0.59845665,0.23642656,0.119175186588
33,6.728654,103,1,0.38551023,0.12850885,0.75022432,0.33750917,0.03253941,0.111973789386
33,6.728654,106,1,0.33386166,1.00600037,0.87099945,0.69340939,0.60758317,0.267083623042
33,6.728654,104,1,0.33386166,1.28125999,0.95927475,0.52475774,0.64496942,0.22260838848
33,6.728654,59,1,0.38551023,1.08131251,0.70762275,0.78014069,0.59693348,0.244126192061
33,6.728654,65,1,0.38551023,0.93230632,0.85314498,0.97912457,0.7787883,0.369403030191
33,6.728654,66,1,0.38551023,0.64687668,0.43713857,0.86977561,0.24595058,0.168138052718
33,6.728654,74,1,0.38551023,0.65962717,0.66451449,0.719919,0.3155634,0.211557171842
33,6.728654,1,1,0.32828641,5.68773514,0.50514993,0.89756005,2.57883277,0.200504202435
33,6.728654,2,1,0.38551023,4.43486131,0.21472583,0.71793464,0.68367429,0.068172445224
33,6.728654,3,1,0.34917175,0.2924848,0.64388542,0.85413414,0.16085626,0.243206026623
33,6.728654,4,1,0.38551023,1.29865739,0.85432886,0.47036841,0.52186457,0.177706326776
33,6.728654,5,1,0.38551023,0.13059044,0.90164143,0.91164784,0.10734266,0.363496830741
33,6.728654,6,1,0.32784968,2.12066379,0.67466366,0.47848429,0.68458412,0.142756095758
33,6.728654,7,1,0.38551023,0.36727095,0.81773547,0.44890297,0.13481925,0.162332315223
33,6.728654,8,1,0.27971212,7.2140176,0.60955859,0.36192971,1.59153754,0.09756169883
33,6.728654,10,1,0.38551023,0.13589174,0.73339003,0.86298841,0.08600685,0.279885001628
33,6.728654,11,1,0.28949637,12.17941521,0.6637319,0.31319021,2.5317878,0.091926458595
33,6.728654,14,1,0.27506344,4.32189297,0.73724526,0.72792965,2.31939869,0.237323674256
33,6.728654,9,2,0.50634979,1.77000181,0.63115317,0.9524389,1.06400974,0.104934839746
33,6.728654,12,2,0.4049581,5.17514517,0.47521874,0.43898965,1.07961865,0.017719502462
33,6.728654,13,2,0.47629509,2.99891163,0.92773754,0.43495366,1.21012934,0.034274553514
33,6.728654,15,2,0.40336284,0.31785232,0.82943001,0.7000839,0.1845675,0.119976234908
33,6.728654,70,2,0.4821061,1.4564978,0.81986847,0.94732991,1.13124135,0.062159898434
33,6.728654,71,2,0.4821061,0.13755972,0.67481728,0.64045614,0.05945206,0.034589194776
33,6.728654,72,2,0.4821061,0.55015596,0.71021675,0.74941028,0.29281706,0.042596647171
33,6.728654,73,2,0.5451938,1.22044258,0.56469163,0.88122725,0.60731865,0.155701021237
33,6.728654,75,2,0.47629509,2.18160172,0.75688693,0.67266985,1.11072983,0.043245074783
33,6.728654,1499,2,0.5451938,1.0129487,0.52297925,0.63330881,0.33549607,0.060882753963
33,6.728654,56,2,0.50634979,1.50000473,0.44589677,0.8386137,0.56090448,0.065274580255
33,6.728654,60,2,0.5451938,0.11742611,0.75455465,0.7152836,0.06337729,0.168873366159
33,6.728654,61,2,0.38551023,4.23710011,0.41018665,0.76492227,1.32943635,0.067044033115
33,6.728654,62,2,0.47358002,0.1482451,0.56134712,0.79513723,0.0661689,0.092222943022
33,6.728654,63,2,0.4821061,0.15020363,0.8021233,0.62758384,0.07561245,0.040288188826
33,6.728654,64,2,0.49087046,0.20559627,0.62635252,0.89409703,0.11513801,0.102953013254
33,6.728654,107,2,0.5451938,0.39697055,0.8244887,0.81450186,0.26658461,0.155738171085
33,6.728654,1475,2,0.48904264,0.82656379,0.63948253,0.83165671,0.43959136,0.054683149881
33,6.728654,1487,2,0.5451938,6.04419651,0.62392115,0.31171091,1.17549364,0.042609474358
33,6.728654,1604,2,0.5451938,0.52233284,0.60266571,0.82721938,0.26040212,0.155987346565
33,6.728654,1441,2,0.48904264,0.91463033,0.87297417,0.6757505,0.53955207,0.060655266531
33,6.728654,1445,2,0.47629509,2.02648652,0.89376335,0.61420625,1.11244997,0.046627319825
33,6.728654,1456,2,0.50606675,3.88341785,0.5636852,0.95023456,2.08008736,0.066571209045
33,6.728654,90,2,0.43101354,1.13635219,0.81656176,0.53279575,0.49438211,0.105318295119
33,6.728654,91,2,0.47629509,1.47195037,0.87728868,0.77637915,1.00255811,0.057852225827
33,6.728654,94,2,0.5451938,2.89740368,0.92152564,0.64831774,1.73102896,0.08443541414
33,6.728654,95,2,0.5451938,0.39717148,0.68781415,0.60918717,0.16641785,0.097171775176
33,6.728654,102,2,0.5451938,1.71899534,0.79443399,0.8258469,1.12779992,0.195036638089
33,6.728654,105,2,0.47358002,1.93854992,0.63142255,0.72653973,0.8893167,0.094786143396
33,6.728654,81,2,0.47629509,0.52988411,0.52053982,0.75825873,0.2091473,0.033525483874
33,6.728654,82,2,0.5451938,1.8065319,0.8795929,0.74648098,1.1861677,0.152271540599
33,6.728654,84,2,0.5451938,5.86072068,0.9506529,0.84035433,4.68204349,0.047415203724
33,6.728654,85,2,0.47629509,1.00333602,0.76239048,0.92126998,0.70471057,0.059657914292
33,6.728654,86,2,0.5451938,0.54637767,0.53003152,0.88470567,0.25620845,0.139398899125
33,6.728654,87,2,0.4091217,0.3799276,0.8024872,0.50435517,0.15377135,0.032392125816
33,6.728654,88,2,0.52070571,0.82195765,0.89289588,0.86346089,0.63371346,0.159647711066
33,6.728654,40,2,0.50606675,1.11157541,0.89425852,0.80626338,0.80145465,0.0896105231
33,6.728654,41,2,0.4821061,2.80390835,0.78003892,0.4384062,0.95886348,0.027368930233
33,6.728654,44,2,0.4821061,1.08096807,0.54120356,0.58810337,0.34405445,0.02547294579
33,6.728654,28,2,0.52070571,1.1415794,0.70522647,0.80743788,0.65004564,0.117911710006
33,6.728654,79,2,0.40411191,0.49642882,0.72718281,0.48362917,0.17458747,0.072664365287
33,6.728654,80,2,0.4821061,0.98437133,0.71522811,0.51086574,0.35967505,0.029242615411
33,6.728654,972,2,0.5204469,9.85525852,0.65438081,0.68506923,4.41807451,0.129894921
33,6.728654,2724,2,0.5451938,1.70111948,0.85951023,0.82361015,1.20422478,0.172682306143
33,6.728654,2745,2,0.51900903,1.89619763,0.92404093,0.76100263,1.33340158,0.072100664497
33,6.728654,2747,2,0.5451938,0.4643519,0.7960402,0.73041389,0.26999222,0.050097864284
33,6.728654,875,2,0.5099821,1.15660242,0.3680894,0.58750839,0.25012176,0.041911503573
33,6.728654,3906,2,0.4821061,0.41848007,0.44677959,0.65786384,0.12299972,0.023523080651
33,6.728654,2611,2,0.40602115,1.69419741,0.8800791,0.65014552,0.969385,0.058831920725
33,6.728654,2613,2,0.42052709,4.34231832,0.5903434,0.78478336,2.01175994,0.047635995489
33,6.728654,1013,2,0.5451938,0.44388264,0.89779039,0.7580647,0.30209907,0.10977440118
33,6.728654,2700,2,0.43912287,1.21199291,0.85424674,0.93157455,0.96449731,0.142175891741
33,6.728654,2672,2,0.47629509,0.70851478,0.61032496,0.75497024,0.32646744,0.039137640849
33,6.728654,2649,2,0.5204469,0.44688048,0.77547038,0.83453481,0.28920184,0.187515348326
33,6.728654,176,2,0.43912287,0.30432447,0.52172941,0.74267291,0.11791791,0.080234677721
33,6.728654,182,2,0.5451938,0.31960343,0.62734094,0.71741949,0.14384283,0.095656725427
33,6.728654,184,2,0.5451938,0.83398476,0.80350598,0.62355428,0.41785104,0.148943726313
33,6.728654,187,2,0.4821061,5.72337348,0.7922202,0.68131686,3.08920789,0.043197628791
33,6.728654,189,2,0.5099821,1.19362702,0.66885908,0.85786142,0.68488933,0.131290239045
33,6.728654,191,2,0.4821061,1.84570463,0.68627537,0.90522508,1.14661387,0.049718709481
33,6.728654,1051,2,0.5451938,0.22046125,0.74513624,0.64914248,0.10663702,0.101758535508
33,6.728654,1066,2,0.5451938,0.82152525,0.95145984,0.58414776,0.45659809,0.070320631737
33,6.728654,1079,2,0.49087046,8.50331088,0.52880342,0.61775617,2.77778997,0.060054689673
33,6.728654,2437,2,0.48904264,0.36305171,0.39213248,0.48402025,0.06890723,0.019515383376
33,6.728654,1048,2,0.49087046,11.46202721,0.6055099,0.6495254,4.50794721,0.072302441893
33,6.728654,848,2,0.5451938,4.56235681,0.58156704,0.79359719,2.10566438,0.064335630582
33,6.728654,811,2,0.47629509,3.67545147,0.71161897,0.79210815,2.07177549,0.047877964981
33,6.728654,813,2,0.5451938,1.16814106,0.55498264,0.47769944,0.30969159,0.060920890638
33,6.728654,3080,2,0.5451938,3.97938125,0.74579968,0.73914341,2.19364553,0.126672698448
33,6.728654,722,2,0.5451938,0.52144335,0.65185611,0.92759309,0.31529449,0.093548421743
33,6.728654,723,2,0.4821061,0.21394168,0.85473094,0.90501359,0.16549311,0.061908371988
33,6.728654,725,2,0.5099821,1.32966886,0.89041704,0.50873232,0.60231862,0.096793033731
33,6.728654,2907,2,0.5451938,0.18003204,0.89876653,0.35835836,0.05798481,0.067757842694
33,6.728654,2910,2,0.51900903,3.70570422,0.98725827,0.93539535,3.42213182,0.094686461204
33,6.728654,2860,2,0.5451938,0.62394316,0.8407981,0.66622036,0.34950602,0.104259617661
33,6.728654,2945,2,0.5451938,0.45118399,0.88979836,0.74565835,0.29935407,0.147607983731
33,6.728654,2969,2,0.5451938,0.67864459,0.95633443,0.70907547,0.46019791,0.085796949701
33,6.728654,837,2,0.4378939,0.65952711,0.68044865,0.63889237,0.2867185,0.125965092811
33,6.728654,212,2,0.5451938,2.47870341,0.26250429,0.78719719,0.51220581,0.06465649113
33,6.728654,215,2,0.40904382,0.32271371,0.80309279,0.87968911,0.22798819,0.145968901628
33,6.728654,221,2,0.43640274,1.46324203,0.81820051,0.70692531,0.84634892,0.122470625871
33,6.728654,222,2,0.4821061,0.40414311,0.66903263,0.72946011,0.19723502,0.039058333077
33,6.728654,223,2,0.50634979,0.96100622,0.81538326,0.74744918,0.58569249,0.106387662459
33,6.728654,229,2,0.5451938,0.87490303,0.87380374,0.59547271,0.45523504,0.030882251981
33,6.728654,232,2,0.5451938,0.30338247,0.67447428,0.74833752,0.15312757,0.157926534314
33,6.728654,894,2,0.5099821,3.74196029,0.70933235,0.30759498,0.81644734,0.046621937042
33,6.728654,2834,2,0.50634979,0.9363281,0.63404832,0.53914656,0.32007905,0.059672880494
33,6.728654,2795,2,0.50634979,2.68641386,0.59798417,0.83223123,1.33692368,0.086872337235
33,6.728654,898,2,0.5451938,1.01088998,0.67849697,0.49478173,0.33936376,0.105039769667
33,6.728654,902,2,0.5451938,1.53918305,0.71321615,0.70381932,0.77263188,0.105603298976
33,6.728654,906,2,0.4821061,6.8276625,0.69722793,0.64254303,3.05878561,0.035854349909
33,6.728654,206,2,0.47629509,1.387278,0.78859181,0.51511504,0.56353382,0.034503263302
33,6.728654,1156,2,0.5451938,0.59326133,0.77916771,0.83268749,0.38490985,0.119263428131
33,6.728654,1161,2,0.43101354,1.89937948,0.73441217,0.73302342,1.02251445,0.055197526452
33,6.728654,2273,2,0.48904264,0.34125752,0.69283221,0.68225314,0.16130798,0.048602024268
33,6.728654,1131,2,0.49087046,0.32492535,0.38103362,0.59635597,0.07383333,0.041773844734
33,6.728654,1141,2,0.40737326,0.82643653,0.74095298,0.8490154,0.51989509,0.115648975853
33,6.728654,2355,2,0.5451938,1.05875815,0.65383558,0.43874332,0.30372171,0.089757606306
33,6.728654,2314,2,0.50634979,1.03036172,0.47161652,0.75128187,0.36507461,0.061850002831
33,6.728654,1101,2,0.47629509,2.96636968,0.84534681,0.45148349,1.13214504,0.032417571442
33,6.728654,2154,2,0.5204469,0.84922803,0.88878335,0.76368975,0.57641755,0.196670866392
33,6.728654,2167,2,0.5451938,1.66769833,0.32561518,0.52739341,0.28638933,0.027988078804
33,6.728654,1210,2,0.51900903,1.6298122,0.7487243,0.46577081,0.56837081,0.035756590767
33,6.728654,1213,2,0.5451938,0.54483404,0.63074894,0.91686911,0.31508528,0.121663136147
33,6.728654,1146,2,0.51900903,0.96967753,0.58858473,0.69175243,0.39480898,0.041746645877
33,6.728654,2210,2,0.4821061,3.7796827,0.79005994,0.79517536,2.37453349,0.050279136929
33,6.728654,2189,2,0.47358002,0.11815075,0.62897216,0.96102109,0.07141687,0.124890594871
33,6.728654,2206,2,0.51900903,1.48704579,0.61818292,0.67815698,0.62340686,0.042984228701
33,6.728654,142,2,0.5451938,2.0277373,0.50368941,0.5182812,0.5293464,0.015493925935
33,6.728654,151,2,0.5451938,0.65645557,0.84878472,0.90974013,0.50689761,0.19436705147
33,6.728654,162,2,0.49087046,0.69839796,0.93579282,0.70743933,0.46235107,0.121703897006
33,6.728654,163,2,0.41536939,1.35209022,0.6856611,0.52403214,0.48581744,0.028756252643
33,6.728654,167,2,0.52070571,1.04481136,0.7025304,0.51112316,0.3751704,0.074354951422
33,6.728654,1176,2,0.36039163,1.35647255,0.67483645,0.79623904,0.72887493,0.045640005149
33,6.728654,1284,2,0.5451938,0.60928338,0.90502522,0.66469707,0.36652515,0.110580549776
33,6.728654,2069,2,0.5451938,7.12217351,0.62383783,0.71670478,3.18437759,0.083218237306
33,6.728654,2078,2,0.5451938,0.34804942,0.22032237,0.43472251,0.03333586,0.005684652612
33,6.728654,2024,2,0.5451938,0.74570099,0.61444038,0.79296008,0.36332543,0.102500553834
33,6.728654,1225,2,0.49087046,2.24854915,0.43144726,0.59220776,0.57451873,0.04697181997
33,6.728654,608,2,0.5451938,3.31412247,0.70871355,0.76332784,1.79287656,0.173982921022
33,6.728654,626,2,0.5451938,1.35101135,0.90548703,0.75356892,0.92185839,0.193534676907
33,6.728654,569,2,0.5099821,0.27332085,0.640252,0.86527996,0.15141899,0.118377427221
33,6.728654,572,2,0.42052709,1.66269677,0.33594581,0.62862981,0.35113753,0.021714255727
33,6.728654,3497,2,0.49087046,0.38950635,0.94342061,0.9419292,0.34612914,0.163365068102
33,6.728654,661,2,0.5451938,2.54893411,0.59265585,0.62547248,0.94486418,0.088824801004
33,6.728654,666,2,0.47629509,0.20976399,0.90065665,0.79528828,0.1502501,0.06083976464
33,6.728654,3326,2,0.5451938,0.50646369,0.39276696,0.28567459,0.05682702,0.033355341993
33,6.728654,642,2,0.50634979,1.00685379,0.5743085,0.78969055,0.45663437,0.079168058003
33,6.728654,650,2,0.4821061,0.30770728,0.83021173,0.70805344,0.18088089,0.047045681274
33,6.728654,238,2,0.5451938,1.34222792,0.91577414,0.73908287,0.90846413,0.104714961158
33,6.728654,249,2,0.5451938,0.24435099,0.88998971,0.95788488,0.2083111,0.189660401827
33,6.728654,254,2,0.5451938,0.15638289,0.38258607,0.90109531,0.05391246,0.020461293645
33,6.728654,264,2,0.5451938,0.58838936,0.73002601,0.93954366,0.40357115,0.214608784577
33,6.728654,3207,2,0.5451938,1.10654327,0.81505741,0.72475064,0.65364991,0.035059846373
33,6.728654,3209,2,0.5099821,3.65708535,0.93426684,0.89122436,3.04504055,0.111369598874
33,6.728654,3177,2,0.5451938,2.22484965,0.55920417,0.8986305,1.11802683,0.086568750773
33,6.728654,3190,2,0.5451938,1.01142655,0.38372716,0.86876699,0.33717876,0.105499599734
34,11.600564,0,0,0.0,0.50788235,0.43465004,0.47852117,0.10563407,0.207989247502
34,11.600564,1,1,0.23421649,4.7936386,0.50995725,0.95005156,2.32244927,0.092770724799
34,11.600564,35,1,0.22870082,1.4895575,0.51683583,0.64159516,0.49393633,0.063495609508
34,11.600564,47,1,0.27302644,0.6634587,0.56277249,0.70325116,0.26257732,0.075783265895
34,11.600564,9,2,0.37557965,2.4289884,0.64725893,0.75757585,1.19104896,0.04187976558
34,11.600564,7,2,0.30197605,1.5558169,0.67159302,0.4126776,0.43119682,0.02367102888
34,11.600564,31,2,0.28336767,5.53665559,0.70124959,0.92769402,3.60184387,0.05556194533
34,11.600564,2,2,0.37557965,0.14170168,0.88636034,0.85855698,0.10783368,0.064994933703
34,11.600564,14,2,0.34250673,1.75071429,0.87116775,0.39940328,0.60915623,0.029717582975
34,11.600564,17,2,0.37557965,0.46884991,0.8270945,0.80382996,0.31171174,0.056783137844
34,11.600564,591,2,0.37557965,1.01991653,0.91430319,0.58085701,0.54165668,0.045358589454
34,11.600564,368,2,0.30186764,5.45365005,0.69210453,0.94278754,3.55854772,0.05572955759
34,11.600564,869,2,0.37557965,4.75189411,0.85364939,0.84460967,3.42611816,0.061579427968
34,11.600564,2731,2,0.37216498,1.08423456,0.55719866,0.88285083,0.53336024,0.028756114625
34,11.600564,6,2,0.37557965,0.45842662,0.83333082,0.87970256,0.33606488,0.06261139389
34,11.600564,5,2,0.3222821,1.19377336,0.64152017,0.53715339,0.41136801,0.029431249616
34,11.600564,82,2,0.3122218,5.141691,0.76410614,0.45950417,1.8052989,0.020524659448
34,11.600564,2641,2,0.4009316,0.67322964,0.57126902,0.82046962,0.31554871,0.032701345038
34,11.600564,39,2,0.29919936,2.16445935,0.50424523,0.71619734,0.78167087,0.030844274864
34,11.600564,34,2,0.32285105,4.12748976,0.79578003,0.55384941,1.81915934,0.037643050033
34,11.600564,60,2,0.30277628,2.78536653,0.70458804,0.76949241,1.51015652,0.031693662107
34,11.600564,66,2,0.30726695,0.63546656,0.75535408,0.89166594,0.42800167,0.039371827411
34,11.600564,97,2,0.37557965,0.3294633,0.94738891,0.28020039,0.08745891,0.02267237957
34,11.600564,91,2,0.37216498,1.2778781,0.47260285,0.60142401,0.3632173,0.016615366086
34,11.600564,255,2,0.37216498,0.28728678,0.8167306,0.48948735,0.11485131,0.023369698912
34,11.600564,279,2,0.33918991,1.9110146,0.35717809,0.87422459,0.5967217,0.026669071455
34,11.600564,1259,2,0.35463831,0.9803584,0.55709391,0.69534284,0.37976267,0.027026501261
34,11.600564,3942,2,0.37216498,0.06502555,0.57167901,0.55889149,0.02077609,0.018677233874
34,11.600564,2232,2,0.32498889,0.09052312,0.80564204,0.51827026,0.03779705,0.024407945203
34,11.600564,3553,2,0.37557965,2.78653152,0.8779949,0.58405937,1.42893657,0.043797473637
34,11.600564,1893,3,0.43596842,0.32881148,0.71822954,0.79965144,0.18884738,0.015561870949
34,11.600564,1872,3,0.47672086,3.1255225,0.74708635,0.74684458,1.74390839,0.023299666094
34,11.600564,743,3,0.45112478,0.51757849,0.80913842,0.9076774,0.38012862,0.020093562835
34,11.600564,466,3,0.42110187,1.03417382,0.92367268,0.46790646,0.44696208,0.022174398894
34,11.600564,445,3,0.37251955,0.68281548,0.78218052,0.69584101,0.37163822,0.027924906735
34,11.600564,506,3,0.40804405,0.25853313,0.73613527,0.57702077,0.10981591,0.021727794026
34,11.600564,399,3,0.42117958,0.08912733,0.62702606,0.66305046,0.03705468,0.009060213445
34,11.600564,405,3,0.43638917,0.10199927,0.88953311,0.67194352,0.0609666,0.020714230862
34,11.600564,394,3,0.42110187,0.20775637,0.69257016,0.89050901,0.12813166,0.031642938389
34,11.600564,754,3,0.36520399,2.80965825,0.23018569,0.75234864,0.48657631,0.008858578285
34,11.600564,155,3,0.47672086,0.41275429,0.50036573,0.50076315,0.10342166,0.014443166476
34,11.600564,161,3,0.40804405,0.28733169,0.73216162,0.76409516,0.16074517,0.028616793128
34,11.600564,165,3,0.43596842,0.13682583,0.70371659,0.83909727,0.08079383,0.015999555447
34,11.600564,1791,3,0.47672086,2.70361569,0.77304774,0.85814091,1.79353509,0.025577510973
34,11.600564,1792,3,0.36027969,0.45156948,0.81118427,0.71654258,0.26247389,0.029732271071
34,11.600564,1832,3,0.42858507,21.86644547,0.7204927,0.63654897,10.02858352,0.008666155605
34,11.600564,21,3,0.37066288,2.6141583,0.87473938,0.79804413,1.82489328,0.015212894083
34,11.600564,153,3,0.47672086,0.98739217,0.62979833,0.72286824,0.44952135,0.023799572169
34,11.600564,15,3,0.34468052,5.345824,0.76426214,0.66539634,2.71855054,0.011082277209
34,11.600564,18,3,0.3839909,0.61872875,0.90225841,0.82114636,0.4584076,0.016145733028
34,11.600564,19,3,0.37347606,1.40619515,0.8028753,0.56901548,0.64241811,0.009955852003
34,11.600564,555,3,0.3655003,0.28767377,0.9526051,0.48663903,0.13335832,0.011381954634
34,11.600564,557,3,0.39904899,4.09926906,0.87513756,0.63039944,2.26151026,0.019119039115
34,11.600564,414,3,0.37306359,2.8005531,0.7580616,0.91731178,1.94744535,0.020290044985
34,11.600564,421,3,0.42110187,5.75256708,0.90138418,0.76883584,3.98662369,0.035556439503
34,11.600564,3087,3,0.42858507,0.55358366,0.88258064,0.8150105,0.39819964,0.013591978548
34,11.600564,3100,3,0.42110187,0.64519397,0.7769863,0.85083881,0.42653134,0.033918400739
34,11.600564,433,3,0.35043554,11.50334037,0.64118706,0.89792736,6.62292633,0.029539331862
34,11.600564,486,3,0.43638917,1.37341772,0.94628663,0.76551252,0.99489591,0.025104346532
34,11.600564,3073,3,0.42110187,1.08876348,0.56933186,0.76118593,0.4718346,0.022234683721
34,11.600564,3,3,0.47672086,0.3269699,0.54456594,0.78253794,0.1393361,0.025499079184
34,11.600564,8,3,0.35635108,1.09457914,0.95339101,0.81999212,0.85571255,0.021182565391
34,11.600564,10,3,0.47672086,0.17131944,0.83373869,0.73576732,0.1050938,0.023651778947
34,11.600564,146,3,0.47672086,2.17084924,0.68117544,0.76333913,1.12877184,0.020047945087
34,11.600564,312,3,0.42858507,1.51496473,0.60105479,0.78221619,0.71226792,0.008883946583
34,11.600564,305,3,0.40804405,0.71150072,0.58521322,0.89075648,0.37089285,0.026664883149
34,11.600564,1052,3,0.42110187,1.09656875,0.88049615,0.92516264,0.89326725,0.041794608585
34,11.600564,1050,3,0.40804405,1.33860989,0.82819986,0.6589046,0.73048571,0.027914140258
34,11.600564,2694,3,0.45112478,1.45456096,0.43782387,0.42829295,0.27275473,0.005130302446
34,11.600564,1077,3,0.47672086,1.25102788,0.70055252,0.67385225,0.59057135,0.018201146526
34,11.600564,731,3,0.42858507,0.42504794,0.52697298,0.88348736,0.19789126,0.008797388413
34,11.600564,866,3,0.37541791,1.33316925,0.71432774,0.96828368,0.92211569,0.035487453879
34,11.600564,911,3,0.4217537,1.92389316,0.68789358,0.7965531,1.05418526,0.015988124775
34,11.600564,353,3,0.35579235,1.53086853,0.82994294,0.83446415,1.06021468,0.015092534318
34,11.600564,343,3,0.45112478,0.50073798,0.72211692,0.85001799,0.30735917,0.016793384906
34,11.600564,920,3,0.43638917,3.83746672,0.79202827,0.7535811,2.29042094,0.020684480013
34,11.600564,1776,3,0.41919323,1.35799102,0.62879048,0.47972752,0.40963541,0.008565727961
34,11.600564,912,3,0.38841629,1.10985393,0.86830631,0.44464698,0.42850326,0.011265483849
34,11.600564,1769,3,0.37353947,1.11586075,0.85942078,0.79594629,0.76330765,0.012925718501
34,11.600564,3612,3,0.40804405,3.42941108,0.71667405,0.6425019,1.57912185,0.023553890775
34,11.600564,3174,3,0.36536053,2.3258872,0.66013261,0.74097925,1.13769508,0.025020949863
34,11.600564,1218,3,0.4217537,0.9852073,0.63234574,0.77127524,0.48049803,0.014230676019
34,11.600564,2616,3,0.42858507,0.2667085,0.79590496,0.53063584,0.11264052,0.007980367074
34,11.600564,1225,3,0.42110187,1.34757743,0.94052767,0.61638287,0.78122452,0.029743827226
34,11.600564,2563,3,0.47672086,2.04736784,0.50155904,0.59004565,0.60590363,0.016777700705
34,11.600564,2657,3,0.37201353,3.85782566,0.71754309,0.67311071,1.86327554,0.009126401353
34,11.600564,2637,3,0.47672086,1.50328699,0.36711772,0.69766363,0.38502891,0.005346107145
34,11.600564,327,3,0.42858507,0.53243604,0.73743553,0.64919334,0.25489749,0.009046137575
34,11.600564,1652,3,0.39201362,0.60363103,0.84752755,0.59911266,0.3065024,0.012634011622
34,11.600564,1663,3,0.40804405,5.11537573,0.79714907,0.86495312,3.52703402,0.035269448755
34,11.600564,3458,3,0.44861175,0.34914638,0.7545384,0.60195254,0.158581,0.011151688058
34,11.600564,332,3,0.40804405,1.4740761,0.93279888,0.52012309,0.71517785,0.024817653131
34,11.600564,1710,3,0.42858507,1.14266268,0.61318839,0.90951367,0.63726666,0.010538243667
34,11.600564,2738,3,0.42110187,0.68590456,0.35029527,0.92612562,0.22251939,0.016644811484
34,11.600564,2227,3,0.44861175,1.23240866,0.71683758,0.74947615,0.66211485,0.013190935511
34,11.600564,221,3,0.40804405,5.77973451,0.62435695,0.73652047,2.65782059,0.023522546359
34,11.600564,1512,3,0.4217537,9.46023403,0.65758132,0.41541004,2.58421315,0.007970544562
34,11.600564,3746,3,0.41919323,0.65906716,0.70350791,0.7174971,0.33267396,0.014333518794
34,11.600564,1308,3,0.47672086,0.51559616,0.50790967,0.81129847,0.21245982,0.023361025425
34,11.600564,1314,3,0.37341155,4.42028421,0.47942514,0.86980901,1.84329524,0.021395351242
34,11.600564,280,3,0.37980549,0.35510368,0.71335174,0.76548985,0.19390916,0.018924180718
34,11.600564,1103,3,0.42858507,2.92939046,0.8497793,0.8253226,2.05450474,0.01325241306
34,11.600564,1430,3,0.43638917,0.26351725,0.36343219,0.46359009,0.04439832,0.005838905536
34,11.600564,1344,3,0.43596842,1.63481126,0.49686741,0.73904284,0.600313,0.009949653312
34,11.600564,289,3,0.43638917,1.86624718,0.75334498,0.70025494,0.98450799,0.018282012508
34,11.600564,36,3,0.39862316,0.69715603,0.33718538,0.61618283,0.1448466,0.007200327633
34,11.600564,2050,3,0.44861175,9.3423296,0.56334224,0.56631248,2.98046231,0.007832951963
34,11.600564,110,3,0.36098137,0.60988486,0.88870806,0.77341968,0.41920089,0.03515935489
34,11.600564,40,3,0.36813745,0.46772756,0.64088307,0.60308078,0.1807787,0.019770645306
34,11.600564,3512,3,0.43638917,0.48585999,0.79298014,0.29794121,0.11478999,0.008187792166
34,11.600564,1424,3,0.47672086,3.1916991,0.84884483,0.73506851,1.99148972,0.037335738916
34,11.600564,2420,3,0.41919323,0.44621722,0.49700265,0.91891913,0.20378974,0.012968796535
34,11.600564,46,3,0.43596842,0.12969762,0.71781845,0.74692356,0.0695381,0.014527423385
34,11.600564,44,3,0.40804405,5.36978388,0.86040097,0.73941557,3.41622361,0.032542884509
34,11.600564,2020,3,0.42117958,4.03579537,0.71873534,0.68468091,1.98603252,0.010724164619
34,11.600564,2066,3,0.47672086,0.61043416,0.76868365,0.69899042,0.3279878,0.030460963494
34,11.600564,88,3,0.34069666,0.54536855,0.30125185,0.84226957,0.13837923,0.012979184131
34,11.600564,53,3,0.33274193,21.72670817,0.88010975,0.6701813,12.81513158,0.01674915192
34,11.600564,93,3,0.3835082,3.75859636,0.54952181,0.76719402,1.58458606,0.011971644897
34,11.600564,50,3,0.40804405,0.73291457,0.86417024,0.5587123,0.35386768,0.024697562987
34,11.600564,71,3,0.41919323,0.30244873,0.38221092,0.46461943,0.05370964,0.005042711706
34,11.600564,73,3,0.34126652,0.42440362,0.84011452,0.79549716,0.28363264,0.019500182102
34,11.600564,77,3,0.33141614,5.9167552,0.57489918,0.75983779,2.58461689,0.015833877049
34,11.600564,79,3,0.42117958,0.20050355,0.42771852,0.80249364,0.06882112,0.007480074198
34,11.600564,86,3,0.43638917,6.85020128,0.71924678,0.81128718,3.99719993,0.020222109678
34,11.600564,87,3,0.37472025,0.55879409,0.65069804,0.58760568,0.21365708,0.013859264321
34,11.600564,80,4,0.44375658,3.22396964,0.50225175,0.66457559,1.07611029,0.005146924288
34,11.600564,28,4,0.40157006,3.75783678,0.86845788,0.78968301,2.57714861,0.006997125737
34,11.600564,29,4,0.4527774,2.46349404,0.54873082,0.62938262,0.85079635,0.003523645672
34,11.600564,30,4,0.4527774,2.55728974,0.20757886,0.81931632,0.43492529,0.001735213237
34,11.600564,68,4,0.50269539,2.45146483,0.6017613,0.7389654,1.09011929,0.010110941023
34,11.600564,70,4,0.44375658,0.51306516,0.75139661,0.57858459,0.22305328,0.006703753539
34,11.600564,75,4,0.50269539,1.58027631,0.8111696,0.6853782,0.87856719,0.016656629111
34,11.600564,76,4,0.44375658,2.52667867,0.94759489,0.70356016,1.68451144,0.010280302451
34,11.600564,92,4,0.40944297,2.23165959,0.50340625,0.78515308,0.88206562,0.004032655045
34,11.600564,95,4,0.39179163,0.87598269,0.8117662,0.93839643,0.66728726,0.011104364169
34,11.600564,100,4,0.50269539,0.65698362,0.67244552,0.73780166,0.32595022,0.011280801421
34,11.600564,101,4,0.39650318,0.38958427,0.74161897,0.68949219,0.19921021,0.007884826212
34,11.600564,104,4,0.50269539,1.54877825,0.67288714,0.77025887,0.80272757,0.015528306686
34,11.600564,52,4,0.4527774,1.30443385,0.97822398,0.76410013,0.97501351,0.007626173893
34,11.600564,55,4,0.4527774,1.12810284,0.66553784,0.86660928,0.65064603,0.005884563041
34,11.600564,63,4,0.43323368,1.32048233,0.76596653,0.64362141,0.65098783,0.003267997019
34,11.600564,3650,4,0.47501463,2.39750849,0.63727043,0.40673221,0.62143038,0.005105530429
34,11.600564,3664,4,0.47506534,0.65009529,0.66686435,0.71264182,0.30894831,0.004355884521
34,11.600564,3670,4,0.52596408,0.95912189,0.45853722,0.78005348,0.34306213,0.006811342214
34,11.600564,3678,4,0.50269539,1.53946679,0.658899,0.91882152,0.93200949,0.019657930634
34,11.600564,2014,4,0.51950733,0.13435285,0.97090419,0.48920221,0.06381337,0.003789486685
34,11.600564,1966,4,0.43750107,1.36065683,0.56364653,0.66122597,0.5071137,0.006560122018
34,11.600564,136,4,0.44276333,2.6803403,0.95524338,0.67138015,1.7189865,0.009348865637
34,11.600564,139,4,0.44375658,7.99556444,0.88731394,0.8987523,6.37626631,0.01229700245
34,11.600564,2040,4,0.51950733,2.21397889,0.71555204,0.49892477,0.79040516,0.002848340417
34,11.600564,2047,4,0.50269539,2.86376274,0.79978355,0.75135164,1.72088855,0.019512076992
34,11.600564,62,4,0.44375658,6.28509067,0.47683637,0.98680233,2.95740695,0.00725573616
34,11.600564,3986,4,0.5361485,0.15726603,0.65793077,0.74934485,0.07753483,0.003555302106
34,11.600564,108,4,0.41935365,1.13132063,0.48856135,0.79489871,0.43935604,0.004280296372
34,11.600564,111,4,0.48299198,1.69286517,0.58522386,0.81294397,0.80538773,0.005243552068
34,11.600564,112,4,0.39649381,0.14716354,0.85929222,0.92306874,0.11672803,0.012230856251
34,11.600564,116,4,0.44375658,3.09586983,0.68232126,0.75843959,1.60211094,0.007979796837
34,11.600564,126,4,0.4527774,0.28233873,0.72586233,0.79635491,0.16320422,0.005897650753
34,11.600564,129,4,0.55987989,1.08087422,0.75242242,0.73304014,0.59616249,0.012009983651
34,11.600564,33,4,0.4112533,1.00215174,0.6186599,0.95543232,0.59235953,0.006030731916
34,11.600564,37,4,0.38350664,1.57793443,0.92713109,0.80890749,1.18339288,0.010503667426
34,11.600564,3996,4,0.40404366,2.03677303,0.85498262,0.92118892,1.60416348,0.021418831556
34,11.600564,1538,4,0.44276333,0.37085195,0.57471071,0.78340268,0.16696864,0.006563125811
34,11.600564,3518,4,0.48299198,0.44921176,0.69699474,0.86484853,0.27078255,0.006643738018
34,11.600564,1397,4,0.44276333,0.14839752,0.90907483,0.68915194,0.09296966,0.009132527735
34,11.600564,1417,4,0.39818177,0.62816909,0.71034346,0.60001659,0.26773688,0.006213095504
34,11.600564,1418,4,0.44375658,0.42182589,0.91578466,0.85583514,0.33061055,0.012085522142
34,11.600564,1506,4,0.39873423,0.61870648,0.66203174,0.54733597,0.22419064,0.005587464101
34,11.600564,1514,4,0.47506534,0.83283103,0.81697663,0.71556885,0.48687554,0.005358319538
34,11.600564,2383,4,0.41065916,0.35628389,0.93475142,0.71848225,0.23928108,0.007037495791
34,11.600564,2406,4,0.50269539,0.11747686,0.78236988,0.7747143,0.07120427,0.01557639913
34,11.600564,1519,4,0.39593439,0.66786443,0.71093946,0.9715129,0.46128519,0.010068333172
34,11.600564,1521,4,0.51388607,3.98620162,0.91318885,0.52458928,1.90958623,0.003515257357
34,11.600564,1552,4,0.50269539,1.66867429,0.92276328,0.64314843,0.99031439,0.012852125834
34,11.600564,3522,4,0.55987989,6.97864083,0.63700037,0.82182573,3.65334146,0.0112294435
34,11.600564,3523,4,0.50269539,2.54683534,0.84867644,0.81476251,1.7610596,0.014974303676
34,11.600564,223,4,0.50269539,1.43268103,0.33036459,0.62700776,0.29676721,0.004485799496
34,11.600564,226,4,0.48299198,0.5302386,0.36389711,0.83830081,0.16175206,0.003362183703
34,11.600564,230,4,0.39873423,0.11356441,0.84909069,0.7607514,0.07335658,0.00996044585
34,11.600564,231,4,0.44375658,2.78333097,0.92191146,0.96544235,2.4773103,0.013724530501
34,11.600564,240,4,0.44375658,0.2995916,0.9459473,0.53690098,0.15215659,0.007831466196
34,11.600564,1636,4,0.51950733,1.09482686,0.28205094,0.96019896,0.29650651,0.002193469879
34,11.600564,1641,4,0.44375658,2.10704045,0.24109826,0.72086629,0.36620281,0.002679974959
34,11.600564,1649,4,0.52596408,0.12360547,0.89248595,0.70502206,0.07777532,0.011714389907
34,11.600564,1565,4,0.48299198,4.0595559,0.78509484,0.58460177,1.86320556,0.005058540029
34,11.600564,3757,4,0.44276333,1.79534967,0.48760419,0.85890838,0.7519056,0.006105070134
34,11.600564,1589,4,0.45717368,0.45972138,0.60346531,0.55864383,0.15498227,0.009168052708
34,11.600564,1594,4,0.39818177,0.25480135,0.71928009,0.71134594,0.13037089,0.007458565066
34,11.600564,1330,4,0.49507892,0.49294648,0.72009958,0.71803873,0.25488261,0.003427534245
34,11.600564,1332,4,0.51388607,1.38171874,0.69810813,0.77313571,0.74575826,0.007944472667
34,11.600564,1260,4,0.52596408,2.49085326,0.82640823,0.74115143,1.52563179,0.011663672334
34,11.600564,1266,4,0.47506534,0.90377678,0.39035229,0.81265054,0.28669607,0.002907556127
34,11.600564,1268,4,0.44276333,0.6137366,0.82639191,0.95408739,0.48390068,0.011493455006
34,11.600564,1274,4,0.48299198,0.59608488,0.73565639,0.8565353,0.37560242,0.006944855697
34,11.600564,284,4,0.44375658,1.77558651,0.45099917,0.90705355,0.72635764,0.006307984424
34,11.600564,287,4,0.44375658,0.89364148,0.73716087,0.75752703,0.49902664,0.008610777082
34,11.600564,3951,4,0.50269539,0.21856682,0.90436575,0.91766181,0.18138902,0.017972157445
34,11.600564,1296,4,0.51335124,0.23520257,0.66750132,0.79286095,0.12447761,0.017324333847
34,11.600564,1301,4,0.47285694,1.62367203,0.48133987,0.56599486,0.44234654,0.003815621509
34,11.600564,1313,4,0.43269013,16.24570751,0.94246257,0.60841954,9.31549412,0.005947113592
34,11.600564,2522,4,0.41595798,0.29308223,0.57549525,0.88255605,0.14885846,0.007057247184
34,11.600564,261,4,0.44375658,0.26467715,0.85066148,0.64922721,0.14617393,0.008515995471
34,11.600564,262,4,0.52596408,0.8286148,0.73204385,0.73129391,0.44359,0.009966545094
34,11.600564,268,4,0.4527774,4.69969919,0.61394505,0.31836175,0.91858731,0.001994199072
34,11.600564,276,4,0.4527774,1.04981681,0.87395725,0.84302827,0.77347423,0.007517102232
34,11.600564,282,4,0.44375658,0.36190411,0.7706652,0.86076978,0.24007463,0.010229035799
34,11.600564,1384,4,0.50269539,1.65648814,0.62738096,0.94180463,0.97876963,0.012795745783
34,11.600564,1387,4,0.50269539,1.50125608,0.79791608,0.70466634,0.84410316,0.012846670219
34,11.600564,2479,4,0.4501839,2.30667829,0.64789449,0.90247596,1.34873601,0.010497060738
34,11.600564,2481,4,0.52596408,0.54827566,0.53736338,0.79403392,0.23394086,0.008125327005
34,11.600564,1395,4,0.44375658,5.00297649,0.74407117,0.81404754,3.03034942,0.009339985186
34,11.600564,1351,4,0.50269539,0.45198463,0.66986389,0.76488637,0.23158325,0.011706668401
34,11.600564,1123,4,0.51335124,0.82149064,0.81422481,0.87531906,0.58548172,0.023330180831
34,11.600564,3402,4,0.50269539,4.183251,0.74564811,0.75165086,2.34457433,0.012137340453
34,11.600564,1096,4,0.52596408,4.26223751,0.85504438,0.7940724,2.89391919,0.012640502335
34,11.600564,1099,4,0.50269539,1.43647195,0.67778535,0.62905805,0.61246327,0.010466746473
34,11.600564,1100,4,0.50269539,0.60020965,0.74116353,0.62990901,0.28021723,0.013987400968
34,11.600564,3175,4,0.45717368,0.82444534,0.88350845,0.88784337,0.64670903,0.021332258903
34,11.600564,293,4,0.44375658,1.19978695,0.86937335,0.70977456,0.74033944,0.009514997793
35,20.0,0,0,0.0,1.98480371,0.64042733,0.70309571,0.89372081,0.450281712353
35,20.0,1,1,0.1777241,1.07073492,0.77963222,0.6695902,0.55896014,0.223868960279
35,20.0,2,1,0.17740824,3.17677264,0.80446056,0.71932658,1.83830259,0.248156625173
35,20.0,186,1,0.2236068,0.77245047,0.84361782,0.96123121,0.62638918,0.347751181724
35,20.0,14,1,0.20570677,3.07091252,0.7895755,0.55639309,1.34909596,0.188395448958
35,20.0,15,1,0.2236068,0.11723589,0.84556784,0.52292103,0.05183763,0.189618005986
35,20.0,9,1,0.2236068,0.26121538,0.7891683,0.55620958,0.11465866,0.188236180906
35,20.0,79,2,0.24829663,0.58962249,0.77928228,0.88836331,0.40818727,0.163614576515
35,20.0,1509,2,0.28563238,0.18502993,0.51322186,0.80927807,0.07685018,0.088553861403
35,20.0,1926,2,0.31622777,1.14281903,0.75684882,0.61486373,0.53182099,0.154122955207
35,20.0,1594,2,0.28563238,1.92138465,0.79598013,0.70569474,1.07927825,0.119763283288
35,20.0,1876,2,0.28543595,0.07556083,0.62202591,0.51465695,0.02418929,0.075659400554
35,20.0,3,2,0.24347692,1.2633219,0.82429929,0.46674058,0.4860428,0.090927879265
35,20.0,73,2,0.30383429,0.48895055,0.87461171,0.43414257,0.18565754,0.068128491384
35,20.0,95,2,0.28543595,1.15716353,0.84421428,0.57995382,0.5665534,0.115713141287
35,20.0,5,2,0.24049747,0.13605846,0.47979121,0.66188532,0.04320765,0.067707943489
35,20.0,166,2,0.28543595,0.73726799,0.70630678,0.73244429,0.38141112,0.122265674361
35,20.0,657,2,0.28563238,0.65693984,0.70757549,0.68442191,0.31814294,0.103252665402
35,20.0,631,2,0.30383429,1.74944491,0.55685353,0.53506365,0.52125075,0.053459824559
35,20.0,385,2,0.28563238,0.50710394,0.73591138,0.68645651,0.25617428,0.107706801548
35,20.0,459,2,0.30383429,1.26944462,0.87344418,0.7974581,0.88421278,0.124975285848
35,20.0,2949,2,0.31622777,2.28893833,0.2092244,0.84886117,0.4065211,0.032072977029
35,20.0,617,2,0.28543595,1.72809414,0.77145024,0.76788321,1.02369478,0.140003749886
35,20.0,639,2,0.28543595,0.43368506,0.66197221,0.76055953,0.2183471,0.118989746811
35,20.0,32,2,0.26317505,1.20811202,0.57125149,0.54056847,0.37306565,0.05540630149
35,20.0,50,2,0.20851103,19.51372699,0.9095672,0.92657622,16.4458441,0.179688601019
35,20.0,265,2,0.28543595,0.34506277,0.40475433,0.80994207,0.11312109,0.077478647986
35,20.0,47,2,0.30383429,0.4858779,0.36550664,0.54864897,0.09743545,0.035980811529
35,20.0,1358,2,0.31622777,1.28988956,0.86934655,0.62572175,0.70166,0.180157980226
35,20.0,102,2,0.28543595,0.33061627,0.87978022,0.48944396,0.14236439,0.101768585657
35,20.0,899,2,0.30383429,0.04798622,0.85470579,0.65971052,0.02705743,0.101169864362
35,20.0,157,2,0.28543595,0.64951639,0.54120438,0.94651902,0.33272142,0.121067402228
35,20.0,12,2,0.26161582,2.03808051,0.80434913,0.33305168,0.54598104,0.063312986377
35,20.0,11,2,0.26505198,1.29191493,0.48084054,0.65129896,0.40459022,0.074014708879
35,20.0,49,2,0.30383429,0.60660539,0.8237225,0.2779004,0.13885975,0.041072506552
35,20.0,52,2,0.28563238,2.41943693,0.67034118,0.58732074,0.95254509,0.083941325187
35,20.0,8,2,0.26617422,0.90574657,0.81190319,0.739723,0.54397641,0.128049520256
35,20.0,53,2,0.30383429,0.31691546,0.76564803,0.90297844,0.21910383,0.124047397684
35,20.0,56,2,0.25006662,2.14771169,0.74316334,0.50321365,0.80317961,0.088383921927
35,20.0,63,2,0.23481937,1.92377884,0.92319505,0.92289722,1.63908679,0.18165668739
35,20.0,18,2,0.30383429,0.53355301,0.73660178,0.65327359,0.25674704,0.086339389696
35,20.0,28,2,0.30383429,0.062967,0.6570034,0.90470004,0.03742702,0.106648152936
35,20.0,23,2,0.24312539,0.85714217,0.60169101,0.89001926,0.45901385,0.126563798592
35,20.0,22,2,0.30383429,1.06802382,0.86707756,0.82805467,0.76682788,0.128824380042
35,20.0,16,2,0.30383429,0.21288288,0.8062418,0.49650288,0.08521731,0.07182376889
35,20.0,1472,3,0.33545986,3.50757062,0.80921199,0.6376657,1.80993005,0.043434951153
35,20.0,2045,3,0.30573984,1.23179515,0.77946175,0.36954373,0.35481268,0.049293751753
35,20.0,1486,3,0.28456431,27.72647351,0.82143766,0.78064273,17.77958279,0.109738282402
35,20.0,1785,3,0.36274765,8.79929503,0.6730023,0.92007896,5.44865778,0.063517805082
35,20.0,1685,3,0.36274765,0.80826204,0.88728258,0.62437482,0.44777467,0.054477768893
35,20.0,3954,3,0.38729833,0.59008853,0.88257269,0.74445752,0.38771052,0.096442495108
35,20.0,1532,3,0.28757165,3.72745514,0.8240308,0.58588079,1.79955502,0.041808103453
35,20.0,108,3,0.33031796,0.56955334,0.58983039,0.71755627,0.24105576,0.051015636529
35,20.0,109,3,0.30573984,0.81629626,0.50188978,0.86324566,0.35366377,0.074143654054
35,20.0,111,3,0.2830963,1.18471537,0.67275177,0.43730875,0.34854354,0.05034707521
35,20.0,103,3,0.30573984,1.67163629,0.74721774,0.8345587,1.04242748,0.106717413468
35,20.0,1748,3,0.30573984,0.73308825,0.82591525,0.94070243,0.56956594,0.13295937931
35,20.0,93,3,0.30573984,2.94074873,0.60223321,0.57438492,1.0172452,0.059196899139
35,20.0,90,3,0.30573984,5.83041236,0.69669948,0.71177318,2.89125486,0.084862990653
35,20.0,89,3,0.37724697,7.44814784,0.82815735,0.92991818,5.73595704,0.026389991892
35,20.0,84,3,0.34534202,7.6264135,0.57050164,0.52509054,2.28460666,0.015807418506
35,20.0,86,3,0.262692,4.39523984,0.6883299,0.62344542,1.8861562,0.073438924099
35,20.0,72,3,0.30573984,0.33614967,0.9488834,0.98329122,0.3136373,0.159671071038
35,20.0,70,3,0.30573984,1.75031169,0.75005231,0.7288739,0.95688412,0.093556761857
35,20.0,2596,3,0.3242532,3.40555382,0.67347116,0.68119694,1.56235397,0.079369524732
35,20.0,1119,3,0.27106613,1.92024208,0.77585461,0.53549137,0.79779039,0.071099090455
35,20.0,2569,3,0.28456431,1.06789355,0.59517468,0.60726617,0.38596818,0.061852144827
35,20.0,2540,3,0.36274765,2.82876845,0.74856521,0.83053384,1.75867007,0.07091226643
35,20.0,1181,3,0.37724697,3.32620303,0.83015748,0.93443719,2.58023555,0.095174227967
35,20.0,1156,3,0.362593,2.93565535,0.78389639,0.54727269,1.25941109,0.04946526822
35,20.0,2351,3,0.362593,0.83750135,0.54250378,0.66338374,0.30140684,0.039660754979
35,20.0,2286,3,0.36274765,2.06470208,0.75684215,0.34482812,0.53884688,0.020863852471
35,20.0,1303,3,0.27106613,0.96519045,0.5663171,0.56680571,0.30981819,0.054931963229
35,20.0,1301,3,0.37724697,0.45140522,0.29939688,0.71579227,0.09673884,0.025507571616
35,20.0,1076,3,0.36274765,2.52277899,0.90605596,0.8455871,1.93282519,0.061249125561
35,20.0,127,3,0.30573984,2.5378901,0.86071607,0.73273411,1.60058644,0.107928850112
35,20.0,132,3,0.24058662,3.42032007,0.83378619,0.80011791,2.28178875,0.11416682258
35,20.0,134,3,0.33545986,0.70854966,0.86044646,0.8838962,0.53888416,0.064019030055
35,20.0,129,3,0.33545986,4.41106864,0.68685898,0.82735597,2.50670829,0.047834798805
35,20.0,128,3,0.33414251,0.61904532,0.73601969,0.80927881,0.36873134,0.092815453645
35,20.0,929,3,0.33545986,6.55100284,0.88825457,0.55368408,3.22186449,0.041398390138
35,20.0,2847,3,0.2830963,0.41582743,0.90419048,0.81806682,0.30758266,0.126584327281
35,20.0,924,3,0.36274765,1.06928758,0.68210028,0.41371156,0.30174523,0.022559652628
35,20.0,915,3,0.29686316,0.33894137,0.61600991,0.47876065,0.09996103,0.017783189132
35,20.0,884,3,0.34677449,1.04000368,0.90491937,0.67281383,0.6331982,0.042917412872
35,20.0,885,3,0.30573984,0.54499472,0.86695818,0.58537281,0.27658141,0.086848420784
35,20.0,3021,3,0.2830963,3.15143807,0.5098353,0.80699152,1.29660489,0.070409312938
35,20.0,814,3,0.362593,0.27599971,0.47883573,0.63198268,0.0835219,0.03429351239
35,20.0,824,3,0.28456431,0.79578395,0.71875027,0.76371185,0.43682022,0.093937452899
35,20.0,2774,3,0.30573984,5.27404027,0.63816655,0.56872394,1.91416331,0.062110750245
35,20.0,2723,3,0.30573984,3.70557223,0.55238355,0.67360058,1.3787911,0.063675800898
35,20.0,2787,3,0.362593,0.14873217,0.87824756,0.70785772,0.09246297,0.06851036945
35,20.0,2796,3,0.38729833,2.82769557,0.48194769,0.96356095,1.31314217,0.068164322851
35,20.0,2766,3,0.27348742,2.12269632,0.57346198,0.63987217,0.7789072,0.06279558024
35,20.0,154,3,0.30573984,1.1925099,0.41461063,0.70073214,0.34646109,0.049719150995
35,20.0,1070,3,0.30573984,0.92867422,0.63116706,0.78690941,0.46124583,0.084996353264
35,20.0,693,3,0.36274765,0.63174513,0.57508999,0.42640251,0.15491642,0.019603882113
35,20.0,728,3,0.34534202,0.91733554,0.66527881,0.8730563,0.5328122,0.03064896448
35,20.0,718,3,0.28191229,0.51798992,0.56363878,0.82686469,0.24141076,0.056176608326
35,20.0,765,3,0.34534202,0.30226799,0.49663472,0.59251601,0.08894659,0.015527696287
35,20.0,739,3,0.30573984,0.54757335,0.81380662,0.86555629,0.38570817,0.120544600402
35,20.0,778,3,0.3242532,3.8857035,0.73070431,0.94444252,2.68155591,0.119393116754
35,20.0,776,3,0.30573984,0.10289132,0.8059882,0.85199609,0.07065535,0.117516138437
35,20.0,3236,3,0.34677449,3.9284589,0.86977998,0.81640217,2.78956043,0.050054404215
35,20.0,172,3,0.33031796,0.33232035,0.31532413,0.41016102,0.04298021,0.015589486095
35,20.0,177,3,0.30573984,0.32879189,0.86649369,0.68433278,0.19496374,0.101476148873
35,20.0,3352,3,0.38729833,3.00729195,0.44866865,0.58439942,0.78851706,0.008009132452
35,20.0,2089,3,0.34763302,4.12769189,0.71059061,0.87528635,2.56730158,0.075850469413
35,20.0,2058,3,0.362593,0.4927704,0.76847796,0.79275204,0.30020187,0.067137036678
35,20.0,2175,3,0.30573984,0.83215401,0.55320766,0.41773047,0.19230388,0.03954718422
35,20.0,1419,3,0.2830963,0.63657236,0.85211787,0.73243886,0.39730024,0.106807630867
35,20.0,112,3,0.27400138,3.81663913,0.96714032,0.76795448,2.83469324,0.127103116295
35,20.0,2199,3,0.33545986,0.70936922,0.50366398,0.41843017,0.14949829,0.01773976475
35,20.0,1384,3,0.362593,1.642185,0.80804623,0.76190604,1.0110199,0.082089571901
35,20.0,1352,3,0.3242532,2.02728265,0.72326755,0.74923905,1.09858505,0.093752201043
35,20.0,1331,3,0.30573984,1.23088617,0.74613265,0.60102303,0.55198217,0.076742931082
35,20.0,2259,3,0.36274765,4.73198383,0.93620649,0.19358103,0.85758602,0.01782158861
35,20.0,2328,3,0.30573984,0.53450677,0.74737639,0.76106877,0.30403003,0.097340708416
35,20.0,83,3,0.30573984,0.23920302,0.51423229,0.99192223,0.1220123,0.087290743864
35,20.0,82,3,0.34534202,3.88759578,0.43326021,0.67028375,1.12898613,0.015324184229
35,20.0,67,3,0.30573984,0.44994836,0.76621049,0.89416296,0.30826729,0.117245449111
35,20.0,6,3,0.33057679,0.38129684,0.48821873,0.5039795,0.09381894,0.021307625977
35,20.0,1698,3,0.3242532,2.05580212,0.49984458,0.90389214,0.92882289,0.078165244532
35,20.0,4,3,0.33057679,1.37045642,0.88357775,0.92927734,1.12526639,0.071104630062
35,20.0,1616,3,0.38729833,2.62837272,0.53064535,0.42118005,0.58743404,0.038347438701
35,20.0,1733,3,0.30573984,4.18595664,0.78044205,0.28402157,0.9278691,0.037933526075
35,20.0,81,3,0.28456431,1.86237435,0.8041773,0.79020075,1.18346721,0.10874779975
35,20.0,66,3,0.37724697,0.78825732,0.55850954,0.76308077,0.33594572,0.05034999838
35,20.0,382,3,0.30573984,0.74722022,0.73981176,0.61024951,0.33734734,0.077260924577
35,20.0,411,3,0.30573984,0.17866905,0.4046407,0.78964205,0.05708857,0.054680321072
35,20.0,391,3,0.37724697,0.50674621,0.69685329,0.81668269,0.28839333,0.022261612047
35,20.0,3734,3,0.362593,0.55388657,0.62748312,0.54106469,0.18804945,0.045269073632
35,20.0,497,3,0.30573984,1.65459988,0.58997455,0.86731702,0.84665044,0.087567384115
35,20.0,463,3,0.362593,0.4410749,0.74080854,0.83897244,0.27413597,0.060239049895
35,20.0,3499,3,0.30573984,0.46460379,0.96926347,0.90469817,0.40740683,0.150064091755
35,20.0,493,3,0.33545986,1.83644367,0.81129324,0.80521474,1.19968489,0.054988712016
35,20.0,638,3,0.28431935,4.48133278,0.47098107,0.54785479,1.15631486,0.013615662374
35,20.0,545,3,0.3242532,1.34054266,0.68719665,0.85488211,0.78753145,0.101636419126
35,20.0,3449,3,0.30573984,0.68693213,0.82714075,0.78184364,0.44423539,0.110670162891
35,20.0,183,3,0.37724697,0.50815952,0.89212171,0.79329909,0.35963432,0.024251729739
35,20.0,643,3,0.362593,6.71453291,0.93215168,0.63619369,3.98191286,0.068377602505
35,20.0,645,3,0.34677449,2.71126661,0.72040456,0.8441779,1.64885573,0.042868586886
35,20.0,660,3,0.34415526,4.03420397,0.87895806,0.64853582,2.29964061,0.034372064444
35,20.0,609,3,0.27503589,17.1778398,0.68739701,0.57236654,6.75850166,0.067330696144
35,20.0,3275,3,0.37724697,2.22022834,0.73674585,0.77810123,1.27277443,0.070333553749
35,20.0,169,3,0.30573984,0.74295615,0.42290364,0.80740052,0.25368432,0.058433469939
35,20.0,165,3,0.30573984,15.64847446,0.61900419,0.42650274,4.13130658,0.045180043744
35,20.0,160,3,0.30573984,0.52352364,0.44733141,0.70122521,0.16421893,0.053680696782
35,20.0,695,3,0.30573984,2.89788303,0.6647299,0.6641589,1.27937559,0.075552429846
35,20.0,34,3,0.34415526,2.88898794,0.52202299,0.8156864,1.23015144,0.025675348729
35,20.0,42,3,0.34534202,0.30203543,0.8767741,0.65899539,0.17451308,0.030488773235
35,20.0,37,3,0.34677449,0.23621995,0.93726603,0.80664749,0.17859251,0.053293642406
35,20.0,193,3,0.362593,20.62764937,0.96151921,0.84166845,16.69355186,0.094235439096
35,20.0,191,3,0.30573984,1.26003534,0.21534773,0.80292387,0.21786998,0.029590063482
35,20.0,36,3,0.28362314,0.98412679,0.4980612,0.69418873,0.34026033,0.022295159803
35,20.0,59,3,0.26458173,1.2071432,0.75074309,0.62558415,0.5669384,0.039533116357
35,20.0,269,3,0.26985025,0.95839325,0.76280017,0.30384338,0.22212851,0.039663568202
35,20.0,280,3,0.37724697,1.88496459,0.91701763,0.53268436,0.92076928,0.059931671255
35,20.0,248,3,0.27969908,0.33636625,0.76582339,0.57161985,0.14724764,0.074914718349
35,20.0,252,3,0.34763302,2.07511013,0.88981422,0.75819329,1.39997548,0.082275008186
35,20.0,13,3,0.33057679,0.31728955,0.53103064,0.60033778,0.1011512,0.027607241367
35,20.0,60,3,0.30573984,0.89963674,0.69594294,0.61475665,0.38489658,0.073216353947
35,20.0,61,3,0.30573984,7.49934168,0.84857881,0.90873873,5.7830156,0.131966120964
35,20.0,62,3,0.34415526,0.11282963,0.92470977,0.78466219,0.08186747,0.043751371681
35,20.0,20,3,0.27710318,1.17289466,0.64734799,0.84584683,0.64222697,0.047417351692
35,20.0,19,3,0.30121574,1.15790603,0.82515237,0.78578288,0.75077539,0.045705182463
35,20.0,17,3,0.34415526,0.49045858,0.78247467,0.8547187,0.32801661,0.040327100159
35,20.0,24,3,0.31212142,0.81093648,0.94781871,0.89425966,0.68734655,0.103365967824
35,20.0,29,3,0.28692041,0.26227932,0.79119816,0.52600134,0.10915312,0.050164018275
35,20.0,41,4,0.31777706,0.62825894,0.70019443,0.64103959,0.28199551,0.020269895182
35,20.0,46,4,0.35607046,0.73632722,0.44969212,0.70492212,0.2334142,0.01431543054
35,20.0,38,4,0.33361514,1.17803781,0.80107224,0.65708627,0.62008797,0.051818203594
35,20.0,246,4,0.37878338,0.66885706,0.73970397,0.92608839,0.458188,0.029475944955
35,20.0,249,4,0.32845384,0.36352959,0.40821959,0.61567154,0.0913656,0.027327099471
35,20.0,251,4,0.37878338,2.08423998,0.32907694,0.81716191,0.56047119,0.01157078748
35,20.0,237,4,0.40315421,0.76757749,0.8567323,0.90361634,0.59422572,0.035268246465
35,20.0,239,4,0.34497404,0.41141229,0.85845075,0.88160035,0.31136113,0.052932711827
35,20.0,605,4,0.37878338,1.64963839,0.41147357,0.59851866,0.40626405,0.030952290386
35,20.0,589,4,0.43853766,1.92815693,0.55523683,0.86373945,0.9247054,0.027373359983
35,20.0,3419,4,0.36190724,0.21791802,0.73997963,0.69628036,0.11227862,0.053848395632
35,20.0,30,4,0.41041788,1.95072426,0.69985427,0.36548177,0.49896401,0.009823834311
35,20.0,7,4,0.39910025,0.68719777,0.79400443,0.68695127,0.37482677,0.011068649169
35,20.0,10,4,0.39910025,2.33029911,0.78530034,0.91018916,1.66563222,0.048403417459
35,20.0,51,4,0.3751412,1.34246564,0.46454085,0.74597291,0.46521118,0.015084228904
35,20.0,55,4,0.41041788,1.2212315,0.64276902,0.97957452,0.76893639,0.015396410136
35,20.0,3344,4,0.36190724,0.52520177,0.77163385,0.91390415,0.37037196,0.073037029182
35,20.0,178,4,0.41041788,0.32035624,0.97737531,0.86442095,0.27065736,0.020659209497
35,20.0,184,4,0.41141355,2.48948915,0.71691234,0.67844196,1.21084622,0.007098503761
35,20.0,3431,4,0.37878338,0.93087283,0.87019487,0.23456675,0.19000863,0.01702299806
35,20.0,577,4,0.42599728,0.57910031,0.86485146,0.91187458,0.45669939,0.070778538187
35,20.0,579,4,0.42599728,1.07495748,0.95584478,0.77584996,0.79718001,0.066556438421
35,20.0,637,4,0.37878338,1.41908881,0.43028607,0.64606074,0.39449383,0.011961564413
35,20.0,3386,4,0.35366192,0.81505531,0.96000647,0.64257662,0.50278946,0.074673409306
35,20.0,3281,4,0.36190724,0.09426515,0.60864049,0.76324955,0.04379037,0.048550784995
35,20.0,3238,4,0.36190724,0.36210583,0.54973467,0.59842185,0.11912313,0.034381864869
35,20.0,3242,4,0.42599728,2.52881981,0.48795415,0.8398965,1.0363887,0.03678152605
35,20.0,694,4,0.35446402,0.74270191,0.65772856,0.82617394,0.40358288,0.034845122499
35,20.0,3297,4,0.35446402,0.41396112,0.80431898,0.66315699,0.22080262,0.03420333621
35,20.0,3303,4,0.37878338,0.27401955,0.63760797,0.3998924,0.06986802,0.018346618298
35,20.0,662,4,0.35446402,5.24467258,0.70985629,0.76982887,2.86604505,0.035041963943
35,20.0,3342,4,0.36190724,0.22615142,0.76169839,0.706088,0.12163014,0.056209629927
35,20.0,1599,4,0.36190724,2.54964325,0.50407611,0.45136534,0.58010117,0.023778977781
35,20.0,1805,4,0.36190724,3.00060814,0.54001657,0.87272643,1.41414682,0.049255425687
35,20.0,1807,4,0.41261671,0.57587411,0.68300849,0.65456328,0.25745735,0.018252720734
35,20.0,1656,4,0.37878338,0.28019471,0.72894101,0.89844269,0.1835028,0.028179943173
35,20.0,1792,4,0.42612892,2.5568712,0.80500275,0.66207283,1.3627368,0.032241060193
35,20.0,1639,4,0.36190724,1.26483751,0.70999805,0.65744888,0.59041025,0.048344862466
35,20.0,1573,4,0.42599728,0.19525326,0.79774745,0.66375699,0.10338864,0.047522523258
35,20.0,1904,4,0.39387833,1.1922425,0.70690646,0.83087472,0.70026447,0.066786315694
35,20.0,283,4,0.42599728,0.87103255,0.62533503,0.8061175,0.43908186,0.045241403351
35,20.0,1637,4,0.37878338,3.47759485,0.95111909,0.65944892,2.18119777,0.026988168271
35,20.0,1688,4,0.36190724,0.33552211,0.82063403,0.85398134,0.23513596,0.073243108066
35,20.0,1677,4,0.37878338,0.50267004,0.89027818,0.75412575,0.33748347,0.028888623552
35,20.0,1679,4,0.39910025,0.94495814,0.98799821,0.53523738,0.49970669,0.035810564919
35,20.0,1683,4,0.37878338,1.98749654,0.89873253,0.83828085,1.49736056,0.060890430068
35,20.0,1666,4,0.36190724,2.4015424,0.71719754,0.79051561,1.36156852,0.059254058487
35,20.0,1857,4,0.40315421,5.45393038,0.87227525,0.70693617,3.36312756,0.024312404025
35,20.0,240,4,0.38395284,0.51369661,0.4523701,0.64184275,0.14915205,0.028583197481
35,20.0,242,4,0.32845384,2.86313646,0.9168107,0.88297965,2.31778107,0.088019921967
35,20.0,229,4,0.42599728,1.88486164,0.64831264,0.58401052,0.71364896,0.033980527987
36,0.05,0,0,0.0,0.66388818,0.70812335,0.70714491,0.33243923,0.500745815876
36,0.05,3,1,3.02793836,8.09038981,0.92089231,0.63545936,4.7344123,0.013953869704
36,0.05,1,1,3.85665459,0.42435438,0.85413035,0.48207694,0.17473069,0.009818350762
36,0.05,2,1,4.0203809,0.82998366,0.25141881,0.70159466,0.14640421,0.004206124
36,0.05,369,1,3.77806264,1.60344967,0.61290637,0.41264896,0.40553675,0.006030772169
36,0.05,64,1,3.78840938,0.39745987,0.85613326,0.83890419,0.28546116,0.01712583546
36,0.05,27,2,5.01064929,0.24421972,0.45197274,0.8529651,0.09415085,0.000256164459
36,0.05,32,2,5.02814345,1.82726678,0.614592,0.83919179,0.94243213,0.000342707409
36,0.05,4,2,6.01360645,1.77715046,0.4020685,0.87954854,0.62846929,7.0830881e-05
36,0.05,5,2,4.76531998,0.74305068,0.51690017,0.68220337,0.26202273,0.000234312743
36,0.05,119,2,5.06261422,0.92107189,0.98125867,0.76011232,0.68699695,0.000495606108
36,0.05,522,2,5.40077872,1.30410242,0.63649705,0.78153147,0.64871593,0.000330535593
36,0.05,138,2,5.05599226,1.21870789,0.94949493,0.83172947,0.96244155,0.000524747177
36,0.05,146,2,5.40077872,2.0249135,0.87185883,0.5871677,1.03660859,0.000340160356
36,0.05,148,2,5.40077872,0.59040786,0.9109895,0.79294767,0.42649116,0.000479991195
36,0.05,31,2,4.75289939,1.63357335,0.73626065,0.57451824,0.69099364,0.000281067595
36,0.05,153,2,4.67340291,2.37028515,0.30360979,0.59200533,0.42603177,0.000119430915
36,0.05,535,2,6.01360645,1.7552023,0.54791264,0.42050524,0.40439886,4.6147217e-05
36,0.05,2239,2,5.905403,1.44706287,0.63741297,0.99420021,0.91702705,0.000296287954
36,0.05,719,2,6.01360645,0.13745614,0.72810948,0.7422687,0.07428857,0.000108248181
36,0.05,718,2,5.85437932,1.09027715,0.53688689,0.83108971,0.48648293,0.000128139885
36,0.05,714,2,4.93335416,0.97297993,0.723664,0.65608822,0.46195863,0.000136349276
36,0.05,853,2,4.71324238,0.99709752,0.79790329,0.69957546,0.55657341,0.000370902866
36,0.05,402,2,4.89755685,1.40586043,0.68614387,0.59128519,0.57036701,0.000269579933
36,0.05,3244,2,5.40077872,1.17716942,0.90391702,0.95976605,1.021252,0.000576460189
36,0.05,2113,2,5.40077872,5.35505926,0.86354057,0.74019271,3.42288123,0.0004247202
36,0.05,2971,2,5.40077872,3.46656441,0.70696487,0.75677441,1.85465677,0.000355500031
36,0.05,506,2,5.40077872,2.16251227,0.95884931,0.58371214,1.21034079,0.000371898526
36,0.05,2849,2,5.40077872,0.66282761,0.69725902,0.86530068,0.39990955,0.000400900458
36,0.05,412,2,5.40077872,0.38780324,0.80242284,0.99128509,0.30847025,0.000528539224
36,0.05,766,2,4.97667831,4.41484158,0.68163992,0.8009641,2.4103671,0.000156791204
36,0.05,28,2,5.40077872,1.47142577,0.78763784,0.64633963,0.74907571,0.00033826941
36,0.05,1263,2,5.40077872,1.05521566,0.96483434,0.7008985,0.71359058,0.000449348454
36,0.05,1202,2,5.40077872,0.98260425,0.73048151,0.75242856,0.54007384,0.000365216061
36,0.05,350,2,5.40077872,0.80073429,0.4644405,0.9050695,0.3365894,0.000279310575
36,0.05,1150,2,5.40077872,0.17938487,0.88281991,0.47453381,0.07514932,0.000278365014
36,0.05,3679,2,5.40077872,3.18401089,0.89540806,0.63116157,1.79943468,0.000375523319
36,0.05,297,2,5.27373582,3.0981757,0.69729257,0.78524141,1.69638443,0.000255998537
36,0.05,1291,2,4.70176557,0.62085594,0.8471168,0.66805061,0.35135287,0.000376034791
36,0.05,1793,2,5.40077872,0.40177591,0.60227825,0.42525623,0.10290388,0.000170185766
36,0.05,258,2,4.84611521,0.24855333,0.91809688,0.91425798,0.20863004,0.000557741088
36,0.05,3581,2,5.00796188,3.77610873,0.60448245,0.82863193,1.89142818,0.000332828673
36,0.05,434,2,5.85437932,0.94317468,0.84435794,0.44186382,0.3518902,0.000107144198
36,0.05,373,2,5.85437932,0.11617195,0.69207322,0.74919088,0.06023457,0.000148901183
36,0.05,11,2,5.40077872,0.73033593,0.87704806,0.87978292,0.5635359,0.000512712947
36,0.05,22,2,5.40077872,0.24293801,0.64080226,0.79828895,0.12427381,0.000339906539
36,0.05,69,2,5.40077872,1.3864387,0.57239843,0.49890701,0.39593027,0.000189755076
36,0.05,21,2,5.40077872,0.09149432,0.72853592,0.92903049,0.06192629,0.000449734605
36,0.05,75,2,6.01360645,0.67533785,0.2647989,0.9615852,0.17195905,5.0999594e-05
36,0.05,82,2,4.99592698,0.18075476,0.85096548,0.8852805,0.13617036,0.000352218439
36,0.05,73,2,6.01360645,0.56834267,0.80699775,0.77599881,0.35591283,0.00012542848
36,0.05,24,2,4.96526437,0.07175039,0.67611309,0.32249018,0.01564444,4.3671551e-05
36,0.05,19,2,5.40077872,0.58006616,0.75472621,0.86606145,0.37915403,0.000434323684
36,0.05,18,2,4.3145569,2.1531309,0.66103115,0.54972987,0.78242315,0.000241460794
36,0.05,67,2,5.40077872,0.26890925,0.46205981,0.67308258,0.08363196,0.000206653092
36,0.05,53,2,4.47972486,2.73893032,0.56240566,0.69669746,1.07318575,0.000260357014
36,0.05,15,2,4.31058486,1.06494974,0.6854754,0.96494502,0.70440683,0.000439511066
36,0.05,16,2,5.40077872,2.37905624,0.41486733,0.52375805,0.51694539,0.000144382755
36,0.05,9,2,5.15525019,0.27199193,0.65941822,0.82933207,0.14874604,0.000363383136
36,0.05,13,2,4.73484021,0.78647997,0.70466383,0.44976953,0.24926407,0.000210594671
36,0.05,7,2,4.48918274,3.78874067,0.3713442,0.83610664,1.17634091,0.00020630687
36,0.05,10,2,5.905403,0.37531081,0.92179906,0.52901074,0.18301716,0.000227992204
36,0.05,127,2,5.905403,0.24547485,0.81515918,0.76526506,0.15313036,0.000291657776
36,0.05,750,3,5.90413553,2.81444987,0.81300243,0.80118237,1.83322911,1.6276238e-05
36,0.05,176,3,6.21137198,0.89639996,0.29457868,0.93235386,0.24619765,5.74821e-06
36,0.05,178,3,7.01201902,2.40256368,0.92221269,0.44044771,0.97588887,6.579454e-06
36,0.05,172,3,6.32992376,0.29496238,0.44656588,0.45657244,0.06013978,2.527815e-06
36,0.05,175,3,7.01201902,2.48924153,0.63207515,0.90171126,1.41874141,5.150037e-06
36,0.05,165,3,6.21137198,12.16925052,0.81312088,0.91547206,9.05866166,1.55794e-05
36,0.05,163,3,6.32992376,1.77738849,0.83294707,0.78602625,1.1636887,8.117166e-06
36,0.05,457,3,6.75500279,0.55410805,0.99040852,0.41655656,0.22860346,9.736563e-06
36,0.05,3341,3,6.52610547,0.55308954,0.9448039,0.76031721,0.39731224,9.614528e-06
36,0.05,652,3,5.93421226,1.39370017,0.7145634,0.67679527,0.6740117,1.1413411e-05
36,0.05,3953,3,6.32992376,1.86079327,0.51461283,0.97122611,0.93003456,6.196564e-06
36,0.05,459,3,6.75004132,0.84498187,0.59397185,0.81255601,0.40781816,1.2060074e-05
36,0.05,35,3,5.74457688,5.93312025,0.85939571,0.70080649,3.57334086,1.260497e-05
36,0.05,3872,3,7.01201902,0.69778335,0.71616317,0.68534523,0.34248534,1.1983298e-05
36,0.05,3883,3,6.65867729,0.74865804,0.65112842,0.56080663,0.27337783,2.370901e-06
36,0.05,692,3,7.01201902,1.3599992,0.88286383,0.69508903,0.8345893,1.4982668e-05
36,0.05,646,3,7.01201902,0.28943766,0.81458615,0.45316314,0.10684314,5.810193e-06
36,0.05,950,3,7.01201902,1.81447778,0.57926605,0.29176528,0.30666439,1.527164e-06
36,0.05,930,3,6.72920698,0.24872347,0.83578881,0.35394317,0.07357781,4.827633e-06
36,0.05,3834,3,7.01201902,1.6130431,0.37957531,0.6678189,0.40888637,1.742821e-06
36,0.05,960,3,5.91423985,5.81085034,0.69842118,0.945053,3.83542285,8.046217e-06
36,0.05,2799,3,7.01201902,0.35263014,0.83280121,0.84875195,0.24925367,1.2292854e-05
36,0.05,3822,3,5.75960337,0.81430972,0.77189896,0.6416045,0.40329002,7.849271e-06
36,0.05,785,3,7.49422862,0.18974868,0.77190368,0.72062231,0.1055479,3.322368e-06
36,0.05,777,3,6.72920698,0.32966974,0.74680296,0.93657204,0.23058248,1.1414356e-05
36,0.05,423,3,6.91464312,2.49669965,0.85127235,0.52815373,1.12252281,5.480839e-06
36,0.05,433,3,6.91464312,1.92223467,0.70160503,0.79714002,1.07506249,6.817819e-06
36,0.05,730,3,7.01201902,0.67269633,0.94912793,0.6312478,0.40303586,1.5079348e-05
36,0.05,732,3,6.21412916,1.07367236,0.80290044,0.64827413,0.55884601,5.984773e-06
36,0.05,1090,3,6.49728049,4.00809832,0.55973471,0.91279207,2.04782321,9.023915e-06
36,0.05,1038,3,7.01201902,1.63235014,0.77185816,0.63486423,0.7998926,8.678077e-06
36,0.05,2836,3,7.01201902,2.64839675,0.76733039,0.68843769,1.39903983,9.187082e-06
36,0.05,836,3,7.01201902,0.15569662,0.64458615,0.84367083,0.08467071,3.738953e-06
36,0.05,1317,3,6.32992376,1.31410841,0.85015839,0.70107094,0.78323666,7.389445e-06
36,0.05,1294,3,6.21137198,0.33161903,0.89277346,0.75964678,0.22490153,1.4193957e-05
36,0.05,208,3,5.6561856,2.34849472,0.83027314,0.62852281,1.22555165,2.967833e-06
36,0.05,3416,3,6.33662068,0.27945053,0.56697518,0.54163873,0.08581806,3.01695e-06
36,0.05,398,3,6.91464312,0.34104278,0.87418833,0.7369068,0.21969816,7.853003e-06
36,0.05,395,3,6.21412916,1.04756207,0.42649066,0.54394557,0.24302152,2.667425e-06
36,0.05,392,3,6.21412916,0.21036145,0.792871,0.31886169,0.05318278,2.906914e-06
36,0.05,371,3,7.01201902,0.77086872,0.61295567,0.63946999,0.30215491,6.313827e-06
36,0.05,3833,3,5.67042047,1.14294185,0.70199767,0.71357129,0.57252858,4.921159e-06
36,0.05,3828,3,7.01201902,1.33591379,0.55995499,0.83724062,0.62629918,9.481718e-06
36,0.05,2749,3,6.91464312,0.25503646,0.57406002,0.70925138,0.10383883,4.963359e-06
36,0.05,2732,3,7.01201902,0.86936632,0.49964624,0.86895935,0.37745475,8.781035e-06
36,0.05,354,3,5.08978989,0.03917928,0.95773915,0.93159129,0.03495659,1.867339e-05
36,0.05,515,3,6.21412916,6.18603804,0.69914471,0.75263794,3.25511077,6.05035e-06
36,0.05,465,3,6.7161452,29.49606839,0.72684679,0.88220625,18.91372817,7.821906e-06
36,0.05,34,3,5.97266864,3.07549366,0.61181981,0.85991977,1.61806626,7.041626e-06
36,0.05,487,3,6.72920698,0.55831877,0.85608301,0.40029246,0.19132667,5.59239e-06
36,0.05,544,3,7.49422862,1.40092878,0.68201251,0.50013894,0.47785822,2.037323e-06
36,0.05,574,3,6.33662068,2.72749594,0.81807786,0.93046153,2.07614258,7.478034e-06
36,0.05,594,3,6.5129649,1.53155518,0.8061469,0.88680279,1.09489857,7.169177e-06
36,0.05,150,3,6.21412916,0.28393984,0.43216426,0.95296974,0.11693763,4.735385e-06
36,0.05,2281,3,6.69083904,0.88970349,0.79879045,0.35866116,0.2548957,2.139043e-06
36,0.05,132,3,6.75500279,0.31014538,0.93961174,0.81943102,0.23879551,1.8170973e-05
36,0.05,140,3,5.67437077,1.11499774,0.74429475,0.60959574,0.50589556,5.21692e-06
36,0.05,137,3,7.01201902,5.15661513,0.32358817,0.67285941,1.12274645,5.315841e-06
36,0.05,29,3,7.49422862,0.25091775,0.66201805,0.72914884,0.12112043,1.628131e-06
36,0.05,737,3,7.01201902,0.25805343,0.5296647,0.87109871,0.11906333,1.1612516e-05
36,0.05,738,3,5.44231107,2.99874735,0.86307267,0.91030348,2.35599001,1.6443115e-05
36,0.05,30,3,5.28639583,0.29144066,0.82739546,0.65616297,0.15822496,6.242408e-06
36,0.05,98,3,7.01201902,7.33033852,0.59208151,0.55299946,2.40010499,7.993946e-06
36,0.05,20,3,7.01201902,0.14530565,0.86711621,0.63599061,0.08013283,3.791613e-06
36,0.05,2940,3,6.21412916,0.75593625,0.57082599,0.85433427,0.36865212,5.607366e-06
36,0.05,1576,3,7.01201902,2.87122129,0.19374925,0.58923238,0.32778819,1.838951e-06
36,0.05,1569,3,7.01201902,0.4534272,0.65418328,0.94137764,0.27923567,1.4075936e-05
36,0.05,1619,3,7.01201902,0.6514393,0.83702579,0.32463841,0.17701607,1.868249e-06
36,0.05,259,3,5.10062107,0.44244692,0.86756789,0.70087572,0.26903307,5.973638e-06
36,0.05,246,3,6.33662068,1.39775871,0.6434798,0.80307669,0.72231086,5.076757e-06
36,0.05,253,3,6.72920698,1.33209098,0.75158367,0.82451545,0.82548659,1.0113008e-05
36,0.05,2670,3,6.72920698,1.31358817,0.8978969,0.5968809,0.70400117,8.746179e-06
36,0.05,2479,3,7.01201902,0.633755,0.8625244,0.70203076,0.38375048,1.0530721e-05
36,0.05,324,3,7.49422862,0.74506958,0.87523215,0.66327258,0.43252592,1.958027e-06
36,0.05,1405,3,6.46843835,0.18188427,0.9217394,0.30458544,0.05106372,1.596668e-06
36,0.05,2642,3,6.33662068,0.55394706,0.78600072,0.94571467,0.41176681,7.302599e-06
36,0.05,2650,3,7.01201902,1.08992774,0.68336415,0.8104614,0.60364587,9.63197e-06
36,0.05,1532,3,6.75500279,15.5913431,0.87689998,0.88211163,12.06027289,1.8255384e-05
36,0.05,2592,3,7.01201902,0.75081924,0.95459158,0.85003559,0.60924237,1.6782201e-05
36,0.05,1421,3,6.72920698,0.64734863,0.83460948,0.70134252,0.37892366,9.552514e-06
36,0.05,1461,3,7.01201902,0.4820191,0.69612423,0.78339146,0.26286322,8.784337e-06
36,0.05,1255,3,6.91464312,3.91050033,0.48246076,0.67711536,1.27748847,3.982381e-06
36,0.05,1186,3,6.49728049,1.94306453,0.66549173,0.659476,0.85276404,7.751443e-06
36,0.05,1213,3,7.49422862,0.54995388,0.74561757,0.55381145,0.2270933,2.466351e-06
36,0.05,14,3,5.65865737,0.09867951,0.70652532,0.9798583,0.0683153,7.724451e-06
36,0.05,285,3,6.33662068,4.25332064,0.4767381,0.42390309,0.85955678,1.985367e-06
36,0.05,290,3,7.01201902,2.42431315,0.85616037,0.70693053,1.4673056,9.803841e-06
36,0.05,47,3,6.21137198,0.43532348,0.65578483,0.77559925,0.22141694,1.0645088e-05
36,0.05,44,3,5.547504,0.82633323,0.61538953,0.97981111,0.49825043,6.932978e-06
36,0.05,60,3,6.00342447,0.68443727,0.67451404,0.70360421,0.32482772,4.759349e-06
36,0.05,12,3,7.49422862,1.02427824,0.58337266,0.7584376,0.45319371,1.492345e-06
36,0.05,8,3,7.49422862,0.29725154,0.53052239,0.22097121,0.03484685,3.95406e-07
36,0.05,270,3,6.5129649,1.78793337,0.65452239,0.60870443,0.71233175,3.995389e-06
36,0.05,6,3,7.49422862,0.54960965,0.8208241,0.85788897,0.38702189,2.375114e-06
36,0.05,293,3,7.01201902,0.41741938,0.64355375,0.87773372,0.23578719,1.1682662e-05
36,0.05,281,3,5.68643514,4.72298644,0.516258,0.49813645,1.21459592,1.462556e-06
36,0.05,3108,3,7.3670725,3.68447316,0.73928444,0.38469082,1.04784921,1.735355e-06
36,0.05,39,3,5.83270119,0.14944662,0.80914789,0.76178372,0.09211825,7.518984e-06
36,0.05,37,3,5.80981764,2.56781838,0.70343873,0.59937572,1.0826541,4.704376e-06
36,0.05,36,3,7.01201902,0.40666937,0.60065485,0.59970436,0.14648855,7.450002e-06
36,0.05,17,3,7.01201902,1.03024042,0.79744796,0.68652863,0.56402661,3.764064e-06
36,0.05,51,3,6.72920698,1.3996929,0.66685919,0.91763235,0.85651627,9.986356e-06
36,0.05,52,3,7.01201902,0.36414237,0.81132717,0.64529041,0.19064369,3.599542e-06
36,0.05,55,3,5.61173575,0.33694687,0.69281445,0.79437767,0.18544084,5.406776e-06
36,0.05,78,3,6.21412916,0.6451762,0.79160492,0.94305444,0.48164115,8.583661e-06
36,0.05,92,3,6.21412916,0.20992182,0.6636663,0.88829789,0.12375592,6.778533e-06
36,0.05,88,3,6.33662068,1.04339694,0.70572052,0.77507365,0.57072287,5.373659e-06
36,0.05,85,3,5.48782135,1.10115604,0.84651348,0.91003402,0.84828224,9.550838e-06
36,0.05,80,3,7.49422862,2.09485541,0.69615076,0.89358452,1.30314574,2.098178e-06
36,0.05,42,3,7.49422862,1.36301309,0.7834637,0.36291278,0.38754413,9.59013e-07
36,0.05,96,3,5.8024222,0.85932391,0.70747819,0.63715339,0.38735927,7.356331e-06
36,0.05,23,3,5.22073174,0.7826324,0.59594773,0.65358243,0.30483607,3.906039e-06
36,0.05,25,3,6.23001074,0.67898519,0.97489037,0.65822509,0.43570296,1.1103904e-05
36,0.05,26,3,7.49422862,0.42347422,0.87999457,0.89176692,0.33232141,2.646883e-06
36,0.05,70,4,8.72716807,1.02664916,0.61285386,0.31873122,0.20054119,1.3881e-08
36,0.05,89,4,7.17576324,0.19724662,0.52965891,0.51324552,0.05362052,6.9991e-08
36,0.05,90,4,6.67021246,2.08657075,0.69641722,0.55907526,0.81240558,8.8241e-08
36,0.05,91,4,6.7733078,0.55092218,0.49791141,0.84281451,0.23119282,2.21891e-07
36,0.05,93,4,7.28012112,0.33454989,0.74773964,0.56408622,0.14110967,2.53174e-07
36,0.05,97,4,7.33171065,2.03846589,0.8072054,0.5542867,0.91205697,1.00231e-07
36,0.05,81,4,8.72716807,2.1285571,0.9243716,0.438433,0.862651,4.5837e-08
36,0.05,83,4,8.31675482,8.24392836,0.66685357,0.57435613,3.15751881,6.8651e-08
36,0.05,84,4,8.07974174,2.0948996,0.4764846,0.52393679,0.5229871,1.18718e-07
36,0.05,87,4,8.72716807,1.17390816,0.6590006,0.51485509,0.39829508,1.5494e-08
36,0.05,38,4,7.28012112,0.87328595,0.27832259,0.8122958,0.19743272,1.35702e-07
36,0.05,40,4,6.47447583,1.46690319,0.59927113,0.53623658,0.47139096,1.92887e-07
36,0.05,63,4,7.46141881,3.79700064,0.92326381,0.48134816,1.68743014,1.49018e-07
36,0.05,65,4,6.87430286,0.75220155,0.69185475,0.96567553,0.50255127,1.24269e-07
36,0.05,66,4,6.57686406,0.72085069,0.72310129,0.78819278,0.41084396,1.91111e-07
36,0.05,56,4,8.31675482,0.34107817,0.78685208,0.68022059,0.18255629,9.5936e-08
36,0.05,57,4,7.12564388,1.39278008,0.5515563,0.88655645,0.68104967,1.61435e-07
36,0.05,61,4,7.28012112,0.69622516,0.61348023,0.75582055,0.32282635,2.78318e-07
36,0.05,62,4,8.72716807,4.0741231,0.79193048,0.69687484,2.2484125,3.9219e-08
36,0.05,43,4,8.31675482,2.91506079,0.80513295,0.59369826,1.39341664,8.5678e-08
36,0.05,46,4,8.72716807,1.0779364,0.35668607,0.7468518,0.28715324,5.016e-09
36,0.05,286,4,7.65383184,3.29975764,0.83890489,0.73908746,2.04592918,4.59981e-07
36,0.05,289,4,7.28012112,2.95118206,0.64498714,0.87218524,1.66018235,3.37662e-07
36,0.05,292,4,7.65383184,4.14940329,0.58843283,0.62801643,1.53339325,2.74157e-07
36,0.05,294,4,7.65383184,0.82564273,0.4492438,0.89641892,0.33249511,2.98761e-07
36,0.05,295,4,7.23433097,8.5215057,0.70710052,0.80652266,4.8597516,3.9718e-08
36,0.05,2579,4,8.31675482,0.76733671,0.89536363,0.63845724,0.4386491,5.0059e-08
36,0.05,3112,4,7.48606074,4.33675944,0.6023603,0.78737614,2.05685618,1.0749e-07
36,0.05,273,4,8.31675482,0.27265319,0.68908565,0.67659498,0.12711962,1.77478e-07
36,0.05,276,4,8.31675482,0.21572392,0.87972769,0.52505189,0.09964346,1.7583e-07
36,0.05,284,4,8.72716807,0.18656299,0.67158904,0.77830998,0.0975173,4.0525e-08
36,0.05,1594,4,7.65383184,3.17048905,0.92898726,0.62057009,1.82779235,2.92234e-07
36,0.05,1617,4,8.06886649,1.5502781,0.96273039,0.38429566,0.5735612,1.37805e-07
36,0.05,3584,4,8.23482177,0.89825003,0.50701058,0.64994198,0.29599805,8.6004e-08
36,0.05,1547,4,7.75035062,0.80800443,0.47842006,0.68470417,0.26468303,1.26619e-07
36,0.05,2576,4,6.87430286,1.183079,0.82951733,0.56997146,0.55936118,8.7942e-08
36,0.05,1651,4,8.06886649,0.50586876,0.69257808,0.69381554,0.24308078,1.78981e-07
36,0.05,1667,4,7.88762662,0.9045917,0.69683893,0.54685122,0.34471024,1.40658e-07
36,0.05,1681,4,7.65606957,0.15591787,0.59664556,0.65805771,0.0612176,1.13121e-07
36,0.05,1683,4,7.88762662,0.28729276,0.8237511,0.79045215,0.18706661,2.798e-07
36,0.05,3601,4,7.04405776,12.96352599,0.42734094,0.88275585,4.89033089,2.95379e-07
36,0.05,2542,4,8.10123835,0.79670829,0.6080861,0.75883802,0.36763215,4.01131e-07
36,0.05,2556,4,8.31675482,0.75144867,0.79608792,0.8757805,0.52390872,2.88111e-07
37,0.086203,0,0,0.0,2.00094973,0.79415693,0.89366338,1.42009197,0.709708971534
37,0.086203,7,1,2.63754089,3.10121054,0.94676597,0.67813529,1.99108702,0.036161739702
37,0.086203,1,1,3.40596,0.08068475,0.72814035,0.73275262,0.04304909,0.030051268152
37,0.086203,2,1,2.61019185,2.7466633,0.25715036,0.96980755,0.68498037,0.0140463352
37,0.086203,15,1,3.40596,0.36282659,0.82443356,0.65790496,0.19679676,0.030549854831
37,0.086203,69,1,3.40596,0.30300839,0.53520172,0.62430662,0.10124419,0.018819399796
37,0.086203,16,1,2.55218547,4.41324801,0.67840897,0.44848295,1.34275216,0.017136725906
37,0.086203,25,2,3.47296913,2.56803487,0.7903124,0.44448363,0.90210167,0.001008123921
37,0.086203,472,2,4.30780518,1.31273668,0.96896173,0.96092448,1.22228787,0.002672115516
37,0.086203,4,2,3.68416,2.13821806,0.88303723,0.9005677,1.70038543,0.000886478977
37,0.086203,6,2,3.10018,3.46284888,0.8972806,0.61387911,1.90741273,0.000614022374
37,0.086203,1471,2,4.30780518,3.09929141,0.88717724,0.86702915,2.3840014,0.002207513865
37,0.086203,23,2,3.68570143,4.16657897,0.61512006,0.40450977,1.03673682,0.00033839722
37,0.086203,28,2,3.89002942,1.41723214,0.52612024,0.72440223,0.54013931,0.000424852182
37,0.086203,24,2,4.25607967,0.96798319,0.91066821,0.82558226,0.72776027,0.001022488444
37,0.086203,58,2,4.30780518,1.13046367,0.36468624,0.57455415,0.23686831,0.000601325602
37,0.086203,858,2,4.30780518,2.96060026,0.78838893,0.80815791,1.88632499,0.001828504754
37,0.086203,3,2,3.51804213,0.75725854,0.59562414,0.76008791,0.34283117,0.000504671963
37,0.086203,207,2,4.30780518,1.66803194,0.85339419,0.62081471,0.88372276,0.001520446087
37,0.086203,700,2,4.30780518,1.47092915,0.54774743,0.88423175,0.71242346,0.001389971201
37,0.086203,1437,2,4.29111466,7.42040968,0.78429522,0.5915555,3.44272992,0.00051718763
37,0.086203,523,2,4.25607967,0.61320448,0.97298825,0.40140314,0.23949347,0.000531161075
37,0.086203,1528,2,3.87877378,0.82484171,0.50448408,0.7872331,0.32758306,0.001139751469
37,0.086203,1160,2,4.25607967,0.77319095,0.77281862,0.90214689,0.53906557,0.000948184205
37,0.086203,339,2,3.59989044,4.70941348,0.68354794,0.53061465,1.70810685,0.001040896527
37,0.086203,247,2,4.25607967,0.11974308,0.69109541,0.63957427,0.05292726,0.000601127886
37,0.086203,260,2,3.93872113,0.67411082,0.47647613,0.83301258,0.26756174,0.000442451596
37,0.086203,1000,2,4.25607967,0.67669546,0.72483514,0.65871106,0.32309293,0.000649339882
37,0.086203,307,2,4.30780518,0.62357254,0.72683888,0.68531891,0.31061172,0.001429519919
37,0.086203,2863,2,4.30780518,2.50985891,0.43239434,0.93967634,1.0197826,0.001166051245
37,0.086203,151,2,4.25607967,0.5274597,0.21361315,0.7498287,0.08448495,0.000217835137
37,0.086203,67,2,4.25607967,0.50240853,0.79159555,0.75678305,0.30097592,0.00081472796
37,0.086203,116,2,4.29111466,0.93381577,0.78701898,0.57863048,0.42525332,0.000507644369
37,0.086203,84,2,3.06570757,6.27703384,0.87307443,0.68452772,3.75142942,0.000812793443
37,0.086203,68,2,4.25607967,0.26445231,0.88568406,0.86988647,0.20374585,0.001047802147
37,0.086203,70,2,4.30780518,0.25559809,0.68236369,0.5564523,0.09705132,0.001089690586
37,0.086203,11,2,3.88115203,0.40877885,0.41008646,0.7901383,0.13245457,0.00092990352
37,0.086203,3250,2,4.29111466,0.31353614,0.734241,0.88325647,0.20333543,0.000722933775
37,0.086203,10,2,4.29111466,0.33635589,0.77819331,0.79994231,0.20938482,0.000693935686
37,0.086203,49,2,3.47731435,1.0628346,0.96090846,0.92029106,0.93988107,0.001202666186
37,0.086203,1633,2,4.29111466,4.44952225,0.79502172,0.58798535,2.07997868,0.000521096984
37,0.086203,34,2,3.74909944,1.21166763,0.64461859,0.62995698,0.49203639,0.000552270188
37,0.086203,45,2,3.88486647,0.16804518,0.9618606,0.38002275,0.06142537,0.000497118146
37,0.086203,20,2,3.40442567,4.0033339,0.49485338,0.84945899,1.68283206,0.000571685062
37,0.086203,18,2,3.66094843,0.6469313,0.76982849,0.78999682,0.39343907,0.000827098448
37,0.086203,19,2,4.25607967,0.20300064,0.74644328,0.7815281,0.11842375,0.000793376426
37,0.086203,78,2,4.30780518,0.72604228,0.83175268,0.54479666,0.32899595,0.001300433015
37,0.086203,76,2,3.93872113,3.97103439,0.6512001,0.91930683,2.37727046,0.000667341304
37,0.086203,43,2,4.30780518,1.39678137,0.6421938,0.70261546,0.63024911,0.001294920638
37,0.086203,3569,3,4.60561392,2.00345141,0.6658443,0.66029773,0.88082839,2.1424304e-05
37,0.086203,2861,3,4.95578195,0.35210648,0.89372568,0.95390054,0.30017972,7.0424686e-05
37,0.086203,1706,3,5.49160715,2.19732697,0.81187667,0.78705336,1.40407053,6.5667037e-05
37,0.086203,182,3,5.01732981,0.2574081,0.82563222,0.56230341,0.11950321,3.2661477e-05
37,0.086203,740,3,4.86747148,1.70688002,0.63218972,0.60711184,0.65511738,3.6632897e-05
37,0.086203,168,3,4.60561392,3.12033957,0.89541193,0.89674973,2.50550913,3.9128064e-05
37,0.086203,167,3,4.22309326,1.09775556,0.3248555,0.56672552,0.20210108,1.7571876e-05
37,0.086203,82,3,4.60561392,0.2134894,0.92948791,0.86189937,0.17103171,3.9038627e-05
37,0.086203,166,3,4.58248038,2.21418842,0.63863702,0.61206389,0.86549671,2.521396e-05
37,0.086203,158,3,4.58248038,1.11887032,0.68029486,0.90393636,0.68804176,3.9666627e-05
37,0.086203,1723,3,5.49160715,2.59266095,0.50652523,0.86028988,1.12977412,7.6341268e-05
37,0.086203,149,3,4.58248038,0.37414256,0.84511922,0.92191749,0.29150576,5.0257427e-05
37,0.086203,64,3,5.49160715,0.47702031,0.88155467,0.87080928,0.36619226,3.6634648e-05
37,0.086203,59,3,4.81567002,0.91410195,0.854653,0.79395902,0.62027253,3.0786108e-05
37,0.086203,65,3,4.81567002,2.03213529,0.92102011,0.63320066,1.1851221,2.6459239e-05
37,0.086203,233,3,4.58248038,2.18774357,0.69656231,0.92939151,1.41629947,4.1758885e-05
37,0.086203,225,3,4.09565892,0.99799549,0.83887692,0.79689017,0.66715277,3.2575489e-05
37,0.086203,723,3,4.58248038,1.27719772,0.79949314,0.93146398,0.95112794,4.8036464e-05
37,0.086203,3532,3,5.16650279,0.36026474,0.88074336,0.73318804,0.23264114,2.5476185e-05
37,0.086203,2897,3,4.95578195,0.52212677,0.68923692,0.37819107,0.13609926,2.1532646e-05
37,0.086203,209,3,4.86436821,5.51372285,0.36267578,0.62277828,1.24536582,1.8070741e-05
37,0.086203,2238,3,5.01846177,0.60516341,0.76179179,0.77703742,0.35822087,1.5896995e-05
37,0.086203,2360,3,5.49160715,1.34781337,0.83741497,0.74166046,0.83709666,0.000108807621
37,0.086203,189,3,4.32089525,0.2789231,0.87450442,0.947734,0.23117079,5.4402106e-05
37,0.086203,376,3,4.06325616,0.32345346,0.89848189,0.41783597,0.12143027,2.4216165e-05
37,0.086203,377,3,4.25882861,8.96064145,0.87130409,0.75016829,5.85689661,4.2161755e-05
37,0.086203,357,3,4.05146612,1.5842707,0.68056681,0.50322408,0.54257724,1.668885e-05
37,0.086203,2654,3,4.60561392,0.21041763,0.76387351,0.67980428,0.10926661,2.5304606e-05
37,0.086203,1990,3,5.49160715,0.73560224,0.84155233,0.93908226,0.58133679,6.8343623e-05
37,0.086203,358,3,5.06520584,2.94077249,0.7837769,0.71375552,1.64514192,2.4519046e-05
37,0.086203,1061,3,5.20711894,1.10696435,0.71627931,0.99430173,0.78837753,3.7718867e-05
37,0.086203,1512,3,5.00031069,0.60322656,0.39390151,0.95199754,0.2262059,2.4614483e-05
37,0.086203,1006,3,5.49160715,0.26989444,0.74594507,0.5136474,0.10341079,3.9375413e-05
37,0.086203,378,3,4.42159347,3.36805212,0.68149961,0.70848611,1.62620673,1.6279641e-05
37,0.086203,3437,3,4.86747148,1.43548112,0.88425239,0.70560004,0.89563762,5.9551125e-05
37,0.086203,242,3,5.01846177,0.86583403,0.84079132,0.69855022,0.50853459,1.5773304e-05
37,0.086203,245,3,4.58248038,1.55159194,0.43539543,0.46225066,0.31227622,1.29823e-05
37,0.086203,236,3,4.58248038,0.14046784,0.65041464,0.6095057,0.05568587,2.5571623e-05
37,0.086203,1110,3,4.86436821,1.15648547,0.85274563,0.78744532,0.77656908,5.3723446e-05
37,0.086203,3518,3,5.20711894,1.10727732,0.95292468,0.9197664,0.97049325,4.6418826e-05
37,0.086203,1334,3,4.95578195,1.21819948,0.9394122,0.72191635,0.8261549,5.6022265e-05
37,0.086203,675,3,4.81567002,1.01855392,0.88784342,0.74805517,0.67647855,3.0132619e-05
37,0.086203,671,3,4.07237103,1.82458091,0.43637289,0.81819338,0.65144364,1.7398345e-05
37,0.086203,683,3,5.49160715,2.13145711,0.77605758,0.79928142,1.32211813,7.4847055e-05
37,0.086203,3677,3,5.20711894,1.06194079,0.56829326,0.46024406,0.27775443,1.3852199e-05
37,0.086203,3786,3,4.21032184,3.85145606,0.72092484,0.75988292,2.10989878,4.5253718e-05
37,0.086203,433,3,4.038329,0.84790654,0.79931042,0.80608426,0.54631597,4.1561014e-05
37,0.086203,938,3,5.00031069,2.36652762,0.44623492,0.78075908,0.82450287,2.2869034e-05
37,0.086203,714,3,4.95578195,0.29564786,0.54131157,0.77434508,0.12392434,3.462577e-05
37,0.086203,2152,3,5.47852431,3.28206653,0.57670875,0.49710273,0.9409143,1.1766867e-05
37,0.086203,326,3,5.01846177,0.82487084,0.7529339,0.71173496,0.44203952,1.4391696e-05
37,0.086203,2153,3,5.01732981,2.38324939,0.80988865,0.92573472,1.78682228,5.2746098e-05
37,0.086203,340,3,5.20711894,0.89743298,0.83805087,0.40825537,0.30704661,1.8120089e-05
37,0.086203,341,3,4.58248038,0.53958578,0.87462928,0.60644304,0.28620323,3.4214032e-05
37,0.086203,2458,3,5.20711894,1.55491964,0.84129768,0.86957984,1.13754111,2.5688276e-05
37,0.086203,3314,3,5.01846177,5.2326711,0.86759063,0.82039966,3.72446387,1.9115125e-05
37,0.086203,3327,3,5.49160715,0.30243868,0.44883457,0.5047954,0.06852342,2.5704072e-05
37,0.086203,544,3,5.06520584,0.12011412,0.85563719,0.69321635,0.07124469,2.5996811e-05
37,0.086203,1448,3,5.01846177,15.25166008,0.87612613,0.82615669,11.03941793,1.943864e-05
37,0.086203,470,3,4.58248038,0.8581225,0.63820269,0.68478276,0.37502545,2.8190428e-05
37,0.086203,1044,3,4.00924099,2.85037352,0.83314473,0.5334731,1.26687787,2.8669703e-05
37,0.086203,1038,3,4.30900559,1.58673658,0.76610109,0.65417942,0.79522091,4.7834153e-05
37,0.086203,2020,3,5.49160715,0.36014898,0.68857625,0.89363528,0.22161265,0.000107801752
37,0.086203,5,3,4.28134372,0.84498798,0.68851353,0.83385456,0.48512462,2.2994396e-05
37,0.086203,461,3,4.35425354,2.78998943,0.60111877,0.58765258,0.98556096,2.9180889e-05
37,0.086203,469,3,4.86436821,4.09709873,0.57563699,0.83872257,1.97807818,3.8626999e-05
37,0.086203,8,3,4.60561392,1.70879053,0.55608173,0.71016904,0.67482194,1.9243967e-05
37,0.086203,194,3,4.58248038,0.20874264,0.97257279,0.793763,0.16114771,4.9797001e-05
37,0.086203,198,3,4.58248038,0.78672166,0.51587447,0.53675191,0.21784056,1.7861086e-05
37,0.086203,9,3,4.60561392,0.64121446,0.67882236,0.34736745,0.15119888,1.1490515e-05
37,0.086203,83,3,4.07360002,0.54428965,0.61535813,0.86142421,0.28851944,2.5830882e-05
37,0.086203,3974,3,5.45112628,0.79292837,0.82245561,0.83589211,0.54512569,5.1732735e-05
37,0.086203,26,3,5.47852431,1.31456966,0.71018479,0.83983006,0.78405474,3.2846722e-05
37,0.086203,30,3,4.23475966,0.80078311,0.85163941,0.65560037,0.44710533,2.5331553e-05
37,0.086203,57,3,5.01732981,0.11784574,0.94918254,0.91740856,0.10261868,6.1261976e-05
37,0.086203,60,3,5.01846177,0.78203378,0.57081893,0.73286548,0.32715092,1.1234648e-05
37,0.086203,110,3,4.11669186,1.67192498,0.52124498,0.85025822,0.74098516,2.1596678e-05
37,0.086203,32,3,5.1703861,0.31890078,0.6963367,0.80738458,0.17928969,1.895604e-05
37,0.086203,31,3,5.01846177,1.93241293,0.83614555,0.53288244,0.86101997,1.1966031e-05
37,0.086203,1817,3,5.47852431,0.6754858,0.82885801,0.65683876,0.36775207,2.234586e-05
37,0.086203,1815,3,5.20711894,1.31449871,0.7607765,0.64737267,0.64739839,2.6083717e-05
37,0.086203,635,3,4.86436821,0.73870035,0.55544321,0.22378247,0.09181931,9.944654e-06
37,0.086203,2160,3,4.86747148,2.66532122,0.82255683,0.75861581,1.66317275,5.9558388e-05
37,0.086203,277,3,5.20711894,0.35537195,0.49212838,0.83683972,0.14635374,2.1811158e-05
37,0.086203,272,3,4.10334178,2.20522017,0.70781714,0.85155679,1.32918872,3.887988e-05
37,0.086203,269,3,4.86747148,1.09498036,0.75006726,0.40907355,0.33597576,2.9285776e-05
37,0.086203,1892,3,4.58248038,0.89929292,0.7736901,0.85665607,0.59603904,4.275272e-05
37,0.086203,1890,3,5.16650279,1.13270636,0.78619723,0.7640676,0.68042558,2.3699159e-05
37,0.086203,2715,3,5.47852431,2.70442691,0.88264821,0.78516722,1.87423936,2.8660146e-05
37,0.086203,1599,3,4.81567002,0.14430258,0.29635369,0.63971336,0.02735709,8.601271e-06
37,0.086203,1856,3,4.39695488,0.22280647,0.7312458,0.69718992,0.11359057,4.61142e-05
37,0.086203,2722,3,4.95578195,1.16005532,0.51296811,0.5495441,0.32701797,2.3286837e-05
37,0.086203,3473,3,5.45112628,0.29420808,0.74739392,0.84044961,0.1848059,1.0859234e-05
37,0.086203,1388,3,4.81567002,0.34598113,0.87437714,0.59361938,0.17958054,2.3549069e-05
37,0.086203,1381,3,4.58248038,1.87243967,0.76941871,0.80820183,1.1643684,4.011186e-05
37,0.086203,3124,3,5.49160715,0.60099651,0.8257057,0.72251075,0.35854325,8.6571656e-05
37,0.086203,573,3,4.60561392,0.8362233,0.50756871,0.92402367,0.39219333,2.2854523e-05
37,0.086203,567,3,4.35867607,4.48703604,0.89006861,0.54023053,2.15755645,3.1562387e-05
37,0.086203,2658,3,5.47852431,1.46086966,0.8874158,0.87515687,1.13455233,3.2117494e-05
37,0.086203,1908,3,4.95578195,2.04286917,0.86555814,0.69754185,1.23340887,4.9875137e-05
37,0.086203,122,3,4.08455698,3.78961322,0.73299267,0.84058361,2.33493845,3.9743927e-05
37,0.086203,118,3,4.60561392,4.17505592,0.70065602,0.70300518,2.05648563,2.4002562e-05
37,0.086203,119,3,4.47504324,0.56661156,0.88223955,0.70704016,0.35344027,2.4609356e-05
37,0.086203,801,3,5.01846177,0.16681499,0.54401567,0.98810393,0.0896704,1.4436132e-05
37,0.086203,755,3,4.12262863,2.02087266,0.72862225,0.85621411,1.26073485,4.0241581e-05
37,0.086203,748,3,4.58248038,6.53247146,0.75955036,0.40799429,2.02436201,1.9989452e-05
37,0.086203,125,3,5.45112628,1.88792241,0.83165943,0.6836907,1.07346855,4.7281854e-05
37,0.086203,2178,3,5.47852431,1.56136343,0.48297126,0.83090295,0.62657865,1.6595876e-05
37,0.086203,1623,3,5.49160715,1.40581678,0.6487536,0.55809923,0.50900252,3.9939906e-05
37,0.086203,1838,3,5.49160715,2.56301833,0.64023134,0.81094434,1.33069856,5.7272192e-05
37,0.086203,313,3,5.45112628,0.75073032,0.90575856,0.77348378,0.52595382,5.8257651e-05
37,0.086203,14,3,4.40454381,1.32458115,0.65027299,0.85301291,0.73473358,4.0935419e-05
37,0.086203,12,3,3.85634224,0.74166824,0.6884884,0.32306907,0.16496875,1.5648419e-05
37,0.086203,46,3,4.86436821,0.37155214,0.86442334,0.69957529,0.22468843,4.838212e-05
37,0.086203,809,3,4.86436821,1.86145713,0.86412058,0.56378622,0.90686334,3.897739e-05
37,0.086203,33,3,3.78817668,0.49574227,0.95001493,0.60478768,0.28483235,2.6067552e-05
37,0.086203,814,3,5.01846177,2.63682828,0.72163505,0.69640539,1.32513947,1.3496357e-05
37,0.086203,39,3,4.22011909,0.50673242,0.83951211,0.66530084,0.2830243,4.4685744e-05
37,0.086203,44,3,4.19852432,3.11720023,0.64517025,0.51625887,1.03826105,1.6230657e-05
37,0.086203,117,3,5.20711894,0.10572931,0.78038452,0.9328994,0.07697308,3.8556845e-05
37,0.086203,52,3,4.86436821,0.38106784,0.90365323,0.76918742,0.26487213,5.5610644e-05
37,0.086203,54,3,4.27980475,0.84917277,0.44046037,0.93015647,0.34790359,1.8587874e-05
37,0.086203,99,3,4.57473233,1.89784906,0.63184471,0.50962146,0.61111048,8.647586e-06
37,0.086203,102,3,4.09428556,1.44390852,0.88782859,0.68003813,0.8717703,2.6462083e-05
37,0.086203,75,3,5.01732981,0.23036521,0.90732401,0.76374327,0.15963447,4.8751532e-05
37,0.086203,77,3,5.06520584,2.28343047,0.70897543,0.49015426,0.79350882,1.5230901e-05
37,0.086203,79,3,5.20711894,1.65844726,0.83541567,0.76847337,1.06471435,3.4000827e-05
37,0.086203,21,4,5.72819719,0.67556061,0.49476596,0.78189628,0.26134445,3.52776e-07
37,0.086203,100,4,4.72769051,0.41828997,0.84353931,0.66345688,0.2340968,7.20882e-07
37,0.086203,71,4,5.56781552,2.12463952,0.56193474,0.77535603,0.92570436,1.415456e-06
37,0.086203,3263,4,5.72819719,1.46332887,0.77913527,0.68207765,0.77765797,1.012312e-06
37,0.086203,91,4,5.89841006,1.49333219,0.72419883,0.75874356,0.82055796,1.153826e-06
37,0.086203,96,4,5.43449657,0.93653741,0.65400406,0.74057798,0.45360348,9.73695e-07
37,0.086203,98,4,5.89841006,2.46138328,0.78092544,0.84523824,1.62468044,1.386041e-06
37,0.086203,13,4,5.72819719,1.40476944,0.87429741,0.80385338,0.9872817,6.40893e-07
37,0.086203,3240,4,5.94077791,0.81888043,0.70235516,0.86251933,0.49607359,1.761193e-06
37,0.086203,38,4,6.06510693,0.28273274,0.84992259,0.95749526,0.23008701,7.72816e-07
37,0.086203,42,4,5.72819719,0.15233315,0.85263183,0.83959264,0.10904973,6.52799e-07
37,0.086203,47,4,5.56781552,0.35808605,0.86697693,0.81435638,0.25281885,2.293672e-06
37,0.086203,760,4,5.53160199,9.32771586,0.35475611,0.86045844,2.84731223,7.64609e-07
37,0.086203,789,4,5.40630836,0.30373867,0.84160347,0.88932991,0.2273372,9.64088e-07
37,0.086203,819,4,5.72819719,1.09793065,0.74896837,0.80559751,0.66245518,1.873613e-06
37,0.086203,2256,4,5.70961382,3.29055201,0.56997649,0.66338567,1.24420456,5.99838e-07
37,0.086203,131,4,5.72819719,11.15060829,0.666751,0.75660553,5.62511946,9.6095e-07
37,0.086203,132,4,5.00553583,1.18168503,0.87994414,0.66484568,0.69131772,4.01496e-07
37,0.086203,135,4,5.31828631,0.94785954,0.8599287,0.66287094,0.54030055,1.797928e-06
37,0.086203,137,4,5.31828631,0.33959456,0.66253032,0.64367456,0.14482143,1.345095e-06
37,0.086203,17,4,5.72819719,1.09454106,0.51004959,0.71696789,0.40026182,5.58492e-07
37,0.086203,123,4,5.31828631,2.28966733,0.38942476,0.44855735,0.39995758,5.50963e-07
37,0.086203,669,4,4.86416607,0.61815772,0.67255735,0.80150903,0.33322459,1.803709e-06
37,0.086203,1637,4,5.70339718,1.33247187,0.8774161,0.88395888,1.03346485,5.32283e-07
37,0.086203,310,4,5.31828631,1.44313682,0.6589168,0.88024047,0.83702692,1.829417e-06
37,0.086203,641,4,5.72819719,5.24790966,0.63661768,0.68999864,2.30522477,1.364034e-06
37,0.086203,658,4,5.56781552,0.55498293,0.66653968,0.65671462,0.24293065,1.422041e-06
37,0.086203,1823,4,5.70961382,0.5996389,0.66206805,0.77034377,0.30582783,1.623566e-06
37,0.086203,1839,4,6.45095281,11.56823369,0.77500828,0.90641153,8.12641163,1.831192e-06
37,0.086203,1851,4,5.49254883,0.21526027,0.73994514,0.51836831,0.08256612,1.456083e-06
37,0.086203,276,4,5.31828631,2.26092881,0.59735183,0.63184693,0.85335349,1.190482e-06
37,0.086203,278,4,6.06510693,6.07051404,0.78615667,0.70790657,3.37839568,5.285e-07
37,0.086203,281,4,4.68175623,0.63714797,0.91671111,0.73682064,0.43036266,1.418497e-06
37,0.086203,908,4,5.93823557,1.03801446,0.88313717,0.73493211,0.67371899,9.30811e-07
37,0.086203,3738,4,5.93823557,0.86159075,0.69849601,0.49597299,0.29848533,1.477052e-06
37,0.086203,263,4,5.70961382,0.87190416,0.47497127,0.94027753,0.38939659,8.93664e-07
37,0.086203,273,4,5.4254106,1.49293146,0.59034302,0.71058358,0.62626692,5.84989e-07
37,0.086203,2198,4,5.72819719,4.20109086,0.67989897,0.48067304,1.37295473,6.22532e-07
37,0.086203,2204,4,5.53160199,1.75260068,0.76076133,0.79933089,1.06575652,1.523193e-06
37,0.086203,2386,4,6.1038409,1.56337813,0.68910291,0.60334152,0.64999696,5.02554e-07
37,0.086203,2213,4,6.06510693,0.21152674,0.36637055,0.57095376,0.0442473,3.22699e-07
37,0.086203,2701,4,5.32681758,2.16146655,0.82787359,0.84460687,1.51135733,1.807672e-06
37,0.086203,2708,4,5.70961382,1.44715995,0.34005436,0.83037792,0.40863981,5.65035e-07
37,0.086203,1898,4,6.06510693,0.52606492,0.84817492,0.83058392,0.37060245,6.69005e-07
38,0.148618,0,0,0.0,0.9782245,0.70815881,0.66971854,0.46393968,0.474267085217
38,0.148618,5,1,2.43263838,1.40148178,0.79327333,0.40163516,0.44652115,0.019551213383
38,0.148618,1,1,2.10932616,0.94010005,0.69669288,0.64332139,0.42135043,0.027503533856
38,0.148618,2,1,2.137263,0.37220537,0.61203334,0.60585207,0.13801437,0.022754160271
38,0.148618,714,1,2.24643947,1.09205379,0.57159234,0.59716333,0.37275507,0.020945882728
38,0.148618,274,1,2.59396487,0.25075579,0.51172438,0.73907387,0.09483637,0.023208287271
38,0.148618,308,1,2.30761533,1.27332446,0.68725139,0.72645705,0.6357182,0.030636891745
38,0.148618,15,1,2.59396487,0.30181461,0.7589287,0.8693605,0.19913204,0.040487412195
38,0.148618,87,1,2.24643947,1.21761754,0.81078471,0.98434765,0.97177329,0.048974859226
38,0.148618,11,2,2.57523916,1.12661453,0.8507414,0.53568461,0.51343101,0.001341725597
38,0.148618,3,2,2.99162098,0.23118212,0.75503629,0.73528079,0.12834391,0.001975630377
38,0.148618,7,2,2.3940075,2.31641869,0.74082532,0.56190391,0.96426173,0.001481366495
38,0.148618,153,2,3.43149297,0.32073933,0.84843116,0.68935878,0.18759193,0.003706220641
38,0.148618,3993,2,3.43149297,1.37902522,0.71297562,0.68552104,0.67401208,0.003097168371
38,0.148618,8,2,3.55617536,0.72810698,0.4211995,0.46120456,0.14144143,0.000491418278
38,0.148618,3996,2,3.47184997,1.28663698,0.92041654,0.83348431,0.9870471,0.003041043967
38,0.148618,500,2,3.34333824,0.9698946,0.64349622,0.36418457,0.22729615,0.000833973391
38,0.148618,509,2,3.55617536,1.78231214,0.58774332,0.95317425,0.99849011,0.00141719584
38,0.148618,2417,2,3.10487149,0.87379292,0.8336147,0.77505949,0.56455846,0.002299243947
38,0.148618,514,2,3.55617536,1.51808771,0.78951886,0.58137141,0.69680787,0.001161143915
38,0.148618,2394,2,3.43149297,0.22596126,0.92118402,0.78976684,0.16439147,0.001971696699
38,0.148618,479,2,3.47184997,2.54115081,0.71253096,0.86824303,1.57208305,0.002452369456
38,0.148618,456,2,2.80054398,5.51179855,0.69606733,0.6107111,2.34304376,0.001685108684
38,0.148618,420,2,3.19587399,1.3132832,0.79689899,0.88792977,0.9292665,0.001789994762
38,0.148618,353,2,3.47184997,1.55471173,0.58065092,0.7618592,0.68776443,0.001753600605
38,0.148618,589,2,3.47184997,0.43683157,0.62928299,0.6805848,0.18708642,0.001697731846
38,0.148618,789,2,3.55617536,1.66942536,0.54929067,0.67476545,0.61875977,0.00093761582
38,0.148618,2626,2,3.43149297,0.17703069,0.95876821,0.67945209,0.11532435,0.00412802019
38,0.148618,2307,2,3.43149297,3.89769571,0.87841237,0.87048626,2.98035705,0.004845400847
38,0.148618,726,2,3.66842029,0.54660394,0.66939683,0.72799264,0.26636883,0.002552858887
38,0.148618,37,2,3.66842029,1.02482107,0.66499671,0.54041437,0.36829381,0.001882619493
38,0.148618,4,2,2.7883679,1.54815947,0.81777328,0.74330509,0.94105653,0.001789604171
38,0.148618,1031,2,3.43149297,0.33177247,0.82905299,0.81714323,0.22476093,0.001836011081
38,0.148618,90,2,3.55617536,0.54197072,0.92481447,0.87198145,0.4370566,0.002040007327
38,0.148618,3967,2,3.55617536,4.46564116,0.61170811,0.81876113,2.23658434,0.001266984564
38,0.148618,70,2,3.3610336,0.5228002,0.78415193,0.72389705,0.29676506,0.001671221394
38,0.148618,736,2,3.66842029,1.42174135,0.50789836,0.66298085,0.47873853,0.001763981224
38,0.148618,1388,3,4.40170841,0.25766553,0.37694667,0.37495649,0.03641809,1.7146752e-05
38,0.148618,1243,3,3.18292086,0.59206927,0.7986456,0.84471258,0.39942531,0.000147091348
38,0.148618,2985,3,4.30160409,1.70732373,0.63742437,0.56497567,0.61485724,0.000225779378
38,0.148618,494,3,3.28019765,5.16990819,0.66701187,0.49014908,1.69022525,7.1282976e-05
38,0.148618,2373,3,4.30160409,0.97277979,0.71837846,0.64658986,0.45185255,0.00011034525
38,0.148618,1782,3,3.80836569,0.2376953,0.82933753,0.9100957,0.17940683,0.000174771864
38,0.148618,177,3,3.80836569,0.25798894,0.53486389,0.62692484,0.08650871,7.7644713e-05
38,0.148618,251,3,4.49287894,1.77709371,0.47280027,0.52643543,0.44231652,6.0629156e-05
38,0.148618,2644,3,4.23161486,0.07868779,0.56144234,0.78940062,0.03487466,4.7824558e-05
38,0.148618,2698,3,3.81728966,0.15727094,0.52793685,0.31069615,0.02579683,3.5763657e-05
38,0.148618,798,3,3.02608485,2.75691713,0.79051232,0.83427955,1.81820961,0.000114493305
38,0.148618,3108,3,4.30160409,0.96281746,0.76917786,0.8200149,0.60728489,0.000395434339
38,0.148618,1123,3,3.60888377,1.28324098,0.74805148,0.50410495,0.48390562,8.2219819e-05
38,0.148618,1211,3,3.80836569,1.87510559,0.63290492,0.60744397,0.72089236,8.9022099e-05
38,0.148618,884,3,4.40170841,0.75667984,0.79975573,0.855021,0.51742369,8.2957417e-05
38,0.148618,576,3,3.58993637,4.55805989,0.80415873,0.76334435,2.79796518,0.000142170728
38,0.148618,2984,3,3.5989286,24.43333416,0.65582131,0.81626783,13.07979501,0.000159257321
38,0.148618,1615,3,4.40170841,0.85248566,0.24503656,0.70836985,0.14797149,2.1057753e-05
38,0.148618,2605,3,3.81728966,0.40352771,0.57636554,0.73419464,0.1707586,9.2264214e-05
38,0.148618,2682,3,4.30160409,0.52370922,0.85820311,0.78979893,0.35497425,0.000424944768
38,0.148618,3496,3,3.52986199,1.98362788,0.81310985,0.7174532,1.15718556,0.000111815361
38,0.148618,1335,3,3.81728966,0.97186775,0.57249516,0.87677104,0.48782627,0.000109441511
38,0.148618,302,3,3.52986199,0.81403472,0.44201577,0.47200518,0.1698351,3.9989245e-05
38,0.148618,3637,3,4.33386617,2.35295936,0.80063272,0.52308953,0.98542548,0.000132889728
38,0.148618,3270,3,4.40170841,1.62957178,0.46998873,0.72194383,0.55292261,6.2218119e-05
38,0.148618,542,3,3.81728966,0.69504764,0.60377031,0.3594516,0.15084355,4.7319073e-05
38,0.148618,531,3,3.81728966,0.09131932,0.52636894,0.60614882,0.02913615,6.9565447e-05
38,0.148618,2595,3,3.81728966,2.74727227,0.71128981,0.6983008,1.36455432,0.000108296194
38,0.148618,1580,3,3.80836569,1.65650627,0.71617817,0.92226898,1.09413715,0.000152943779
38,0.148618,201,3,3.95960223,0.42682422,0.5637086,0.60221098,0.14489466,8.6777108e-05
38,0.148618,2526,3,3.81728966,0.56335259,0.63281547,0.67944654,0.2422215,9.37468e-05
38,0.148618,96,3,2.98243393,0.74171597,0.73840535,0.63480206,0.34767286,8.9844568e-05
38,0.148618,17,3,3.33173556,0.71713581,0.70028862,0.86235687,0.43307739,0.000154371081
38,0.148618,16,3,2.72239365,1.799983,0.70121832,0.62958345,0.79464831,8.4618482e-05
38,0.148618,107,3,2.89001264,1.2222776,0.69646583,0.85325922,0.72635789,0.000103166967
38,0.148618,3127,3,4.23161486,0.15793624,0.67889445,0.87910777,0.09425973,6.4401016e-05
38,0.148618,161,3,3.32939705,1.94042997,0.9692488,0.33177425,0.62398754,5.5826166e-05
38,0.148618,42,3,3.25796578,1.05665466,0.89237198,0.63539267,0.59913018,0.00010867929
38,0.148618,2367,3,3.81728966,0.68673819,0.94995364,0.63624947,0.41506972,0.000131781339
38,0.148618,1759,3,4.40170841,0.1785881,0.86139178,0.78591721,0.12090104,0.000101709079
38,0.148618,34,3,3.80836569,0.25075293,0.7823644,0.85682924,0.1680929,0.000155223151
38,0.148618,6,3,3.1953729,2.27943182,0.92898374,0.46396784,0.98247747,9.980427e-05
38,0.148618,29,3,2.71390657,5.0392645,0.64555612,0.57690557,1.8767477,7.1383429e-05
38,0.148618,1366,3,4.30160409,1.12599277,0.74467216,0.83637691,0.70129825,0.00014795805
38,0.148618,12,3,3.28451034,0.1047857,0.31667836,0.83971037,0.02786441,6.157452e-05
38,0.148618,150,4,3.75419,1.06145699,0.88424402,0.77311706,0.72563762,6.314093e-06
38,0.148618,135,4,3.7603299,0.2490032,0.80967742,0.75292733,0.15179939,6.674619e-06
38,0.148618,477,4,4.11570914,0.8636282,0.69907763,0.86629821,0.52302161,7.820564e-06
38,0.148618,511,4,4.11570914,1.15036194,0.74451364,0.9507473,0.81427718,9.140775e-06
38,0.148618,2485,4,4.22060878,0.56874373,0.71797732,0.94128928,0.38437087,4.881663e-06
38,0.148618,1720,4,4.60785232,0.65965808,0.52631121,0.55329466,0.19209585,3.354232e-06
38,0.148618,2342,4,4.42902888,0.34036114,0.65598811,0.63036549,0.14074351,7.606673e-06
38,0.148618,162,4,3.75419,0.30396487,0.91890229,0.41904444,0.11704499,3.556501e-06
38,0.148618,167,4,3.7603299,1.01100301,0.54651148,0.9359711,0.5171472,5.600452e-06
38,0.148618,2247,4,4.1819075,1.43345974,0.9877308,0.77601698,1.09874098,7.06955e-06
38,0.148618,3737,4,3.79281388,0.70062569,0.62010972,0.39990051,0.1737427,5.109943e-06
38,0.148618,44,4,4.16449213,1.48250822,0.85468528,0.73181962,0.92727251,8.795352e-06
38,0.148618,1797,4,3.98825836,1.89643244,0.65466854,0.52416714,0.65077168,3.650597e-06
38,0.148618,41,4,4.11570914,3.35921377,0.71250153,0.78017329,1.86730184,7.178309e-06
38,0.148618,839,4,3.75419,1.17543795,0.73545825,0.68442843,0.59167848,4.649215e-06
38,0.148618,2934,4,3.75419,1.52551417,0.77456227,0.79339261,0.93747725,5.675943e-06
38,0.148618,2165,4,3.28107732,1.00583309,0.27183658,0.83012236,0.2269739,3.342922e-06
38,0.148618,2499,4,3.33163474,4.718992,0.77503265,0.45898026,1.67866194,3.285546e-06
38,0.148618,598,4,3.75419,0.1460078,0.67574741,0.62776851,0.0619384,3.918118e-06
38,0.148618,320,4,3.95266567,1.20037476,0.43112476,0.79847476,0.41321969,4.00177e-06
38,0.148618,567,4,3.2754327,0.69723534,0.73144867,0.74736282,0.38114896,5.049041e-06
38,0.148618,3790,4,4.42902888,0.92445451,0.78188159,0.65788731,0.47553013,9.462346e-06
38,0.148618,3065,4,4.43632064,0.71261955,0.39726714,0.7117911,0.2015083,5.826809e-06
38,0.148618,3338,4,5.1091771,3.15936003,0.91590893,0.66221223,1.9162343,6.510298e-06
38,0.148618,386,4,4.11570914,0.18516039,0.87476894,0.75677707,0.12257712,8.548828e-06
38,0.148618,185,4,3.42834381,6.06377931,0.36815979,0.88426039,1.974058,3.006838e-06
38,0.148618,382,4,3.7603299,1.73756773,0.8671482,0.74553689,1.12332186,7.078217e-06
38,0.148618,1118,4,3.88340402,5.0769562,0.76371533,0.8617958,3.34148331,8.785626e-06
38,0.148618,1167,4,3.75419,4.73259452,0.87210151,0.87787694,3.62326397,7.071218e-06
38,0.148618,221,4,3.65851636,0.59203032,0.76220272,0.94757261,0.42758941,5.216953e-06
38,0.148618,1466,4,3.5226104,0.14123381,0.7200842,0.77389271,0.07870507,8.255441e-06
38,0.148618,645,4,3.84370031,0.79360051,0.79033959,0.82077638,0.51480236,5.983021e-06
38,0.148618,35,4,3.57672994,0.8773273,0.7929975,0.58371741,0.40610292,5.977502e-06
38,0.148618,3968,4,3.7603299,0.95376332,0.67037721,0.73999758,0.47314053,5.431389e-06
38,0.148618,27,4,3.9172008,2.02714392,0.79237903,0.82842799,1.33067598,8.476821e-06
38,0.148618,32,4,3.75419,0.69334862,0.70633962,0.7589011,0.37166392,4.950993e-06
38,0.148618,10,4,4.11570914,0.55735614,0.70607667,0.80011249,0.31487321,7.295385e-06
38,0.148618,9,4,3.58865554,0.25684437,0.44545586,0.41825405,0.04785363,2.405969e-06
38,0.148618,952,4,4.11570914,0.56663708,0.47268052,0.74161972,0.19863417,4.526831e-06
38,0.148618,1050,4,4.61523066,1.77905403,0.63322545,0.76760908,0.86474409,4.375102e-06
38,0.148618,132,4,3.51264026,1.27528139,0.43684783,0.44928355,0.25029762,1.812776e-06
38,0.148618,1095,4,3.52326386,0.45221073,0.59469838,0.76158718,0.20481287,4.177326e-06
38,0.148618,1828,4,4.22245374,5.6197733,0.50912745,0.6781413,1.94028489,6.896183e-06
38,0.148618,2270,4,3.40807969,1.58055617,0.82559914,0.9901215,1.29201531,8.949919e-06
38,0.148618,1097,4,3.75419,0.16879019,0.71971478,0.81641056,0.0991782,5.427035e-06
38,0.148618,972,4,4.61523066,0.12708866,0.6744848,0.75002524,0.06429169,3.09728e-06
38,0.148618,3501,4,4.43632064,2.11043445,0.64103417,0.75810345,1.02560829,1.0013945e-05
38,0.148618,641,4,4.11570914,2.84402513,0.86539781,0.61166067,1.50542725,6.835521e-06
38,0.148618,290,4,3.75419,2.6817886,0.77380504,0.62036681,1.28737376,4.433775e-06
38,0.148618,299,4,3.75419,3.23141073,0.49455491,0.79161817,1.26509296,3.615962e-06
38,0.148618,2624,4,4.61523066,0.74988788,0.49702559,0.62783952,0.23400425,4.37257e-06
38,0.148618,669,4,3.88340402,0.64124136,0.88355951,0.90585902,0.51323699,1.0683984e-05
38,0.148618,634,4,4.42902888,1.11273512,0.73594932,0.88264426,0.72281208,1.1949231e-05
38,0.148618,3620,4,4.60785232,1.29120904,0.39059223,0.6985386,0.35229832,3.142737e-06
38,0.148618,664,4,4.42902888,1.16113926,0.75208046,0.18856821,0.16467099,2.60879e-06
38,0.148618,1274,4,4.1819075,0.75395145,0.65406992,0.81974852,0.4042483,4.945233e-06
38,0.148618,2836,4,5.02319136,0.35572211,0.83487123,0.92566231,0.27490519,1.1033718e-05
38,0.148618,785,4,3.7336078,5.80780124,0.46831484,0.88253942,2.40040088,7.602884e-06
38,0.148618,2878,4,4.1819075,4.94447019,0.76400614,0.70687323,2.67028823,4.981044e-06
38,0.148618,1952,4,4.42902888,0.92397028,0.87316639,0.55980801,0.45164179,8.991713e-06
38,0.148618,1291,4,4.1819075,0.10722775,0.85281743,0.83312161,0.07618538,6.553095e-06
38,0.148618,747,4,3.75419,0.10046818,0.54371705,0.376935,0.02059055,1.892923e-06
38,0.148618,13,4,4.11570914,0.86334499,0.72579389,0.57585183,0.36083482,5.39721e-06
38,0.148618,2119,4,3.7603299,0.54152531,0.53446857,0.85248999,0.2467347,4.988533e-06
38,0.148618,2106,4,4.1819075,2.1955603,0.75038294,0.87167757,1.43609837,6.032826e-06
38,0.148618,18,4,3.7603299,0.70794095,0.81698457,0.94364983,0.54578519,8.440848e-06
38,0.148618,102,4,3.75419,0.87990576,0.8701918,0.70512736,0.5399067,5.667299e-06
38,0.148618,109,4,4.22245374,0.20822843,0.58043832,0.85414789,0.10323552,9.902646e-06
38,0.148618,3189,4,3.75419,2.89761065,0.9477274,0.79218886,2.17546549,6.934349e-06
38,0.148618,1025,4,3.50394711,1.13214333,0.80603852,0.55355018,0.50514285,5.186815e-06
38,0.148618,1007,4,4.42902888,0.43340017,0.68354289,0.53694743,0.15906939,6.751556e-06
38,0.148618,1010,4,3.98570486,2.35643742,0.6781157,0.75499323,1.20643177,7.584433e-06
38,0.148618,55,4,3.34344883,1.0804199,0.66835568,0.70041553,0.5057734,4.323714e-06
38,0.148618,1317,4,3.5230355,0.49926185,0.85705096,0.3588088,0.15353172,2.840294e-06
38,0.148618,1920,4,3.7603299,0.74101402,0.85911543,0.39884493,0.25391129,3.751604e-06
38,0.148618,1382,4,3.75419,4.96455568,0.72253034,0.88735487,3.18297929,5.921708e-06
38,0.148618,1372,4,3.7603299,0.15490566,0.72175106,0.5808782,0.06494411,4.590224e-06
38,0.148618,1290,4,4.42902888,0.36100878,0.99088227,0.86021556,0.3077139,1.5679626e-05
38,0.148618,86,4,3.59496063,3.28091856,0.69318069,0.82676292,1.88028162,5.293233e-06
38,0.148618,85,4,3.39484079,3.16361814,0.96679301,0.50756815,1.55242961,4.532329e-06
38,0.148618,84,4,4.11570914,1.26249764,0.83797404,0.74721202,0.79050567,8.085738e-06
38,0.148618,114,4,3.11100829,1.19793589,0.56836934,0.44143191,0.30055776,3.349124e-06
38,0.148618,56,4,3.75419,2.01483788,0.47862352,0.45226551,0.4361417,1.999314e-06
38,0.148618,95,4,3.5230355,7.66999683,0.78153523,0.70171074,4.20631572,5.065242e-06
38,0.148618,64,4,3.66513667,1.48403672,0.48433366,0.77809063,0.55926737,5.299291e-06
38,0.148618,65,4,4.22245374,2.87857013,0.82668041,0.54742781,1.30269071,9.039129e-06
38,0.148618,21,4,4.11570914,2.42941102,0.51134362,0.8588771,1.06695194,5.671385e-06
38,0.148618,22,4,3.37542689,0.14303076,0.60228435,0.8252745,0.07109343,5.442036e-06
38,0.148618,25,4,3.444912,1.15947688,0.84269585,0.81963691,0.80085604,7.562297e-06
38,0.148618,76,5,4.31231636,1.11801272,0.69906476,0.77758519,0.60773204,5.31882e-07
38,0.148618,78,5,4.86494763,0.89979863,0.69358906,0.94015028,0.58673884,4.78503e-07
38,0.148618,20,5,4.56823102,2.62800147,0.83093546,0.84336942,1.84166546,7.65363e-07
38,0.148618,23,5,4.86494763,0.5291085,0.94427111,0.84263084,0.4209968,5.55648e-07
38,0.148618,24,5,4.86494763,0.78405295,0.6106589,0.33013129,0.1580632,1.47935e-07
38,0.148618,99,5,4.69820347,0.50364046,0.56153854,0.77766538,0.21993429,4.78962e-07
38,0.148618,100,5,4.69820347,0.42144055,0.62044661,0.51503309,0.13467155,3.50484e-07
38,0.148618,57,5,4.31231636,1.19185689,0.73434319,0.57126794,0.49999197,4.10477e-07
38,0.148618,61,5,4.86494763,0.61721109,0.66517326,0.83156528,0.34140105,4.05898e-07
38,0.148618,69,5,4.95557961,6.46738406,0.54389424,0.67224708,2.36467812,4.27628e-07
38,0.148618,93,5,4.43310226,0.38825955,0.785791,0.71851115,0.21921119,3.86685e-07
38,0.148618,94,5,4.86494763,2.4775959,0.53031683,0.7489571,0.98406281,2.91459e-07
38,0.148618,3940,5,4.56317831,0.73853009,0.89882038,0.79979701,0.53090997,1.85964e-07
38,0.148618,3945,5,4.75761059,0.7106773,0.67125328,0.75080468,0.35816722,2.38053e-07
38,0.148618,3961,5,3.72556618,8.53593806,0.51667489,0.57595271,2.54012702,1.28714e-07
38,0.148618,46,5,4.41833122,0.74959618,0.79703387,0.77320256,0.46195261,4.76635e-07
38,0.148618,88,5,4.26360097,2.19662347,0.77972136,0.80226455,1.37408201,6.86098e-07
38,0.148618,92,5,4.01768512,2.57758572,0.76822143,0.84574748,1.67471245,4.44984e-07
38,0.148618,111,5,4.37497804,0.55442709,0.86578505,0.93418746,0.4484237,5.30079e-07
38,0.148618,118,5,4.37497804,1.39065142,0.55153729,0.86069536,0.66015,3.11115e-07
38,0.148618,120,5,4.43310226,0.98918331,0.87671541,0.78760734,0.68303848,4.72918e-07
38,0.148618,124,5,4.86494763,2.4276599,0.70554779,0.81862169,1.40215985,6.04262e-07
38,0.148618,129,5,4.37497804,0.06497666,0.7392103,0.7596517,0.03648715,3.68026e-07
38,0.148618,1015,5,4.37497804,0.57375942,0.83686474,0.71068487,0.34124175,3.89788e-07
38,0.148618,50,5,4.86494763,1.15538013,0.62282737,0.62300712,0.4483174,3.60395e-07
38,0.148618,51,5,4.90628663,1.05847677,0.80998698,0.5699346,0.4886348,5.25354e-07
38,0.148618,52,5,4.86494763,1.56800414,0.90969089,0.72699196,1.03698067,6.14245e-07
38,0.148618,103,5,3.79879172,0.23288952,0.79154184,0.77504943,0.142874,6.00279e-07
38,0.148618,104,5,4.95557961,0.38927839,0.85648814,0.57823103,0.19278935,5.79223e-07
38,0.148618,105,5,4.27242293,0.56172461,0.79411554,0.83212391,0.37118904,3.87516e-07
38,0.148618,106,5,4.95557961,0.92779035,0.70427855,0.83107218,0.54304155,6.84551e-07
38,0.148618,14,5,4.11646529,0.82392056,0.69992615,0.8381705,0.48335914,1.82629e-07
38,0.148618,19,5,4.86494763,0.38423958,0.60482279,0.82541414,0.19182365,3.48631e-07
38,0.148618,2133,5,4.56317831,1.8133845,0.90025766,0.92638071,1.51232881,6.38998e-07
38,0.148618,2142,5,4.86494763,0.7574878,0.71260826,0.61465145,0.33178397,4.06816e-07
38,0.148618,2100,5,4.95557961,0.41926403,0.52960762,0.53903661,0.11969061,2.54728e-07
38,0.148618,271,5,4.37497804,1.88724498,0.70460582,0.64241621,0.85426182,2.9666e-07
38,0.148618,273,5,4.90628663,1.83639769,0.77268371,0.7522539,1.06741412,6.61478e-07
38,0.148618,2781,5,4.90628663,0.30422498,0.6789261,0.69976127,0.14453308,5.40657e-07
38,0.148618,732,5,3.94419743,2.77884471,0.85426893,0.62879182,1.49267675,2.08981e-07
38,0.148618,740,5,4.69820347,0.17929226,0.87911023,0.94096338,0.14831244,9.07288e-07
38,0.148618,3503,5,4.95557961,3.3025365,0.81057434,0.43539681,1.16553608,4.12763e-07
38,0.148618,3516,5,5.29424289,1.89534717,0.63984814,0.98304504,1.19217249,3.56069e-07
38,0.148618,2765,5,4.56823102,0.47210487,0.62189777,0.70674416,0.20750077,4.02533e-07
38,0.148618,1321,5,4.86494763,0.93476004,0.81505594,0.91062394,0.69378773,6.89358e-07
38,0.148618,1323,5,4.37497804,2.8411492,0.76838353,0.88063604,1.92250971,4.43477e-07
38,0.148618,1338,5,4.43310226,15.16921593,0.63662119,0.93857077,9.06381955,4.09228e-07
38,0.148618,2810,5,4.56823102,1.90693897,0.73849975,0.36156621,0.50918428,1.9349e-07
38,0.148618,2813,5,4.92107754,2.79813182,0.80067592,0.33716706,0.75538799,2.10726e-07
39,0.256226,0,0,0.0,0.52124806,0.82712676,0.64190597,0.27675019,0.530937600273
39,0.256226,35,1,1.97555277,0.31098867,0.64137767,0.38817386,0.07742562,0.0269611647
39,0.256226,1,1,1.64897155,0.2616598,0.76258165,0.91927567,0.18342947,0.075915533381
39,0.256226,72,1,1.61830793,2.23555886,0.75341484,0.61784439,1.04063731,0.050409432975
39,0.256226,2,1,1.49825591,1.15397823,0.84115014,0.92957512,0.9023097,0.084675259991
39,0.256226,3,1,1.51333904,0.90160867,0.83092925,0.90829171,0.68046764,0.081731210345
39,0.256226,17,2,2.19420176,0.62903514,0.68138147,0.70642799,0.30278414,0.008313230038
39,0.256226,29,2,1.90768519,3.44297819,0.84858162,0.47571991,1.38988612,0.006971986408
39,0.256226,3770,2,2.55376767,0.30719981,0.93779577,0.81208833,0.23395508,0.007830299891
39,0.256226,307,2,2.55376767,1.05014279,0.92496876,0.64002784,0.62169058,0.006086852697
39,0.256226,1167,2,2.23959823,2.14161335,0.60168253,0.53793215,0.69316395,0.00501164839
39,0.256226,1177,2,2.48857465,0.26382648,0.93618661,0.87224722,0.21543705,0.013612722702
39,0.256226,114,2,2.10857771,0.43802077,0.9202134,0.69595851,0.2805218,0.010676155277
39,0.256226,2848,2,2.55376767,1.57621956,0.85087839,0.75029086,1.00626847,0.006563931082
39,0.256226,3008,2,2.48857465,2.63265036,0.45991521,0.91035606,1.10225543,0.006979624207
39,0.256226,368,2,2.57330836,3.89023543,0.61560884,0.74653338,1.78784543,0.007116062891
39,0.256226,232,2,2.3254322,2.65325442,0.65974908,0.71140539,1.24530246,0.004825727638
39,0.256226,201,2,1.68518798,11.74117117,0.63139645,0.6728849,4.98832038,0.004368273063
39,0.256226,50,2,2.24459206,0.28622568,0.53862694,0.56901221,0.08772397,0.005293235858
39,0.256226,57,2,2.48857465,0.51790609,0.57568033,0.77388141,0.23073146,0.007426749569
39,0.256226,4,2,1.8298448,4.6793568,0.87776363,0.65719461,2.6993409,0.009616444989
39,0.256226,5,2,2.1361135,0.60314108,0.60902908,0.97606501,0.3585384,0.009909682684
39,0.256226,12,2,2.0739801,2.86479479,0.52612649,0.72853086,1.09807407,0.005935042253
39,0.256226,14,2,1.76526233,4.2139684,0.53226317,0.56047924,1.25712142,0.005152257225
39,0.256226,265,2,2.47943129,0.47483385,0.80552486,0.51912482,0.19856029,0.00722208054
39,0.256226,1822,2,2.55376767,3.30836833,0.69338219,0.8952892,2.05376091,0.006382677291
39,0.256226,10,2,2.22994469,0.25411641,0.78969365,0.7952813,0.15959237,0.010846534407
39,0.256226,26,3,2.69279423,1.91620059,0.55135341,0.78443093,0.8287542,0.000848309577
39,0.256226,22,3,2.69279423,1.17218015,0.86928179,0.65389241,0.66628685,0.00111490144
39,0.256226,25,3,2.86429786,1.43575409,0.90264823,0.92937153,1.20444775,0.001015515984
39,0.256226,31,3,2.33833927,0.41239813,0.55818194,0.55965731,0.1288293,0.000328284625
39,0.256226,73,3,2.69279423,1.11791329,0.37744481,0.96614618,0.40766593,0.000715263226
39,0.256226,342,3,2.64933197,4.77661262,0.68881393,0.72478197,2.38467571,0.000524640593
39,0.256226,463,3,2.86429786,0.6849587,0.34598004,0.66985104,0.15874267,0.000280548624
39,0.256226,450,3,2.64933197,5.28859997,0.72068548,0.60679646,2.31275449,0.000459559129
39,0.256226,2384,3,2.86429786,0.48443849,0.52181663,0.801836,0.20269457,0.000506503355
39,0.256226,2632,3,2.44773239,0.98204319,0.91429965,0.78564148,0.70541314,0.000734257851
39,0.256226,428,3,2.59666464,0.36188333,0.64193109,0.7646189,0.17762415,0.00043731892
39,0.256226,2664,3,2.909603,0.46225286,0.82562843,0.63207343,0.24123026,0.001054792344
39,0.256226,391,3,3.24418321,2.21187704,0.89413683,0.55980653,1.10714098,0.000726501924
39,0.256226,2107,3,2.59666464,3.31102736,0.86140686,0.62728687,1.78911104,0.000481436874
39,0.256226,2058,3,2.69279423,1.48879846,0.58301084,0.87091026,0.7559376,0.000995908954
39,0.256226,3050,3,3.17739084,6.92223811,0.84711513,0.72164971,4.23170528,0.001697340304
39,0.256226,2231,3,2.2418537,0.97688172,0.57342984,0.49015783,0.27457325,0.00025042695
39,0.256226,484,3,2.59666464,0.36198407,0.85520501,0.83343744,0.25800772,0.00063505021
39,0.256226,439,3,3.24418321,0.5742956,0.66261682,0.85805964,0.32652423,0.000825229525
39,0.256226,370,3,2.34550293,1.20326212,0.67379226,0.82323984,0.66744064,0.001087982717
39,0.256226,34,3,2.95251251,0.57280459,0.66346292,0.64643439,0.24566744,0.000727220232
39,0.256226,16,3,2.64933197,1.55189902,0.85572089,0.71234917,0.9459943,0.000640586294
39,0.256226,121,3,2.33789614,1.26795047,0.82482868,0.70583025,0.73818686,0.000611810046
39,0.256226,757,3,2.59666464,29.14261943,0.83745027,0.5573433,13.60223896,0.000415859513
39,0.256226,756,3,2.86429786,4.69715413,0.75281119,0.85934167,3.03869246,0.00078312448
39,0.256226,917,3,2.59666464,0.44976224,0.88770863,0.61558907,0.24577875,0.00048688475
39,0.256226,770,3,2.69279423,3.18612495,0.543625,0.8102627,1.40342132,0.000863962441
39,0.256226,782,3,2.30816205,0.56182062,0.66319833,0.5949335,0.22167133,0.00035154156
39,0.256226,978,3,2.74628322,1.70578882,0.83341238,0.61666077,0.87666069,0.000730832493
39,0.256226,785,3,3.24418321,0.39396433,0.67429742,0.79776073,0.21192444,0.000780762549
39,0.256226,788,3,3.17023474,6.08749781,0.96759156,0.7184664,4.23191902,0.001024037605
39,0.256226,2445,3,2.69279423,0.98277405,0.74486879,0.69645766,0.50983328,0.001017522684
39,0.256226,155,3,2.86429786,1.23637373,0.85798481,0.91649961,0.9722135,0.000951898722
39,0.256226,21,3,2.86429786,0.31081749,0.80305038,0.8322938,0.20774229,0.00080909276
39,0.256226,74,3,2.64933197,11.26082431,0.96103114,0.81732806,8.8451266,0.000825441794
39,0.256226,80,3,2.74628322,1.08916766,0.86241141,0.45814916,0.43034437,0.000561866277
39,0.256226,32,3,2.45697274,0.36478089,0.74475272,0.71523746,0.19430968,0.001044797065
39,0.256226,592,3,2.88944782,0.41836525,0.80818701,0.7460372,0.25224813,0.00131293214
39,0.256226,260,3,2.59666464,1.81910844,0.63884202,0.97305418,1.13080855,0.000553854028
39,0.256226,257,3,2.59666464,0.40209272,0.95429103,0.89019363,0.34157929,0.000756885435
39,0.256226,545,3,2.64933197,0.4528904,0.47834932,0.89944182,0.19485491,0.000452137801
39,0.256226,3196,3,2.59666464,1.22091281,0.47467236,0.57204063,0.33151675,0.000241927728
39,0.256226,280,3,2.61229513,0.8598472,0.5253471,0.58829044,0.26574152,0.000304197741
39,0.256226,1003,3,2.74628322,1.02311562,0.87490196,0.61804688,0.55322974,0.000768939876
39,0.256226,1002,3,2.45300563,11.33369651,0.84180788,0.79275494,7.56351242,0.001308945438
39,0.256226,730,3,2.59666464,0.07651829,0.57678653,0.4327508,0.01909934,0.000222391312
39,0.256226,1055,3,2.29066524,1.81536767,0.79607392,0.66218636,0.95696978,0.000469676089
39,0.256226,1030,3,3.17739084,1.18354216,0.84869434,0.52743822,0.52979352,0.000678073438
39,0.256226,1026,3,2.64933197,0.54269084,0.56610582,0.67110601,0.20617749,0.000399246698
39,0.256226,3694,3,2.59666464,0.80793086,0.94249406,0.81554193,0.62101074,0.000684840978
39,0.256226,172,3,2.69279423,0.30972488,0.58615922,0.85995203,0.15612265,0.000988688363
39,0.256226,2495,3,3.22870533,1.38312225,0.46684641,0.59076846,0.38146254,0.000342404266
39,0.256226,3746,3,2.59666464,3.50940402,0.55981733,0.76134798,1.4957634,0.000379747006
39,0.256226,413,3,2.3869924,0.64107174,0.58235142,0.86473686,0.32283138,0.000448677133
39,0.256226,1196,3,2.74628322,2.39191699,0.89986304,0.78132627,1.68172486,0.000999816778
39,0.256226,185,3,2.909603,0.18192981,0.95913662,0.56161773,0.09799979,0.001088769832
39,0.256226,707,3,2.35376245,1.41605892,0.54849963,0.69013591,0.53603394,0.000337268509
39,0.256226,1334,3,2.64933197,0.4674986,0.86205916,0.65532144,0.26410205,0.000593668539
39,0.256226,1290,3,3.05130196,0.90026521,0.59673884,0.70117794,0.37668907,0.000411841781
39,0.256226,1319,3,2.59666464,0.25158107,0.72323474,0.8414977,0.15311234,0.000542246851
39,0.256226,652,3,3.24418321,0.40038048,0.63230855,0.74953166,0.18975444,0.000687881865
39,0.256226,693,3,2.30816205,0.88572441,0.76794349,0.84119417,0.57216874,0.000575559654
39,0.256226,228,3,2.28870068,1.25190716,0.69646078,0.64223228,0.55996505,0.000398523211
39,0.256226,216,3,2.64933197,0.92326963,0.59964202,0.65433596,0.36226084,0.000412330471
39,0.256226,208,3,2.69279423,0.2906373,0.93947811,0.80609981,0.22010344,0.001485405683
39,0.256226,3526,3,2.98640402,0.87997046,0.67507734,0.77672334,0.46141104,0.000535988569
39,0.256226,3435,3,2.64933197,0.24745517,0.6469527,0.72969166,0.11681765,0.000496094597
39,0.256226,1589,3,2.59666464,5.01262921,0.8578042,0.7523281,3.2349013,0.000574989984
39,0.256226,207,3,2.32276692,0.26473145,0.28594354,0.77195801,0.05843587,0.000196670307
39,0.256226,44,3,2.36303216,0.32700401,0.72702176,0.63990454,0.15213028,0.000912498586
39,0.256226,42,3,2.86429786,0.5186395,0.6734763,0.8640735,0.30181345,0.000704452743
39,0.256226,110,3,2.69279423,5.88173248,0.89239802,0.72400639,3.80019832,0.001267274198
39,0.256226,860,3,3.24418321,0.89214017,0.59665072,0.672163,0.35778973,0.000582089274
39,0.256226,100,3,2.69279423,1.23201344,0.8395842,0.75584901,0.78183436,0.001244712087
39,0.256226,842,3,2.69279423,0.58493138,0.85520271,0.66260829,0.33145979,0.001111464334
39,0.256226,1268,3,1.994814,1.39484681,0.52403947,0.65528856,0.47898631,0.000360868666
39,0.256226,99,3,2.54841396,0.84371616,0.83837784,0.82915632,0.58650615,0.000750503114
39,0.256226,60,3,2.36303216,4.2793483,0.59242078,0.72446865,1.83665472,0.00084182047
39,0.256226,58,3,2.33789614,0.80106134,0.94963446,0.95753058,0.72840831,0.000955568232
39,0.256226,53,3,2.69279423,0.83358915,0.54386039,0.83149518,0.37696343,0.000886986007
39,0.256226,49,3,2.33833927,0.12936071,0.50844688,0.640752,0.04214421,0.000342364038
39,0.256226,71,3,2.69279423,1.53770398,0.45267143,0.8887065,0.61860608,0.00078906185
39,0.256226,67,3,2.37441633,0.55773667,0.80408032,0.64441885,0.28899935,0.000736850264
39,0.256226,47,3,2.74628322,0.07996281,0.68027531,0.63353735,0.03446236,0.000612870207
39,0.256226,45,3,2.57926558,3.24212845,0.59268061,0.92339924,1.77435473,0.000662504897
39,0.256226,61,3,2.74628322,1.39029235,0.98018001,0.79202398,1.07932019,0.001103966125
39,0.256226,66,3,2.64933197,1.23005579,0.67406086,0.59215197,0.49097242,0.000419454511
39,0.256226,7,3,2.73680241,2.53736726,0.37489427,0.87563351,0.8329415,0.000663507698
39,0.256226,6,3,2.73680241,2.27522236,0.82936727,0.64741141,1.22166207,0.001085280598
39,0.256226,11,3,2.48415637,0.19923466,0.69370077,0.92120567,0.12731913,0.00141375718
39,0.256226,13,3,2.86429786,0.65478605,0.98232677,0.8970436,0.57699088,0.001066714989
39,0.256226,8,4,3.37533646,0.785808,0.84545,0.59345139,0.39426618,6.7900676e-05
39,0.256226,65,4,3.37533646,1.13737047,0.80524673,0.85304757,0.78127543,9.2961523e-05
39,0.256226,51,4,3.08005353,0.10803778,0.53510786,0.6525591,0.03772566,6.4990283e-05
39,0.256226,54,4,3.37533646,0.52632929,0.57216255,0.78027332,0.23497612,6.0418119e-05
39,0.256226,2802,4,3.14961036,1.52173899,0.66826178,0.58306566,0.59293114,0.000104025707
39,0.256226,2710,4,3.30480992,0.51761709,0.79557603,0.86674797,0.35693006,6.4635478e-05
39,0.256226,40,4,3.37533646,0.74585757,0.76232642,0.89591116,0.50940338,0.000151183015
39,0.256226,46,4,3.47951304,1.52875436,0.71958692,0.82730226,0.91009176,0.000123307441
39,0.256226,807,4,3.33975291,6.82753199,0.71363703,0.82432591,4.01642879,0.000152055442
39,0.256226,815,4,3.26274057,1.63564634,0.47848582,0.71705026,0.56118761,3.8758685e-05
39,0.256226,107,4,3.08005353,1.18937153,0.80489356,0.53766871,0.51471965,7.430666e-05
39,0.256226,109,4,3.30480992,1.08708242,0.86555095,0.90161998,0.84835698,0.000131388595
39,0.256226,112,4,3.30480992,11.11236818,0.60368149,0.52842461,3.54484714,4.1679604e-05
39,0.256226,892,4,3.26274057,0.80575096,0.39104771,0.53465622,0.16846326,1.7733973e-05
39,0.256226,833,4,3.47951304,6.68808168,0.38785226,0.73410629,1.9042626,4.5479022e-05
39,0.256226,844,4,3.26274057,1.3177814,0.51759721,0.57972952,0.3954219,2.5451831e-05
39,0.256226,855,4,3.33975291,2.455692,0.75418541,0.92946966,1.72142157,0.00021237993
39,0.256226,863,4,3.24891054,3.62526319,0.96967292,0.8239195,2.89634033,0.000107957841
39,0.256226,804,4,3.37533646,0.9480147,0.57373072,0.97877452,0.53236051,7.5996182e-05
39,0.256226,3888,4,3.33975291,1.12730843,0.85086388,0.94951043,0.91075713,0.000208826431
39,0.256226,98,4,3.08005353,0.63543143,0.44855978,0.61049233,0.17400801,4.7019181e-05
39,0.256226,101,4,3.37533646,2.47019723,0.80480707,0.61947371,1.23153367,0.000110360014
39,0.256226,867,4,3.26274057,0.4304632,0.77117307,0.24620191,0.08172959,1.6104415e-05
39,0.256226,879,4,3.79835931,0.54567204,0.5687074,0.75995171,0.23583409,7.2745257e-05
39,0.256226,881,4,3.30480992,0.83623467,0.75562913,0.86259792,0.5450612,0.000109738394
39,0.256226,85,4,3.33975291,0.15261947,0.43851474,0.75647407,0.0506277,5.7396798e-05
39,0.256226,87,4,3.06115,4.42756028,0.71889078,0.5142868,1.63694006,2.4755624e-05
39,0.256226,89,4,3.30480992,0.5775966,0.72668582,0.83164898,0.34906907,0.000101748554
39,0.256226,93,4,2.82839248,0.20830801,0.72357994,0.7030519,0.10596926,6.8741348e-05
39,0.256226,94,4,3.33975291,0.51240893,0.85627603,0.85054981,0.3731902,0.000117214039
39,0.256226,95,4,3.30480992,0.78244931,0.98644137,0.70011178,0.54037454,9.0234237e-05
39,0.256226,3910,4,3.47951304,0.27750327,0.85472312,0.5953273,0.14120477,7.3111915e-05
39,0.256226,1329,4,3.74147315,1.98789703,0.78756127,0.9453817,1.48008081,0.00010297299
39,0.256226,1338,4,2.77166319,0.35632913,0.84502829,0.25794631,0.07766975,5.819386e-05
39,0.256226,1269,4,3.24891054,0.58432565,0.72558877,0.88852839,0.37671838,8.711762e-05
39,0.256226,1171,4,3.47951304,2.09283254,0.87140072,0.5923809,1.08032256,0.000106920449
39,0.256226,1173,4,3.26274057,1.01936591,0.83941459,0.9373531,0.80206551,6.6739265e-05
39,0.256226,1125,4,3.26274057,1.82760256,0.71432398,0.97575667,1.27385066,5.9120548e-05
39,0.256226,1128,4,3.26274057,2.37203151,0.83730798,0.67107868,1.3328434,4.7660694e-05
39,0.256226,1137,4,3.33975291,1.690359,0.59770121,0.86550639,0.87444675,0.000117274879
39,0.256226,727,4,3.02340198,1.65885308,0.87532706,0.80166616,1.16405052,5.7039088e-05
39,0.256226,1221,4,3.38302827,0.59438687,0.79079937,0.67288884,0.31628518,6.0981437e-05
39,0.256226,1231,4,3.14961036,1.16777292,0.7096981,0.72820848,0.60351459,0.000137976767
39,0.256226,1234,4,3.26274057,0.68708394,0.92668911,0.93055714,0.59249802,7.3144014e-05
39,0.256226,1189,4,3.47951304,0.66273691,0.93624075,0.57700187,0.35801887,0.00011189394
39,0.256226,1215,4,3.74147315,1.0880711,0.27667857,0.95742716,0.28822957,3.6636421e-05
39,0.256226,188,4,3.08005353,0.34363657,0.90356684,0.47909018,0.14875684,7.4327938e-05
39,0.256226,3527,4,3.30480992,4.16984215,0.61531335,0.97815227,2.50970354,5.6415605e-05
39,0.256226,193,4,3.33975291,1.04522079,0.89122223,0.75926723,0.70727565,0.000117081986
39,0.256226,195,4,3.30480992,1.10911511,0.6571584,0.86345628,0.62934246,9.5532669e-05
39,0.256226,202,4,3.38302827,2.83637948,0.94258045,0.9011669,2.409284,9.7344557e-05
39,0.256226,645,4,3.22447243,1.87730972,0.65013814,0.46303415,0.56513811,4.6081458e-05
39,0.256226,647,4,3.30480992,0.24455939,0.84694986,0.86034864,0.17820362,0.000122679975
39,0.256226,234,4,2.75968234,0.88604577,0.69075224,0.65937823,0.4035646,9.7060807e-05
39,0.256226,236,4,3.30480992,0.10808767,0.9521542,0.4544962,0.04677499,5.6541878e-05
39,0.256226,238,4,3.30480992,2.5041763,0.90394866,0.8917754,2.01866455,6.8966656e-05
39,0.256226,239,4,3.08005353,1.57455089,0.68111973,0.54147993,0.58071431,6.3325752e-05
39,0.256226,241,4,3.37533646,1.28707561,0.7165346,0.7965367,0.73459339,7.7240303e-05
39,0.256226,1508,4,3.79835931,4.153684,0.88574408,0.97044163,3.5703528,0.000127370688
39,0.256226,1530,4,3.79835931,1.86623196,0.51163261,0.97995146,0.93568227,7.4294146e-05
39,0.256226,1482,4,3.26274057,3.13291167,0.37109206,0.97595398,1.13464277,3.0719397e-05
39,0.256226,1447,4,3.26274057,1.70836981,0.51063399,0.86921669,0.75826265,3.7647788e-05
39,0.256226,1454,4,3.26274057,2.1123842,0.4961486,0.72970923,0.76477648,3.0708832e-05
39,0.256226,1418,4,3.30480992,4.36538725,0.71759865,0.84484731,2.64656531,5.5909512e-05
39,0.256226,1385,4,3.04927121,0.31715113,0.29223502,0.83936567,0.07779465,9.839597e-06
39,0.256226,1389,4,3.02340198,3.66568693,0.54565572,0.56288381,1.12588191,2.4965837e-05
39,0.256226,3399,4,3.30480992,3.11388656,0.72223586,0.73159259,1.64532288,4.5205187e-05
39,0.256226,3364,4,3.30480992,0.20952041,0.68284978,0.96159766,0.1375767,0.000110550337
39,0.256226,3344,4,3.30480992,0.74161463,0.77210759,0.75533481,0.43250946,9.8188093e-05
39,0.256226,3301,4,3.30480992,0.55725189,0.65206238,0.64671083,0.23499079,7.0997128e-05
39,0.256226,3317,4,3.14550514,0.90881749,0.71206677,0.67555329,0.4371767,7.2041704e-05
39,0.256226,1562,4,3.30480992,1.83039735,0.41416714,0.87256177,0.66148072,6.0843378e-05
39,0.256226,1564,4,3.73539784,1.89918619,0.31967423,0.26264416,0.15945676,1.7536638e-05
39,0.256226,676,4,3.06115,10.12394794,0.75427181,0.4818784,3.67972399,2.4337218e-05
39,0.256226,219,4,3.08005353,3.27918216,0.92641786,0.84570567,2.56916326,0.000134524284
39,0.256226,3430,4,3.47951304,7.53078991,0.89191758,0.79995901,5.37319983,7.3710581e-05
39,0.256226,3396,4,3.33975291,0.64572913,0.63338964,0.48760691,0.19943032,7.9830058e-05
39,0.256226,1743,4,3.37533646,1.20657482,0.63253776,0.85166516,0.64999437,7.2904838e-05
39,0.256226,1699,4,3.26274057,0.88707619,0.79804237,0.72674752,0.51448229,6.8018152e-05
39,0.256226,580,4,3.30480992,4.78208227,0.62569656,0.95796275,2.8663514,5.1280506e-05
39,0.256226,264,4,3.47951304,0.59921353,0.7689048,0.82739769,0.38121369,0.000138417283
39,0.256226,266,4,3.33975291,0.33473276,0.69229009,0.77916318,0.18055717,0.000139425489
39,0.256226,267,4,3.30480992,0.25085893,0.76662006,0.81735927,0.15718921,0.00010549568
39,0.256226,268,4,3.33975291,0.14056587,0.51582219,0.73039087,0.05295845,8.5673574e-05
39,0.256226,1537,4,3.26274057,1.97757411,0.73367024,0.40099771,0.58180248,2.4954248e-05
39,0.256226,1542,4,3.47951304,0.82009975,0.36421624,0.80819981,0.24140415,4.7017973e-05
39,0.256226,563,4,3.30480992,4.50335372,0.93082644,0.97975583,4.10698034,0.000153542308
39,0.256226,1841,4,3.14961036,1.92056521,0.86563291,0.39419509,0.6553511,9.1100668e-05
39,0.256226,1842,4,3.30480992,1.59623586,0.80978792,0.7107392,0.91871039,9.6899842e-05
39,0.256226,1804,4,3.33975291,0.25746934,0.62462577,0.69423657,0.1116485,7.6414767e-05
39,0.256226,1732,4,3.26274057,1.39784235,0.94981783,0.6552013,0.86990787,5.2785757e-05
39,0.256226,587,4,3.38302827,1.31993794,0.42316439,0.85652992,0.47841541,8.1613583e-05
39,0.256226,593,4,2.72880111,0.67655686,0.82868703,0.83925647,0.47053241,6.3646456e-05
39,0.256226,1693,4,3.33975291,0.37368476,0.63934584,0.91220746,0.21793895,0.000100911086
39,0.256226,1694,4,3.26274057,1.59371112,0.51510481,0.86557928,0.71057849,3.7818486e-05
39,0.256226,629,4,3.33975291,0.41214543,0.58411329,0.55448862,0.13348738,7.3651441e-05
39,0.256226,639,4,3.26274057,0.74569696,0.83857236,0.95237338,0.59553894,7.123626e-05
39,0.256226,250,4,3.55248348,2.29230169,0.93503937,0.92659017,1.98604627,0.000128510493
39,0.256226,251,4,3.33975291,1.53842889,0.58300821,0.75573736,0.67783344,0.000111858635
39,0.256226,254,4,3.33975291,0.45245785,0.77077224,0.94709816,0.33029285,0.000188689048
39,0.256226,3261,4,3.14961036,1.65558694,0.76497784,0.73916822,0.93614719,0.00015096238
39,0.256226,261,4,3.37533646,0.72131759,0.94422388,0.95864332,0.65291786,0.000200368346
