orf,E_essential,U,D_enc,D_dec,D,D_dec_raw
Q0045,0,43,0.5182724252491694,0.0006401162637404026,0.0003317546084501754,0.00012111038719931029
YML030W,0,16,0.6,0.0020976660584941472,0.0012585996350964882,0.00039687969662665246
YML129C,0,12,0.5606060606060606,0.0004494056481564116,0.0002519395300270792,8.5027822507964e-05
YEL039C,0,20,0.5947368421052631,0.00028900812544029584,0.0001718837798671233,5.4680513460623444e-05
YGL187C,0,64,0.3169642857142857,0.004975123543566003,0.001576936480326724,0.0009412964063822652
Q0275,0,46,0.5120772946859904,0.0012069591298998618,0.0006180563660356781,0.00022835740292203525
YLR395C,0,40,0.5794871794871795,0.0015951118789608526,0.0009243468837055198,0.0003017961395924065
YGL226W,0,27,0.9829059829059829,3.1006518127093625e-06,3.0476492176203135e-06,5.866452125637067e-07
YIL157C,0,7,0.8095238095238095,0.00018355403953773073,0.00014859136534006774,3.472853614203359e-05
Q0105,0,41,0.5902439024390244,0.0004828895570082226,0.00028502261657558503,9.136299846848893e-05
YNR018W,0,23,0.9565217391304348,1.7585083110845437e-05,1.6820514279939115e-05,3.3271084412725556e-06
YMR256C,0,27,0.9857549857549858,2.9579138089216716e-07,2.9157782845780583e-07,5.596390952596874e-08
YDR119W-A,0,27,0.9857549857549858,2.95594186638239e-07,2.913834432388339e-07,5.592660025295142e-08
YCL017C,1,15,0.24761904761904763,0.004861020340597746,0.0012036812271956324,0.000919708010843902
YFR033C,0,31,0.8559139784946237,3.573988595091171e-05,3.059026797518895e-05,6.762008202512266e-06
YNL052W,0,43,0.4950166112956811,0.002105540753420726,0.001042277648703283,0.00039836959370575744
YPR191W,0,48,0.46187943262411346,0.004489520527901317,0.0020736171941813705,0.0008494200198823376
YHR051W,0,40,0.6153846153846154,0.004676887503444635,0.002878084617504391,0.0008848699658403077
YDL067C,1,28,0.9682539682539683,3.3985116737968014e-06,3.2906224143111886e-06,6.43000479803194e-07
YKL192C,1,91,0.18876678876678876,0.031695318656380755,0.005983023521705085,0.005996773605546982
Q0070,0,29,0.9187192118226601,8.647991142204663e-06,7.945075606015614e-06,1.636205194363515e-06
Q0065,0,30,0.8597701149425288,0.00012652520825111327,0.00010878259284118703,2.393864650809764e-05
YIL111W,0,29,0.9433497536945813,5.0708540498929606e-05,4.783588918987695e-05,9.594086765194067e-06
YGR183C,0,38,0.7211948790896159,0.00031073868604023966,0.00022410314910725675,5.879194876917012e-05
YDR231C,1,7,0.42857142857142855,3.274579564261342e-05,1.4033912418262893e-05,6.195524491523842e-06
YGR112W,0,13,0.48717948717948717,0.0024615260765625604,0.0011992050116586832,0.0004657222337887529
YMR244C-A,0,26,0.7538461538461538,0.0027121615239496582,0.002044552533438973,0.0005131426131766355
YDR529C,0,40,0.6525641025641026,0.0009159999077155151,0.0005977486577271758,0.0001733077407684001
YEL024W,0,46,0.5207729468599034,0.0013427243273411629,0.0006992545047699389,0.00025404426101595026
YOR065W,0,48,0.49113475177304966,0.0018150756930971988,0.0008914467499785887,0.0003434134272773414
YLR203C,0,18,0.29411764705882354,0.0003495806006528119,0.00010281782372141526,6.614086268490673e-05
YPL172C,0,3,0.3333333333333333,0.00023039651964639333,7.67988398821311e-05,4.3591161925334784e-05
YNR017W,1,48,0.2473404255319149,0.005072022938488006,0.0012545163119132567,0.0009596298309539333
YNR020C,0,10,0.2222222222222222,0.001869464992011202,0.0004154366648913782,0.00035370391577779504
YGL191W,0,37,0.7162162162162162,0.0011280082075240663,0.0008078977702537231,0.000213419840294267
YJL062W-A,0,11,0.38181818181818183,0.0007695700236776648,0.0002938358272223811,0.00014560311747114515
YHR001W-A,0,33,0.7083333333333334,0.0007247887736050862,0.0005133920479702695,0.00013713047766682578
YJR048W,0,23,0.4505928853754941,0.0008999708705721244,0.0004055204713249889,0.00017027503717245547
Q0250,0,54,0.3920335429769392,0.005751441894661206,0.0022547581431900322,0.001088176311513374
YLR038C,0,33,0.8181818181818182,0.00016123221966147396,0.00013191727063211506,3.0505234218083296e-05
YJL166W,0,39,0.6950067476383266,0.0003480111939154215,0.0002418701280248881,6.584392997376469e-05
Q0140,0,76,0.9312280701754386,0.000386770006013517,0.0003601710863017102,7.317712084311796e-05
YBL045C,0,95,0.13840985442329226,0.039150357162670915,0.005418795235505178,0.0074072714341863275
Q0060,0,26,1.0,0.0,0.0,0.0
YJR045C,0,31,0.23225806451612904,0.006102259671599446,0.0014172990205005166,0.0011545512487054438
Q0075,0,8,0.8214285714285714,8.385890349236735e-07,6.888409929730175e-07,1.5866155646045288e-07
Q0080,0,26,0.8123076923076923,6.958061250155723e-05,5.652086677049572e-05,1.3164694289108528e-05
YLR447C,0,41,0.5170731707317073,0.001519258793446443,0.0007855679614893803,0.00028744468958669605
YMR054W,0,38,0.6102418207681366,0.0028463954187302964,0.0017369895229520586,0.0005385397478739467
YPL271W,0,31,0.6580645161290323,0.0006154097862973387,0.00040497934324082934,0.00011643590661046217
YML081C-A,0,25,0.8733333333333333,0.0012685022367741336,0.0011078252867827434,0.00024000139624824507
YDR298C,0,36,0.6365079365079365,0.0006969626272854194,0.00044362224371659233,0.00013186575382533592
YBL099W,0,45,0.4111111111111111,0.0077451613359479435,0.0031841218825563768,0.0014653892448172417
YOR270C,0,45,0.4585858585858586,0.004758394583924454,0.002182132465759295,0.0009002911551391308
YCL005W-A,0,38,0.5803698435277382,0.0006068042674549892,0.0003521708977548159,0.00011480773720111473
YPL234C,0,41,0.5841463414634146,0.0004660597982042353,0.0002722471260241813,8.817879784638364e-05
YBR039W,0,39,0.4399460188933873,0.002630953977191433,0.0011574777281570946,0.0004977780958404796
YOL077W-A,0,25,0.8733333333333333,0.0012685022367741336,0.0011078252867827434,0.00024000139624824507
Q0085,0,31,0.6236559139784946,0.001360217725050879,0.0008483078285263547,0.00025735402252345424
YHR026W,0,46,0.5507246376811594,0.0008952470679192266,0.0004930346171149364,0.0001693812908317476
YLR295C,0,25,0.86,0.0005580090462601385,0.00047988777978371906,0.00010557565161426735
YDR377W,0,25,0.8633333333333333,0.00020460336478798346,0.00017664090493362572,3.8711081307260305e-05
YPL078C,0,30,0.6666666666666666,0.00042782946111454993,0.00028521964074303325,8.094559477068478e-05
YEL027W,0,46,0.5507246376811594,0.0008952470679192266,0.0004930346171149364,0.0001693812908317476
YLR393W,0,5,0.6,2.319971962391104e-05,1.3919831774346624e-05,4.389401091216112e-06
YPR020W,0,26,0.8676923076923077,3.466119007516032e-05,3.007524800367757e-05,6.557918285441309e-06
Q0130,0,48,0.4237588652482269,0.002010716011873534,0.0008520587355279691,0.0003804286948169387
YDL004W,1,34,0.5472370766488414,0.0007056114229288778,0.0003861367323336283,0.00013350211123182691
YKL016C,0,27,0.8148148148148148,0.0014874655943278527,0.0012120090027856576,0.0002814293969380487
YJR121W,0,56,0.2331168831168831,0.013793333143084088,0.003215458830108563,0.0026097070366040047
YDR322C-A,0,25,0.86,0.00015116786698933006,0.00013000436561082384,2.8601052559096292e-05
YOR020W-A,0,24,0.9347826086956522,3.4042922482923064e-06,3.1822731886210693e-06,6.44094168020541e-07
YCR106W,0,16,0.0,0.02448642269367868,0.0,0.0046328460961586795
YJR119C,0,21,0.4095238095238095,0.0012117018271444575,0.0004962207482591588,0.00022925472413100713
YMR176W,0,17,0.6102941176470589,0.001136276175346028,0.0006934626658361789,0.00021498414484484674
YER154W,0,14,0.1978021978021978,0.0008688542987719658,0.00017186128986698224,0.0001643877628248056
YLR163C,1,28,0.5317460317460317,0.00458108913795289,0.002435975970181299,0.0008667448567078337
Q0120,0,19,0.7777777777777778,0.0002549210206718868,0.00019827190496702308,4.823121246507852e-05
YHR024C,1,15,0.6095238095238096,0.002216853131651432,0.0013512247659589682,0.00041942996350299177
Q0115,0,18,0.869281045751634,7.671363970477423e-05,6.668571294598021e-05,1.4514267382966317e-05
Q0110,0,12,0.8939393939393939,2.4714559712504325e-05,2.2093318530875077e-05,4.6760097591517436e-06
YER048W-A,1,18,0.1568627450980392,0.008500946315193995,0.0013334817749323913,0.0016083842234810445
YPL215W,0,7,0.42857142857142855,0.001654270408605751,0.0007089730322596075,0.0003129889694536099
YGR174C,0,6,0.5333333333333333,0.0002499982304747896,0.00013333238958655445,4.729981755974114e-05
YLR382C,0,19,0.5906432748538012,0.0014172707069976343,0.0008371014117354448,0.00026814848147700617
YGR033C,0,26,0.5138461538461538,0.0003885459872831051,0.00019965286115778015,7.351313758164248e-05
YLR008C,1,27,0.49572649572649574,0.0020995517053882307,0.0010408034095086957,0.00039723646216816396
YOR332W,0,36,0.5396825396825397,0.0016373440992688264,0.0008836460218276205,0.00030978650141183305
YEL051W,0,33,0.5113636363636364,0.0016594320543239396,0.0008485732095974691,0.0003139655559691011
YJL104W,1,25,0.56,0.001345469292917753,0.0007534628040339417,0.0002545636101758779
YGR020C,0,37,0.536036036036036,0.0017018753340576468,0.0009122665078957656,0.0003219958503605002
YDL227C,0,22,0.5324675324675324,0.0016014406462437425,0.0008527151492986161,0.00030299354621920636
YHR039C-A,0,37,0.503003003003003,0.0012129977340208165,0.0006101415028483087,0.00022949991050176579
YDL185W,0,44,0.33192389006342493,0.013221543573306191,0.004388546175494867,0.0025015241015420514
YIL022W,1,28,0.47883597883597884,0.0016326216417395596,0.0007817579818911648,0.0003088930095693359
YPL063W,1,28,0.4947089947089947,0.0010176244599217192,0.0005034279735591573,0.0001925351679778442
YBR127C,0,42,0.4076655052264808,0.01106870264279243,0.00451232825507566,0.00209420528550462
YKR065C,0,26,0.49538461538461537,0.007324119146890053,0.003628255946613226,0.0013857278060559759
YDR164C,1,22,0.2683982683982684,0.001699628965075291,0.00045617747114574914,0.0003215708359800564
YJL143W,1,30,0.432183908045977,0.002155859295177475,0.0009317276953870466,0.00040788989247125785
YOR232W,1,31,0.3827956989247312,0.0033684533324921085,0.0012894294477066566,0.000637313423310193
YPR036W,0,40,0.4423076923076923,0.008620435942786586,0.0038128851285402204,0.0016309917338409262
YKL080W,0,34,0.5989304812834224,0.0017860731250520464,0.0010697336363948084,0.0003379261237284548
YML009C,0,157,0.5089008655887637,0.0023620770366997806,0.0012020630485638601,0.0004469064148404854
YCR071C,0,111,0.6787878787878788,0.00046985742999359836,0.0003189335282380789,8.889731209528374e-05
YCR003W,0,155,0.5209049015500629,0.001849327036679702,0.0009633235179755097,0.00034989380235660335
YGR084C,0,85,0.7764705882352941,0.005798116806070963,0.004502067167066866,0.0010970072331967227
YDR237W,0,112,0.6375482625482626,0.0009028023337660149,0.0005755800593170395,0.00017081075173428972
YMR188C,0,124,0.5599265670076056,0.001741489762747108,0.0009751063843338777,0.0003294909244103697
YDR175C,0,118,0.621903520208605,0.0016075810068694575,0.0009997602871926092,0.00030415530619164996
YNL122C,0,76,0.9249122807017544,0.0005370155364630432,0.0004966922646023094,0.00010160366676679309
YHR059W,0,80,0.8693037974683544,0.001448221400934433,0.0012589443634072428,0.00027400437163181907
YGR076C,0,73,0.9996194824961948,2.5056260066020218e-06,2.50467257204852e-06,4.7406596742759646e-07
YBR122C,0,79,0.9107432651736449,0.00011405403320213698,0.00010387394260473754,2.1579092588648362e-05
YLR439W,0,138,0.5083042420395641,0.0031206275913664935,0.0015862282425172962,0.0005904246420592741
YIL093C,0,78,0.9180819180819181,0.0001804684953769241,0.00016568486238900426,3.414474930641679e-05
YNR036C,0,143,0.44587806559637544,0.002597845496476948,0.0011583223246873972,0.0004915139511123301
YNL177C,0,114,0.6104642136314237,0.003942391882816381,0.0024066891605704094,0.0007459029468011522
YER050C,0,121,0.6081267217630854,0.0023395488416687255,0.0014227421674886257,0.0004426440666114781
YKR085C,0,73,0.9996194824961948,2.5072975382942185e-06,2.50634346769365e-06,4.7438222224242486e-07
YJR113C,0,168,0.414599372683205,0.004884266599263094,0.0020250138680720097,0.0009241062171501198
YMR286W,0,106,0.7092542677448338,0.0003654637356385118,0.00025920671420758424,6.914596150370061e-05
YMR193W,0,142,0.5716711617221056,0.0015241013410567685,0.000871284784224142,0.0002883609025457148
YHR147C,0,105,0.665018315018315,0.0013050588440863577,0.0008678880334940595,0.00024691792863004394
YPR100W,0,134,0.5263157894736842,0.0025583296116628014,0.0013464892692962112,0.0004840375216237247
YDR462W,0,110,0.6713928273561302,0.0010157476627372887,0.0006819656951655692,0.00019218007680679228
YGR150C,0,33,0.9981060606060606,2.5056260066020218e-06,2.500880502801639e-06,4.7406596742759646e-07
YDR041W,1,143,0.500443218753078,0.0015791275189884087,0.0007902636584241215,0.00029877188894443215
YDR347W,0,85,0.7983193277310925,0.0021263412078560157,0.0016974992835825336,0.0004023050523611263
YJL096W,0,75,0.9585585585585585,0.00022949058576096642,0.00021998016508979122,4.341975868211783e-05
YBR251W,0,171,0.42683178534571725,0.00907099213632696,0.003871787768405398,0.0017162372402367012
YJL063C,0,169,0.4502676810369118,0.004754954398298695,0.0021410022903582174,0.0008996402699222195
YNL005C,0,162,0.4792577256345372,0.007986621982669707,0.0038276502869170823,0.0015110737463279364
YMR158W,0,120,0.5899159663865546,0.0014555527772402216,0.0008586538232122988,0.0002753914724967613
YMR024W,0,100,0.6971717171717172,0.007425967398606394,0.00517717444294761,0.0014049975573490647
YPR166C,0,112,0.643983268983269,0.0005735854425328268,0.0003693794283235048,0.00010852271528162674
YKL003C,0,156,0.504383788254756,0.0030593871094270982,0.0015431052599906077,0.0005788379055551686
YLR312W-A,0,75,0.9567567567567568,0.00039311797965866713,0.00037611828324099505,7.43781613253622e-05
YNL306W,1,133,0.5393028024606972,0.0019137490262661914,0.0010320902130717875,0.0003620824820464133
YGR215W,0,79,0.9123661148977604,0.00017464028938780844,0.00015933588233337537,3.304204918145106e-05
YHR075C,0,39,0.8110661268556005,0.0010653317328327922,0.0008640544823650581,0.00020156141308638344
YCR046C,0,154,0.5249129955012308,0.0017364161937424856,0.0009114674256942137,0.00032853100206276095
YGL129C,0,131,0.5482090428655314,0.00289931972117568,0.001589433289306879,0.0005485530581497394
YBL038W,0,110,0.5914929107589658,0.007255428475860225,0.0042915345079900516,0.0013727314892356666
YHL004W,0,124,0.5702858641489641,0.003143143990369839,0.0017924905866926867,0.00059468475847265
YDR337W,0,174,0.3892100192678227,0.005829262266964197,0.002268807279242327,0.001102899973378388
YOR158W,0,79,0.8928919182083739,0.0006258901350145355,0.0005588522432408268,0.00011841879497468949
YOR150W,0,127,0.5121859767529059,0.0038366662884423827,0.001965086670420808,0.0007258995999143046
YNR037C,0,99,0.7344877344877345,0.00025623317541282784,0.0001882001245095662,4.847947294171785e-05
YDR322W,0,86,0.8205198358413133,0.000924888312605208,0.0007588892064303745,0.00017498943239030134
YEL050C,0,124,0.578415945449777,0.004094003106665347,0.002368036677616161,0.0007745878827482822
YPL183W-A,0,155,0.5244239631336406,0.002043478902284216,0.00107164930451587,0.0003866274536489991
YBR146W,0,158,0.49810529710553897,0.003318918436304721,0.001653170853784614,0.000627941390763985
YPL173W,0,77,0.9149008885850991,0.0006480130765180485,0.0005928677395211264,0.00012260446898931622
YPL118W,0,81,0.8731481481481481,0.00034468057435470154,0.0003009572052004477,6.521377472313044e-05
YBR282W,0,113,0.6638748419721872,0.0005290711389095119,0.0003512370187355973,0.00010010058190819055
YDL045W-A,0,77,0.937799043062201,5.1651166743368906e-05,4.843841474497754e-05,9.77243222509723e-06
YNL137C,1,118,0.6049543676662321,0.002095943327400229,0.001267950070291664,0.0003965537548538165
YML025C,1,110,0.6412010008340283,0.0017607165472137407,0.0011289732122584852,0.0003331286437486428
YDR296W,0,78,0.9177489177489178,0.0008503145160206758,0.0007803752268241699,0.0001608800246297479
YDR036C,0,80,0.875,0.0011257954925255273,0.0009850710559598363,0.00021300119326807075
YKL155C,0,40,0.882051282051282,0.00026455694698065805,0.00023335279425986248,5.005433559502384e-05
YDR405W,0,122,0.6111637989432326,0.000794511437363967,0.00048557662836321025,0.0001503220481403888
YPL013C,0,157,0.5013882083945779,0.002776481509066579,0.001392095089471566,0.0005253119935586395
YLR204W,0,75,0.9711711711711711,1.750509921182451e-05,1.7000447703015153e-05,3.3119754388340114e-06
YGR165W,0,80,0.8800632911392405,0.0007142794477868012,0.0006286111216123716,0.00013514210681741336
YDR115W,0,109,0.6794087665647298,0.0013258822275309273,0.0009008160088168838,0.00025085772546794196
YKL138C,0,74,0.9759348389485376,4.427376017032433e-05,4.320830500147166e-05,8.376622405538396e-06
YGR220C,0,194,0.37519363281875967,0.01902187016498494,0.007136884570207479,0.0035989494275224542
YNL284C,0,188,0.40334509045397654,0.009132822375027176,0.0036836790669554373,0.0017279355590793639
YKR006C,0,75,0.9499099099099099,0.004613486709522056,0.0043823967446126625,0.0008728744969924465
YNR022C,0,73,0.9996194824961948,2.5056260066020218e-06,2.50467257204852e-06,4.7406596742759646e-07
YNL252C,0,133,0.5508088402825245,0.0018741945644510378,0.0010323229345090873,0.0003545987537657078
YDR494W,0,75,0.9711711711711711,1.7493429145683287e-05,1.6989114071213138e-05,3.3097674552081213e-06
YKL170W,0,107,0.6639040733556691,0.0008704663257714594,0.0005779061393986147,0.0001646927593155112
YJR101W,0,80,0.8911392405063291,0.000370875967105919,0.00033050212764881897,7.016995899565592e-05
YNL081C,0,111,0.6414414414414414,0.0008378121112600453,0.0005374074083037408,0.00015851456202982164
YBL090W,0,77,0.937799043062201,5.161673263220665e-05,4.840612246848088e-05,9.765917270280496e-06
Q0160,0,1,0.0,0.0,0.0,0.0
YLR378C,1,101,0.4998019801980198,0.016401859799351888,0.008197682006646369,0.003103241869658076
YCL059C,1,232,0.3660247798178833,0.026074399992562055,0.009543876516160944,0.004933292368852471
YMR128W,1,242,0.29505161002709096,0.04846292885268285,0.014299065184612434,0.009169215673203628
YMR003W,0,9,0.6388888888888888,0.0005212945913436047,0.000333049322247303,9.862925436953761e-05
YBR037C,0,5,0.6,1.9211641048380245e-05,1.1526984629028147e-05,3.63485419431101e-06
YBL030C,1,23,0.2608695652173913,0.004253467641997816,0.001109600254434213,0.0008047586700140557
YIL051C,1,12,0.030303030303030304,0.005508169331025082,0.00016691422215227522,0.001042148994218264
YMR014W,0,118,0.6172678545559902,0.02433579618163554,0.015021704697950028,0.004604347468285314
YBR024W,1,4,0.8333333333333334,1.7167779385731212e-05,1.4306482821442678e-05,3.248154322167726e-06
YGR062C,0,7,0.09523809523809523,0.0014558592579394039,0.0001386532626608956,0.000275449458831822
YML043C,1,52,0.25565610859728505,0.00778037062938352,0.0019890992785528004,0.0014720508645924989
YGR222W,0,5,0.4,0.00011453262199953686,4.5813048799814745e-05,2.1669641880777983e-05
YAL001C,1,28,0.8201058201058201,0.0026975260593140524,0.002212256821130572,0.0005103735743484346
YNL039W,1,28,0.8201058201058201,9.331710798544906e-05,7.652990337431008e-05,1.7655653700154926e-05
YPR187W,1,138,0.31746535491378397,0.013299957642319603,0.0042222757732572865,0.0025163600911864877
YNL113W,1,46,0.4444444444444444,0.0027952380133730707,0.001242328005943587,0.0005288607356040158
YGR047C,1,36,0.5174603174603175,0.0006550177637435906,0.00033894569996890565,0.00012392976008118498
YNL151C,1,27,0.9031339031339032,4.581845063904133e-05,4.1380196161185474e-05,8.668878783584852e-06
YHR143W-A,1,136,0.32712418300653595,0.006005962886646669,0.001964695702461868,0.0011363318383071958
YDR362C,1,25,0.8866666666666667,6.16973463240352e-05,5.4704980407311206e-05,1.1673175524101623e-05
YGL254W,0,24,0.9166666666666666,0.0006871031661834402,0.0006298445690014868,0.00013000033777628908
YKR025W,1,29,0.7339901477832512,0.0018660749016792127,0.0013696805928581413,0.00035306250862099397
YPL007C,1,8,1.0,0.0,0.0,0.0
YOR110W,1,12,0.45454545454545453,0.00047068319190438947,0.00021394690541108613,8.90535467520412e-05
YNR003C,1,33,0.6685606060606061,0.0002759280097983052,0.00018447459745985178,5.2205747609875305e-05
YBR123C,1,30,0.7080459770114943,0.0005546381325561272,0.00039270929845353373,0.00010493787268716632
YPR186C,1,47,0.6530989824236818,0.00012749104798768005,8.326427370888262e-05,2.412138397485809e-05
YOR210W,1,139,0.31623396934626213,0.009061066163333225,0.002865416919339972,0.0017143592400972007
YJL011C,1,31,0.7075268817204301,0.0007970082060769894,0.0005639047307512462,0.00015079443830247333
YDR045C,1,27,0.9202279202279202,1.1446647890740894e-05,1.0533524982077803e-05,2.165712756743846e-06
YKL144C,1,32,0.7520161290322581,0.00018842918831894458,0.0001417017887963031,3.565091726245222e-05
YGR246C,1,38,0.5547652916073968,0.002193918601918871,0.0012171098929564148,0.00041509073650083115
YOR116C,1,48,0.37854609929078015,0.0014664747892704252,0.0005551283111865883,0.0002774579238289679
YBR154C,1,147,0.29018730779983226,0.00972894774137928,0.0028232171527961124,0.001840722841683877
YOR224C,1,142,0.30746179202876833,0.014206963486790902,0.00436809845293601,0.0026879661497079205
YPR110C,1,96,0.2730263157894737,0.009726641602211199,0.002655629121656347,0.0018402865187478687
YPR190C,1,32,0.7036290322580645,0.0004594577487284778,0.0003232878111012878,8.692968606214962e-05
YLL013C,0,635,0.02427283340371097,1.0,0.02427283340371097,0.1892006094199573
YER148W,1,164,0.20492293879994014,0.027069114443917033,0.005547082482559386,0.005121492949247672
YOR207C,0,45,0.5080808080808081,0.0010677061354737673,0.0005424809961043484,0.00020201065151306425
YDL150W,1,30,0.7379310344827587,0.0009523856987458162,0.0007027949639020851,0.0001801919546055603
YAL002W,0,14,0.42857142857142855,0.001314560604832345,0.0005633831163567193,0.00024871566755374735
YKL203C,1,58,0.16696914700544466,0.023327099193378636,0.003894905854429827,0.004413501383387032
YDL077C,0,23,0.34782608695652173,0.0018236358442357812,0.0006343081197341848,0.00034503301308948817
YLR396C,0,22,0.39826839826839827,0.0008671535244662332,0.000345359845241963,0.0001640659752896752
YKL002W,0,23,0.5138339920948617,0.010572526021962075,0.005432523252391581,0.0020003283664635817
YDR080W,0,21,0.3952380952380952,0.007022434470834332,0.0027755336241869024,0.001328648881493571
YOR089C,0,27,0.15954415954415954,0.005277552508143606,0.0008420026793619428,0.0009985161507865944
YMR231W,0,18,0.49673202614379086,0.0003644840671795453,0.0001810509091872251,6.896060763423463e-05
YLR148W,0,17,0.4632352941176471,0.0032209493260082407,0.0014920574083714644,0.0006094055753915598
YKR014C,0,22,0.22510822510822512,0.0037115589100216845,0.0008355024386196001,0.0007022292076741752
YDR495C,0,12,0.48484848484848486,0.0015617060581121138,0.0007571908160543582,0.0002954757379296512
YML097C,0,6,0.26666666666666666,0.0009624656334812354,0.00025665750226166274,0.000182099084400415
YKR026C,0,27,0.27635327635327633,0.004676988260389961,0.001292501029224576,0.0008848890291157667
YPL045W,0,18,0.5620915032679739,0.00019741947585987527,0.00011096780996045276,3.735188514405695e-05
YGL212W,0,43,0.44739756367663347,0.0037553863464134243,0.00168015070204986,0.0007105213853488068
YAL003W,1,7,0.38095238095238093,0.0009367683175690885,0.00035686412097870034,0.00017723713656937965
YGR214W,0,327,0.376315641357573,0.026649277103221517,0.01002853980481449,0.005042059468530826
YFR004W,1,398,0.04297305165626622,0.5108399410403068,0.021952351174409097,0.0966512281608811
YPR080W,0,12,0.19696969696969696,9.619913435166763e-05,1.8948314341995137e-05,1.8200934845007864e-05
YGR201C,0,2,0.0,1.529856493662986e-06,0.0,2.89449780926116e-07
YPL048W,0,7,0.38095238095238093,0.00035899159250462253,0.00013675870190652287,6.792142807851556e-05
YKL081W,0,28,0.037037037037037035,0.008060581470749062,0.0002985400544721875,0.0015250669265449385
YBR118W,0,61,0.09398907103825137,0.019399595269877144,0.001823349937933808,0.003670415247561277
YAL004W,0,1,0.0,0.0,0.0,0.0
YML109W,0,31,0.09247311827956989,0.009355903593133456,0.000865169579580083,0.0017701426614952181
YAL005C,0,71,0.11428571428571428,0.02004771214037354,0.002291167101756976,0.003793039354434551
YAR002W,0,42,0.4065040650406504,0.0017137926467760336,0.0006966636775512331,0.0003242506131894672
YJR032W,0,18,0.1895424836601307,0.0060330725936635875,0.001143523563504863,0.0011414610113959932
YLR078C,1,51,0.4415686274509804,0.00229892936422712,0.0010151350839685245,0.00043495883672520615
YMR229C,1,216,0.44797588285960377,0.007385115856671196,0.003308353795912738,0.0013972684207191803
YOR098C,1,49,0.4421768707482993,0.0031997489199597656,0.0014148549646080596,0.0006053944456472378
YOR027W,0,28,0.22486772486772486,0.00273467920082289,0.0006149410901321313,0.0005174029713637725
YLL036C,1,159,0.25141310405222517,0.03470141554389246,0.008724390596896139,0.006565528968639633
YBL075C,0,27,0.19373219373219372,0.0028034064039093778,0.0005431100725522441,0.0005304062000714652
YDR320C,0,14,0.15384615384615385,0.0017175396860829068,0.00026423687478198567,0.0003249595553098481
YJL130C,0,16,0.09166666666666666,0.0032808876979198605,0.0003007480389759872,0.0006207459518848784
YPL254W,0,32,0.592741935483871,0.005392291226175105,0.0031962371380957278,0.0010202247861622188
YER012W,1,70,0.41987577639751555,0.013063280977561553,0.005484955242752553,0.0024715807219787816
YPL106C,0,24,0.286231884057971,0.0016236719776174244,0.0004647466892455671,0.000307199727663324
YDL229W,0,44,0.17019027484143764,0.006561532920012601,0.0011167090910380855,0.001241446027195496
YBR101C,0,31,0.2645161290322581,0.0005497672370769357,0.00014542230142035073,0.00010401629629408238
YBL069W,0,1,0.0,0.0,0.0,0.0
YLL026W,0,25,0.14666666666666667,0.0050616318662870885,0.0007423726737221064,0.000957663833760993
YPL240C,0,85,0.12044817927170869,0.03411803965737937,0.004109455757051296,0.006455153895390448
YJR147W,0,17,0.7279411764705882,5.651289323909431e-05,4.113806199022306e-05,1.0692273840921629e-05
YNL077W,0,9,0.4722222222222222,8.673287013968324e-05,4.0957188677072644e-05,1.6409911887170088e-05
YKL209C,0,5,0.2,8.752373828773194e-05,1.750474765754639e-05,1.6559544622751735e-05
YMR186W,0,87,0.08473670141673349,0.042279918959636474,0.0035826608688064054,0.007999386433389629
YHR206W,0,27,0.3076923076923077,0.0020265984349149735,0.0006235687492046072,0.00038343365893544465
YLR256W,0,6,0.26666666666666666,4.6864801468819185e-05,1.2497280391685116e-05,8.8668489982459e-06
YAL012W,0,9,0.1111111111111111,0.0018765290568460524,0.00020850322853845026,0.00035504044114953085
YBR181C,0,333,0.3915481746807048,0.02124121152469756,0.00831695760050208,0.004018850165290999
YIL016W,0,16,0.24166666666666667,0.0010701391370255154,0.00025861695811449955,0.00020247097688937474
YML028W,0,25,0.07,0.013345532929708807,0.0009341873050796166,0.0025249829633350145
YNL131W,1,43,0.31561461794019935,0.006096651914453537,0.001924192464694638,0.0011534902576359586
YDR510W,1,74,0.048130322102924845,0.02983992662954744,0.0014362052802077629,0.005645732303357189
YHR200W,0,105,0.226007326007326,0.02165381947311841,0.004893921836964857,0.004096915840583742
YCL028W,0,9,0.2777777777777778,0.0001498353657969859,4.16209349436072e-05,2.834894252145196e-05
YPR010C,1,59,0.3489187609585038,0.009848201493280551,0.003436222262705137,0.001863285724219214
YOR197W,0,24,0.08695652173913043,0.004605533021872427,0.0004004811323367328,0.0008713696544420008
YGL123W,1,358,0.3291238283022706,0.030981542777949223,0.010196763965789212,0.00586172677435847
YNL229C,0,10,0.15555555555555556,0.0021424745221580795,0.0003332738145579235,0.0004053574852590405
YKL145W,1,62,0.5304071919619249,0.0035830321914974046,0.0019004660434013203,0.0006779118742026341
YBR169C,0,21,0.3047619047619048,0.0011645551756772484,0.0003549120535397329,0.00022033454894130084
YOR140W,0,23,0.40711462450592883,0.0012218838069636302,0.0004974467672618732,0.0002311811609178963
YGL181W,0,14,0.14285714285714285,0.005497986212863064,0.0007854266018375805,0.0010402223420562149
YML110C,0,8,0.42857142857142855,0.002458772456722998,0.0010537596243098562,0.0004652012472369969
YML010W,1,105,0.2633699633699634,0.009259659601118237,0.00243871620996484,0.0017519332395529294
YNL064C,0,40,0.1371794871794872,0.015463067228473197,0.0021212156326238874,0.0029256217431288993
YOR151C,1,133,0.3078149920255183,0.01653186564481991,0.0050887560916271805,0.0031278390548487825
YOR007C,0,26,0.19076923076923077,0.004597470886832047,0.0008770559845648829,0.000869844293579135
YBR160W,1,169,0.03994082840236687,0.10996686205833223,0.004392167567418595,0.020805797317436838
YDR188W,1,31,0.2989247311827957,0.004486892158114326,0.001341243032210519,0.0008489227307168578
YBR155W,1,10,0.24444444444444444,0.0003694223429432958,9.030323938613897e-05,6.989493241822003e-05
YLR216C,0,45,0.5353535353535354,0.002700276583418927,0.0014456026153656881,0.0005108939751853012
YNL178W,1,385,0.3072104978354978,0.057075427951040585,0.017534170635013266,0.010798705751241745
YNL227C,0,9,0.3055555555555556,0.0017049651726020226,0.0005209615805172848,0.0003225804496961054
YPL256C,0,38,0.08961593172119488,0.008769493392246669,0.0007858863210690472,0.0016591934941173584
YDR064W,1,378,0.34315748108851557,0.022083049454624377,0.007577963625602019,0.004178126414665988
YLL024C,0,35,0.19663865546218487,0.005980505171009481,0.0011759984958119485,0.0011315152229942
YDR172W,1,48,0.149822695035461,0.013006322331357727,0.0019486422641839148,0.0024608041114052817
YKL054C,0,28,0.06084656084656084,0.003980152610111487,0.00024217859796974657,0.0007530472994175271
YOR164C,0,9,0.5277777777777778,0.00013097859152837998,6.912758997331166e-05,2.478122933813715e-05
YER165W,1,77,0.14524948735475052,0.014489673347469832,0.002104617625657785,0.0027414550276374052
YGR180C,0,13,0.14102564102564102,0.005815123172896111,0.0008200814731007336,0.00110022484816406
YNL007C,1,94,0.47998169755204756,0.009286952956211387,0.004457567445008348,0.0017570971589696686
YMR116C,0,297,0.3582673582673583,0.0504854230323773,0.018087279140819857,0.009551872804550134
YNL121C,0,43,0.3001107419712071,0.013191851800123236,0.003959016431709188,0.0024959063999610773
YGR249W,0,17,0.7279411764705882,5.651289323909431e-05,4.113806199022306e-05,1.0692273840921629e-05
YDR328C,1,81,0.08765432098765433,0.03228824558416537,0.002830204242562644,0.006108955741625333
YGL073W,1,27,0.31339031339031337,0.001221164448816979,0.00038270110931586235,0.0002310450579181587
YER133W,1,97,0.0897766323024055,0.07313120581955447,0.0065654733746936785,0.013836468708676034
YDL042C,0,47,0.12395929694727105,0.007522314750393498,0.0009324608478748647,0.0014232265350231838
YHR117W,0,10,0.3333333333333333,0.000299613229372403,9.987107645746767e-05,5.66870055875401e-05
YAL007C,0,47,0.4227567067530065,0.006984918669371273,0.0029529212136009918,0.0013215508689938822
YOR075W,1,51,0.5145098039215686,0.003052193743206057,0.001570383604347587,0.0005774769162823667
YFL038C,1,82,0.21077988557663355,0.036150493088800806,0.007619796796796315,0.006839695323233067
YIL076W,0,41,0.5695121951219512,0.0099327073461624,0.005656797964216878,0.0018792742830840128
YNL287W,1,50,0.4073469387755102,0.017390248882709902,0.007083864646916115,0.003290245686573445
YNL258C,1,26,0.7876923076923077,0.0009350028308459298,0.0007364945375278708,0.00017690310540543518
YGL145W,1,25,0.8533333333333334,0.0013533309713627914,0.0011548424288962487,0.0002560510445287429
YDR051C,0,4,0.16666666666666666,0.0002791827508457766,4.65304584742961e-05,5.282154659956104e-05
YDR238C,1,44,0.5052854122621564,0.00963544330224761,0.004868648941304817,0.0018230317448166935
YMR290C,1,207,0.48177852821162237,0.007896714647194932,0.003804467560432735,0.0014940632236647845
YDR087C,1,109,0.6389738362215427,0.006637448279989083,0.004241155790186704,0.001255809259567382
YNL204C,0,26,0.9046153846153846,0.00013178923397087706,0.00011921856857673186,2.493460338227928e-05
YDL149W,0,25,0.11,0.01125152638423656,0.0012376679022660217,0.002128795648802286
YDL058W,1,33,0.5928030303030303,0.003479785864180926,0.002062827605092102,0.000658377606153984
YGL002W,0,32,0.9032258064516129,2.8849335217968487e-05,2.6057464067842505e-05,5.458311804600274e-06
YOR016C,0,33,0.8484848484848485,0.00019609121551960858,0.00016638042528936486,3.7100577478210135e-05
YDL192W,0,61,0.22950819672131148,0.03605263972389221,0.008274376330073621,0.006821181406958567
YHR110W,0,32,0.9032258064516129,2.8849335217968487e-05,2.6057464067842505e-05,5.458311804600274e-06
YIL004C,1,60,0.4322033898305085,0.0029836210028507987,0.0012895311114016165,0.0005645029120175553
YGR231C,0,15,0.2761904761904762,0.002814194443837973,0.0007772537035362022,0.0005324473038004024
YDR498C,1,50,0.5208163265306123,0.0029592720758432603,0.0015412372117453062,0.000559896080189007
YMR214W,0,8,0.07142857142857142,0.0014746451132051982,0.00010533179380037129,0.0002790037540965854
YAR002C-A,0,38,0.6529160739687055,0.004107745120347284,0.002682012816841256,0.0007771878801115619
YLR268W,0,78,0.32933732933732934,0.004478570751334956,0.001474960530492931,0.0008473483154829699
YPL211W,1,101,0.764950495049505,0.004383206764352456,0.00335293618429575,0.0008293053910291639
YGL098W,1,49,0.5552721088435374,0.0009864618475199588,0.0005477547503660996,0.00018663918272031322
YFR051C,1,39,0.6288798920377868,0.001588254077092137,0.0009988210525302779,0.0003004986392995642
YDL018C,0,32,0.9032258064516129,2.8868580938594223e-05,2.6074847299375425e-05,5.46195310667139e-06
YGL200C,0,43,0.5570321151716501,0.0057374454531110555,0.0031959413764284174,0.0010855281762423747
YDL145C,1,48,0.42819148936170215,0.01800847765714183,0.007711076869148496,0.0034072149474569193
YEL022W,0,37,0.527027027027027,0.002236700283745217,0.0011788015008927493,0.0004231850567743865
YJL034W,1,51,0.05803921568627451,0.02487026359588268,0.0014434505930159358,0.004705469028775982
YER122C,0,31,0.6860215053763441,0.0046601335577151565,0.0031969518385185696,0.0008817001090981013
YDL137W,0,40,0.45897435897435895,0.005290253465538724,0.0024280906931575166,0.0010009191796659677
YDR086C,1,89,0.6128702757916241,0.0062409463109045936,0.0038248904867648173,0.0011807908453803835
YDL226C,0,29,0.7536945812807881,0.0018318820885263542,0.0013806796036676461,0.0003465932075346904
YDR127W,0,23,0.09881422924901186,0.006976979214507688,0.0006894248235679533,0.0013200487192952296
YGL137W,1,54,0.35080363382250174,0.014863220728230235,0.005214071841769097,0.002812130419724502
YBL040C,1,34,0.7058823529411765,0.0012901470799687091,0.0009106920564485007,0.00024409661377145815
YGL008C,1,19,0.05847953216374269,0.006014845586612807,0.0003517453559422694,0.0011380124505540837
YPL010W,1,34,0.8003565062388592,0.0011054275917745983,0.0008847361652527534,0.00020914757403338977
YGL055W,1,20,0.14210526315789473,0.007764772443278905,0.001103415031413318,0.0014690996782756598
YDR101C,0,183,0.5656037951119919,0.00765113235281868,0.0043275094956583895,0.0014475989039060462
YKL196C,1,80,0.3018987341772152,0.01227764972305684,0.0037066069100620967,0.0023229388098471243
YER110C,0,61,0.10327868852459017,0.02010034149112323,0.0020759369080996124,0.0038029968596697684
YLR342W,0,27,0.042735042735042736,0.009688424972159385,0.00041403525522048655,0.0018330559090520887
YML012W,0,44,0.49577167019027485,0.006155608508330826,0.0030517763112126403,0.0011646448811268666
YGR284C,0,33,0.6723484848484849,0.0021253162274490482,0.0014289531453492653,0.00040211112544348457
YAL008W,0,6,0.2,0.0018460979974540472,0.0003692195994908095,0.0003492828661672685
YPL149W,0,17,0.19852941176470587,0.006323932930936166,0.0012554866848182094,0.0011964919644640594
YBR217W,0,14,0.3626373626373626,0.0007843464710796755,0.0002844333356662559,0.00014839883032466753
YBL078C,0,52,0.138763197586727,0.01862329189147235,0.002584227532451669,0.0035235381752723185
YJL033W,1,81,0.5564814814814815,0.004754041730887688,0.002645536185429167,0.0008994675926918593
YIL087C,0,2,0.0,8.763280629486702e-05,0.0,1.658018035616991e-05
YPL186C,0,3,0.0,0.0010898847804618362,0.0,0.00020620686466091577
YAL009W,0,7,0.14285714285714285,0.00035314949994136134,5.0449928563051616e-05,6.681610060525875e-05
YJL176C,0,40,0.3076923076923077,0.00265137412184501,0.000815807422106157,0.0005016415996533801
YBL105C,1,30,0.03218390804597701,0.008777504079775612,0.00028249438417668634,0.0016607091210797075
YDL040C,0,65,0.7427884615384616,0.0030182043243076957,0.0022418873466612454,0.0005710460975129665
YDR211W,1,22,0.4025974025974026,0.0018182168693718346,0.0007320093889678815,0.000344007739742798
YHR004C,0,5,0.3,0.0003236861804323911,9.710585412971732e-05,6.124162259862666e-05
YMR165C,0,11,0.14545454545454545,0.000987288851482751,0.0001436056511247638,0.00018679565237406622
YAL010C,0,20,0.7157894736842105,0.00042273673606594783,0.0003025905058156258,7.998204808788097e-05
YOL009C,0,19,0.847953216374269,0.0008838977256686856,0.0007495039194266633,0.00016723398836142957
YPR133W-A,0,25,0.7233333333333334,0.0015212464996540314,0.0011003683014164161,0.0002878207648125196
YMR060C,0,25,0.7233333333333334,0.004129413644167384,0.002986942535947741,0.0007812875780235558
YLL006W,0,20,0.7578947368421053,0.0003325484502639641,0.000252036720200057,6.291836945160437e-05
YPL235W,1,113,0.1602402022756005,0.03154577003734323,0.005054900571723458,0.005968478915687169
YOR045W,0,27,0.6239316239316239,0.0024427725191038673,0.0015241230247400198,0.000462174049288776
YHR083W,1,26,0.6615384615384615,0.0007650853972191267,0.0005061334166218838,0.0001447546234121689
YMR203W,1,37,0.3948948948948949,0.003946674141190656,0.0015585214701698837,0.0007467131526952588
YAL048C,0,22,0.6060606060606061,0.0007174348474547411,0.00043480899845741886,0.00013573911035755112
YKL053C-A,0,5,0.1,0.002475863138161555,0.0002475863138161555,0.0004684348145805742
YGR082W,1,28,0.6164021164021164,0.0024393752209838533,0.0015036360489133276,0.0004615312784140881
YNL070W,0,24,0.7862318840579711,0.0006321325210146893,0.0004970027429716941,0.00011959985821015318
YJL066C,0,3,0.0,0.00014046006151347305,0.0,2.657512923751379e-05
YDL126C,1,117,0.08399646330680813,0.059639893135836355,0.0050095400954062366,0.011283904127041368
YGL219C,0,19,0.8362573099415205,9.010058875283287e-05,7.534727597459124e-05,1.704708630113293e-05
YBR170C,0,61,0.19781420765027322,0.007538761922252621,0.0014912742163144528,0.0014263383499621648
YDR049W,0,80,0.5550632911392405,0.0039055816632820174,0.0021678450118343853,0.0007389384308323682
YNL026W,1,26,0.6953846153846154,0.000970705463821216,0.000675013645611061,0.0001836580653222564
YAL011W,0,31,0.8451612903225807,0.0003260856611614566,0.00027559497814290846,6.169560581485729e-05
YER092W,0,29,0.8645320197044335,7.859041892240262e-05,6.794393360040226e-05,1.486935515468832e-05
YPL129W,0,130,0.26654740608228983,0.009398973442733091,0.002505271990996835,0.001778291503287095
YLR052W,0,33,0.7537878787878788,0.0011211533413330232,0.0008451117989593622,0.0002121228954334294
YFL013C,0,29,0.8694581280788177,0.0005092662438724026,0.00044278567509102985,9.635348369767118e-05
YGL150C,1,40,0.6128205128205129,0.0003982102058113246,0.0002440313825356579,7.534161361674925e-05
YNL107W,0,47,0.5383903792784459,0.0034781486641490586,0.0018726017784780316,0.0006580678469102123
YBR231C,0,29,0.9482758620689655,1.4502567267258899e-05,1.3752434477573093e-05,2.7438945651193086e-06
YOL012C,0,68,0.2510974539069359,0.006196010100924416,0.0015558023607237777,0.0011722888870671106
YJL127C,0,53,0.23730043541364296,0.002077609965676465,0.0004930177494747489,0.00039308507164296375
YDR106W,0,33,0.6893939393939394,0.0008638333090216812,0.000595521447886159,0.0001634377885041604
YOR127W,0,15,0.10476190476190476,0.00115474661875928,0.00012097345529859125,0.0002184787639948909
YDR224C,1,214,0.09990785836514414,0.059213363685104305,0.00591588035237517,0.011203204495027303
YEL044W,0,28,0.9788359788359788,1.1365224468105087e-05,1.112469061692826e-05,2.1503073955600927e-06
YGR002C,1,48,0.5718085106382979,0.0008970553730101638,0.0005129438968010245,0.00016972342325697012
YOR189W,0,30,0.825287356321839,0.0003211997611564069,0.00026508210173597715,6.0771190556336916e-05
YLR085C,0,38,0.6600284495021337,0.0017292012470247853,0.001141322017950925,0.0003271659297468395
YJL081C,1,69,0.3917306052855925,0.0014784423525625288,0.0005791511176491748,0.00027972219409710584
YLR399C,0,44,0.547568710359408,0.0011572048964121895,0.000633649192750015,0.00021894387162494484
YNL215W,0,31,0.8666666666666667,0.00011052922546333185,9.579199540155428e-05,2.091219681637825e-05
YDR485C,0,31,0.8494623655913979,2.26561249686482e-05,1.9245525511002237e-05,4.2865526511629506e-06
YLR385C,0,30,0.8390804597701149,0.00011095316416654622,9.309863200181465e-05,2.0992406277383116e-05
YOR141C,0,37,0.6876876876876877,0.0002971563567974856,0.0002043507678877604,5.622216379909856e-05
YOR213C,0,42,0.6318234610917538,0.0004594842953482977,0.0002903129578042671,8.693470869879758e-05
YDR190C,1,100,0.19737373737373737,0.022741209942746816,0.004488517598800736,0.00430265078011489
YDL002C,0,38,0.5689900426742532,0.0008720219971480288,0.0004961718333701445,0.00016498709328801532
YFL039C,1,173,0.11453152305417395,0.10450686954568844,0.011969330938691566,0.01977276340661623
YML041C,0,35,0.7781512605042017,0.00032569394302086517,0.0002534391523002699,6.162149250393654e-05
YDR359C,0,52,0.4947209653092006,0.0034580044095751084,0.00171074727954847,0.0006542565416685102
YDR334W,0,40,0.6551282051282051,0.0035535933409522502,0.0023280592272135895,0.0006723420257388679
YNL059C,0,35,0.6756302521008404,0.001526472133233432,0.0010313307522014112,0.0002888094578703476
YOL013C,0,35,0.18319327731092436,0.009754722025806895,0.0017869994971646244,0.001845599352004945
YKL130C,0,51,0.017254901960784313,0.031182355410408428,0.0005380484855129297,0.005899720646798978
YKL210W,1,30,0.11954022988505747,0.01000029665298432,0.0011954377608165165,0.0018920622211249926
YMR300C,0,4,0.0,3.463633890939375e-05,0.0,6.5532164297334776e-06
YGL184C,0,3,1.0,0.0,0.0,0.0
YGR155W,0,15,0.10476190476190476,0.006421145781640299,0.0006726914628385075,0.0012148846950607328
YFR055W,0,3,1.0,0.0,0.0,0.0
YAL013W,0,30,0.8413793103448276,4.536465399767549e-05,3.8168881294595926e-05,8.583020182485705e-06
YOL004W,0,58,0.2734422262552934,0.006516235342974838,0.001781813898986465,0.001232875698014704
YDL076C,0,32,0.7217741935483871,0.003954106999707167,0.002853972390917673,0.0007481194540563149
YOR230W,0,37,0.5555555555555556,0.002338363537854735,0.0012990908543637418,0.00044241980640752327
YEL056W,0,48,0.399822695035461,0.002732505536860084,0.0010925177279467178,0.0005169917128173355
YLR183C,0,25,0.8466666666666667,0.0006415878842673239,0.0005432110753463342,0.00012138881869983871
YBR195C,0,37,0.5930930930930931,0.002114690649449858,0.001254208418217258,0.00040010075961059846
YKL185W,0,40,0.47307692307692306,0.009583289622350907,0.004533633167496775,0.001813164236796744
YER088C,0,25,0.8433333333333334,0.0010519387411329162,0.0008871350050220927,0.00019902745089481048
YPR023C,0,43,0.48615725359911405,0.0017727703168915032,0.0008618451485220042,0.00033540922431748326
YBR103W,0,33,0.5208333333333334,0.0019551407370615027,0.0010183024672195328,0.00036991381895382086
YOR064C,0,28,0.6322751322751323,0.004896459054975172,0.0030959092966641962,0.0009264130372011707
YKR029C,0,41,0.37073170731707317,0.003897916285098882,0.0014450811593537318,0.0007374881366086846
YGL194C,0,35,0.49411764705882355,0.0015261563089598927,0.0007541007644272411,0.00028874970372532436
YCR033W,0,31,0.5870967741935483,0.0012825543988287914,0.000752983550280129,0.00024266007387265432
YBL054W,0,26,0.7815384615384615,0.0007077988825499986,0.0005531720497467681,0.00013391597992522454
YBR095C,0,34,0.661319073083779,0.0017825549993880938,0.0011788376199161905,0.000337260492208819
YNL097C,0,33,0.7083333333333334,0.0011285470182564132,0.0007993874712649594,0.00021352178361318906
YPL181W,0,37,0.5825825825825826,0.0011592077737598357,0.0006753342585868111,0.00021932281723971293
YOR229W,1,36,0.5873015873015873,0.0031126567221710063,0.001828068233655988,0.0005889165487498811
YMR263W,0,35,0.6201680672268908,0.002162996038349014,0.0013414210725223297,0.0004092401686285868
YNL330C,0,54,0.2983927323549965,0.006977009093731876,0.0020818888071443124,0.0013200543724626549
YNL309W,0,32,0.4798387096774194,0.0018775673186901703,0.0009009294795327833,0.00035523688092317543
YPL016W,1,38,0.3442389758179232,0.0019529337001021267,0.0006722758967634632,0.0003694962462160945
YIL084C,0,34,0.6702317290552585,0.0014920529202352754,0.0010000212085712363,0.00028229732179534106
YMR053C,0,22,0.9090909090909091,0.0005131413311474023,0.0004664921192249112,9.708665257165664e-05
YJL105W,0,28,0.708994708994709,0.0008202789300857069,0.000581573421330607,0.0001551972734665663
YKL072W,0,21,1.0,0.0,0.0,0.0
YPL139C,0,36,0.6253968253968254,0.002728702583345313,0.001706521933076275,0.0005162721916947451
YDR207C,0,36,0.5793650793650794,0.001592696016603475,0.0009227524540639182,0.00030133905696211593
YMR075W,0,37,0.4219219219219219,0.0015262906628593297,0.0006439754898850925,0.0002887751235649758
YAL014C,0,27,0.9259259259259259,0.0010768694424007576,0.000997101335556257,0.00020374435476795295
YMR183C,0,38,0.5419630156472262,0.00201777484850692,0.0010935593417939354,0.0003817642310097713
YGR009C,1,36,0.5761904761904761,0.0020391721773193074,0.0011749515878839818,0.0003858126186610342
YBL050W,1,30,0.8413793103448276,0.00027333913764557034,0.00022998189512247986,5.1715931420867506e-05
YHL031C,0,28,0.9497354497354498,7.0596984701565775e-06,6.704845901550824e-06,1.3356992528747648e-06
YOL018C,0,33,0.7064393939393939,0.0003456153791486699,0.0002441563189819202,6.539064035983795e-05
YGL095C,0,33,0.6571969696969697,0.001340814942754458,0.0008811795173026457,0.0002536830042885286
YMR197C,1,41,0.4817073170731707,0.00271457261047013,0.0013076294891898796,0.0005135987922156729
YPL232W,0,35,0.6285714285714286,0.0008836446692760224,0.0005554337921163569,0.00016718610993772006
YOR327C,0,38,0.519203413940256,0.002589623661769838,0.0013445414460113666,0.0004899583749751947
YKL006C-A,1,29,0.8866995073891626,0.0030773489660695934,0.002728683812278457,0.0005822362997782426
YLR026C,1,57,0.3684210526315789,0.013209956911197652,0.00486682623044124,0.002499331898009973
YOR106W,1,40,0.532051282051282,0.0017610639415211154,0.0009369763278605934,0.0003331943709633071
YLR093C,0,37,0.5675675675675675,0.0022163276914794958,0.0012579157167856598,0.0004193305499022477
YNR049C,0,30,0.7862068965517242,0.00018181354727706732,0.00014294306475576328,3.439923394562536e-05
YOR036W,0,36,0.5666666666666667,0.002836754564683506,0.0016074942533206534,0.0005367156924129651
YAL030W,0,36,0.5476190476190477,0.00168385112596973,0.0009221089499358046,0.00031858565920595423
YDR468C,1,35,0.6033613445378151,0.0013838714645005923,0.0008349745474885926,0.0002618293244424009
YMR017W,0,30,0.8114942528735632,0.0010162092916918808,0.0008246479999246758,0.000192267417286327
YAL015C,0,3,0.0,0.0002169010199492337,0.0,4.103780515820533e-05
YOL115W,0,25,0.16333333333333333,0.00393625484992783,0.0006429216254882122,0.000744741816438608
YML105C,1,87,0.781074578989575,0.007120889581399903,0.00556194583182318,0.0013472766484130864
YOL043C,0,2,0.0,1.686547779932722e-05,0.0,3.19095867779147e-06
YAL016W,0,44,0.2124735729386892,0.015005543556023128,0.003188281453235358,0.002839057985477289
YGL190C,0,58,0.12643678160919541,0.025241615364841374,0.0031914686093477604,0.004775729009772146
YMR080C,0,46,0.19806763285024154,0.008046015946004919,0.001593655332300491,0.001522311120386825
YDL134C,0,50,0.17714285714285713,0.01827107982509328,0.003236591283302238,0.003456899437668336
YDR075W,0,22,0.38095238095238093,0.0014298693581465502,0.000544712136436781,0.0002705321539522505
YNL201C,0,25,0.25,0.0036866562907933004,0.0009216640726983251,0.0006975176169400118
YOR014W,0,25,0.17333333333333334,0.00340127768573514,0.0005895547988607577,0.0006435238109475906
YNR032W,0,10,0.3333333333333333,0.00034976404781916445,0.00011658801593972148,6.6175571000577e-05
YDL047W,0,43,0.12070874861572536,0.016044836204969305,0.0019367521000461289,0.0030356927880235878
YNL127W,0,19,0.1111111111111111,0.0061183694212028315,0.0006798188245780923,0.0011575992231480073
YPL226W,0,148,0.6270454127596985,0.007402944230460488,0.004641982220626125,0.0014006415599050813
YPL178W,0,206,0.11489462467440209,0.0571482218046778,0.006566023495057938,0.010812478392711933
YIL153W,0,17,0.5294117647058824,0.0006047699816686821,0.0003201723432363611,0.00011442284909061108
YKR096W,0,22,0.5064935064935064,0.00042774768304751956,0.0002166514238812112,8.093012231056544e-05
YLR233C,0,37,0.20270270270270271,0.005728214972544755,0.00116112465659691,0.0010837817636939917
YDR206W,0,22,0.5238095238095238,0.0004061634640929,0.00021275229071532857,7.684637493049762e-05
YLR249W,1,172,0.5053719570243438,0.020742593311202217,0.010482724975442328,0.0039245112954297895
YGL049C,0,46,0.25024154589371983,0.005207690866168959,0.001303180612886725,0.0009852982855499124
YOR073W,0,8,0.25,0.00033986399924908174,8.496599981227043e-05,6.430247577783017e-05
YMR029C,0,13,0.23076923076923078,0.005840505773319059,0.0013478090246120907,0.001105027251632745
YNL217W,0,8,0.17857142857142858,0.00472584881358853,0.0008439015738550947,0.0008941334755575321
YHR015W,0,13,0.8589743589743589,5.983934485053748e-05,5.140046288443603e-05,1.1321640513012675e-05
YMR028W,1,19,0.28654970760233917,0.0014679617896934745,0.00042064402160807163,0.0002777392652152166
YFR023W,0,12,1.0,0.0,0.0,0.0
YKL190W,0,17,0.45588235294117646,0.0050385108887664246,0.0022969681992905757,0.0009532893307236983
YMR273C,0,17,0.23529411764705882,0.0015117151143275221,0.00035569767395941695,0.00028601742090012764
YBL046W,0,18,0.47058823529411764,0.0006673053488740887,0.0003140260465289829,0.0001262545786761748
YIL151C,0,21,0.5571428571428572,0.00026809122903245184,0.0001493651133180803,5.072302391308524e-05
YPL152W,0,16,0.625,0.0003726265013335052,0.00023289156333344073,7.050116113832571e-05
YML057W,0,21,0.36666666666666664,0.005291544150246969,0.001940232855090555,0.0010011633779993367
YLR433C,0,28,0.20105820105820105,0.005423779780885444,0.0010904954056806713,0.0010261824399031686
YNL014W,0,75,0.5300900900900901,0.0018762991678210278,0.0009946075949062098,0.0003549969460058972
YHR158C,0,21,0.08571428571428572,0.0028823942450104233,0.0002470623638580363,0.0005453507477445499
YGR161C,0,6,0.6666666666666666,4.307225348616606e-05,2.871483565744404e-05,8.1492966086735e-06
YDL188C,0,40,0.18076923076923077,0.006620583120616733,0.0011967977179576403,0.0012526183611361685
YMR125W,0,129,0.17005813953488372,0.02534501855583728,0.004310126702082793,0.00479529295652454
YGR162W,0,76,0.1550877192982456,0.011807646176086964,0.0018312209157299783,0.002234013852330882
YAL024C,0,12,0.13636363636363635,0.00150013677340273,0.00020456410546400864,0.00028382679174108495
YIL065C,0,13,0.10256410256410256,0.0018695496026924516,0.0001917486771992258,0.0003537199241702509
YOR162C,0,3,0.3333333333333333,3.0369166811116945e-05,1.0123055603705648e-05,5.7458648682396675e-06
YGR281W,0,13,0.01282051282051282,0.004269677139147277,5.473945050188817e-05,0.0008078255167531247
YAL017W,0,9,0.0,0.0018393913196292767,0.0,0.00034801395863563863
YKL035W,1,11,0.07272727272727272,0.003308101589014329,0.00024058920647376938,0.0006258948366646402
YNL247W,1,4,0.0,2.0519968917393558e-05,0.0,3.882390624449443e-06
YPR160W,0,4,0.0,0.0001078827978489306,0.0,2.0411491098947727e-05
YOR196C,0,6,0.06666666666666667,0.0002618025977598632,1.745350651732421e-05,4.9533211043894066e-05
YDR099W,0,42,0.03832752613240418,0.015029117995283841,0.0005760289127112274,0.00284351828375215
YKL049C,1,83,0.13517484572436086,0.02741198936125617,0.0037054114329056237,0.005186365092563054
YGL112C,1,82,0.35832580548027704,0.005120501826277827,0.001834807941364232,0.0009688020660677693
YDL100C,0,19,0.17543859649122806,0.0036322431025414825,0.0006372356320248215,0.000687222608562285
YAL018C,0,2,1.0,0.0,0.0,0.0
YMR001C,1,52,0.07692307692307693,0.01345202998500192,0.00103477153730784,0.0025451322710979022
YDL017W,1,38,0.2802275960170697,0.0027906000419036774,0.0007820031411878015,0.0005279832285755341
YAL019W,0,11,0.10909090909090909,0.0007931079934581276,8.652087201361392e-05,0.00015005651569811727
YHR164C,1,19,0.15789473684210525,0.0003659344643568927,5.777912595108832e-05,6.923502366408975e-05
YDR225W,0,124,0.16824023078940467,0.015180689530803964,0.0025540027102047584,0.0028721957106432757
YBR084W,0,23,0.07509881422924901,0.004060362264984379,0.0003049283914415146,0.0007682230150008426
YJL090C,1,40,0.3564102564102564,0.0014347759806639534,0.0005113688751597167,0.0002714604899227369
YBL088C,0,25,0.14333333333333334,0.0024067321878761243,0.00034496494692891116,0.0004553551966567899
YLR027C,0,10,0.2222222222222222,0.0004337144848603659,9.638099663563686e-05,8.205904484984408e-05
YBR245C,0,87,0.12910986367281477,0.02396778956623705,0.0030944780434355775,0.004534720392381344
YOR033C,0,12,0.3333333333333333,0.000453712658297594,0.00015123755276586466,8.584271145145364e-05
YBR010W,0,273,0.08866623572505926,0.11994340841038559,0.010634930523782303,0.022693365967151786
YAL026C,0,16,0.10833333333333334,0.003686471037197739,0.0003993676956964217,0.0006974825668468344
YAL020C,0,19,0.7017543859649122,0.00067126319804704,0.00047106189336634384,0.00012700340615168947
YER125W,1,95,0.05576707726763718,0.0693033718476971,0.0038648464927383153,0.013112240188442204
YLR024C,0,23,0.49407114624505927,0.0008498410445927883,0.00041988193902805745,0.00016079044354704866
YKR048C,0,51,0.06352941176470588,0.018590408430024075,0.0011810377120250587,0.003517316604326467
YKL059C,1,41,0.3975609756097561,0.006283151080069525,0.002497935673295933,0.001188776013426817
YML068W,1,17,0.8897058823529411,7.292734644147725e-05,6.488388911337313e-05,1.3797898390107851e-05
YCR072C,1,95,0.6452407614781634,0.003823348883435995,0.0024669805449449274,0.0007233799387712036
YPR154W,0,34,0.2994652406417112,0.004607339939998239,0.00137973816384974,0.0008717115244525765
YBL071W-A,0,9,0.3333333333333333,0.00021814506095117994,7.271502031705998e-05,4.127317847391698e-05
YDL190C,0,27,0.452991452991453,0.0006253348354855605,0.00028327133573277527,0.00011831373196539679
YKR017C,0,22,0.5930735930735931,0.0005063627461002648,0.0003003103732282956,9.58041401497332e-05
YJR036C,0,21,0.6238095238095238,0.0006763806406777179,0.00042193268537514783,0.00012797162941608538
YDR457W,0,56,0.1603896103896104,0.012146079248936218,0.0019481049184982115,0.0022980455959618297
YPL054W,0,16,1.0,0.0,0.0,0.0
YKL010C,0,33,0.25946969696969696,0.007784821785258263,0.0020199253495840567,0.0014728930259966233
YMR247C,0,34,0.39928698752228164,0.0009039065627555805,0.00036091812844429595,0.00017101967253205471
YGL141W,0,18,0.7843137254901961,0.0005513806903788139,0.0004324554434343638,0.00010432156264206839
YDL132W,1,63,0.1264720942140297,0.016597250658497348,0.002099089048975343,0.003140209939283486
YJR141W,1,17,0.8897058823529411,2.3496432767088306e-05,2.0904914447188858e-05,4.445539398728161e-06
YAL021C,0,49,0.3239795918367347,0.00577603074540223,0.001871316083331845,0.0010928285370585121
YDR138W,0,92,0.3153368370759675,0.012765970617894855,0.004025580796851698,0.0024153294207429755
YGR116W,1,54,0.469601677148847,0.0043957344668182925,0.0020642442779188626,0.000831675639970332
YMR181C,0,2,0.0,6.780290004014192e-06,0.0,1.28283500080353e-06
YDL165W,1,22,0.4199134199134199,0.000709123131515854,0.00029777031929453606,0.0001341665286365881
YCR093W,1,28,0.2619047619047619,0.003176140904466473,0.0008318464273602668,0.0006009277947287111
YMR124W,0,15,0.13333333333333333,0.0016707887401578,0.00022277183202103998,0.00031611424784985846
YKR036C,0,23,0.35968379446640314,0.002063766599755517,0.000742303401493091,0.00039046589837429693
YML112W,0,37,0.5945945945945946,0.0007430778531241553,0.00044183007483057884,0.0001405907826575637
YNL025C,0,35,0.40672268907563025,0.007017575730040316,0.0028542072717138763,0.0013277296047743297
YNL288W,0,28,0.2777777777777778,0.003592157860576049,0.0009978216279377915,0.0006796384563536786
YGL195W,0,129,0.672843992248062,0.008946046711089417,0.0060192937839270485,0.0016925974896375225
YGL178W,0,29,0.07635467980295567,0.005544409628332788,0.0004233416218677745,0.0010490056805544424
YNL230C,0,79,0.4063615709185329,0.007595174807400301,0.003086387166136052,0.0014370117022112438
YLR226W,0,67,0.5545002261420172,0.0007233098485813409,0.0004010754746091018,0.00013685066415104676
YPL046C,0,61,0.4491803278688525,0.00427241400717922,0.00191908432453624,0.0008083433338526703
YNR052C,0,36,0.21428571428571427,0.01039849879008452,0.0022282497407323967,0.00196740230813668
YLR418C,0,62,0.4013749338974088,0.0036069919179172773,0.001447756142622535,0.0006824450690428095
YGL207W,1,108,0.2298373139494635,0.014723090258652942,0.003383915518084304,0.0027856176494821736
YJL006C,0,66,0.5664335664335665,0.0005551100007294229,0.0003144329374761067,0.00010502715043311975
YML069W,1,84,0.33304647160068845,0.008978749558271982,0.0029903408597687234,0.0016987848882542315
YGR092W,0,20,0.2,0.00309199730608794,0.000618399461217588,0.0005850077746367045
YFL010C,0,9,0.6111111111111112,0.00018157695405625836,0.00011096369414549124,3.4354470364063674e-05
YDR252W,0,23,0.3794466403162055,0.0009361387125192075,0.0003552146893353514,0.00017711801491024828
YGL244W,0,51,0.4611764705882353,0.00195519715131417,0.0009016909215472408,0.00036992449256480545
YOR123C,0,45,0.6272727272727273,0.000363814914327531,0.00022821117353272403,6.883400350683843e-05
YGR063C,0,64,0.4330357142857143,0.004964891425094805,0.002149975304616947,0.0009393604833318574
YLR438C-A,1,89,0.36133810010214507,0.005410824220777368,0.0019551369439223636,0.0010237312400353435
YFL028C,0,15,0.7523809523809524,5.2832106381530645e-05,3.974987051562782e-05,9.995866724325614e-06
YBR279W,0,50,0.4897959183673469,0.003621695040949885,0.001773891448628515,0.0006852269088809555
YDL140C,1,164,0.2130779590004489,0.03388642390875219,0.007220450044300931,0.006411332054598926
YKL160W,0,43,0.593576965669989,0.004771812593466835,0.0028324380399758846,0.0009028298507217521
YOL042W,0,13,0.8461538461538461,0.0003525789724176629,0.00029833605358417633,6.670815645008414e-05
YKL139W,0,52,0.38235294117647056,0.0028466800383356505,0.001088436485245984,0.0005385935980767325
YBL032W,0,64,0.1130952380952381,0.030171831509120284,0.0034122904682933656,0.005708528908841828
YPR072W,0,128,0.6664616141732284,0.005440111117573048,0.0036256252366994586,0.0010292723387571056
YOL145C,0,55,0.4404040404040404,0.0023751254613836397,0.0010460148496598655,0.0004493751847426419
YGL213C,0,145,0.5456896551724137,0.019656479993952796,0.010726337789803551,0.0037190179939070676
YPR161C,1,77,0.42652084757347913,0.00591623034662061,0.0025233955818805606,0.0011193543870494647
YER068W,0,31,0.23225806451612904,0.004486348099984978,0.001041990526448124,0.0008488197945872254
YGL014W,1,35,0.08235294117647059,0.006965953219685689,0.0005736667357388214,0.0013179625943554461
YHR167W,0,45,0.4070707070707071,0.0023402601818083542,0.0009526513669381483,0.00044277865259940074
YGR134W,0,18,0.49673202614379086,0.0006285132365049705,0.0003122026534273056,0.00011891508737525018
YIL038C,0,27,0.2621082621082621,0.0017802251548378622,0.00046661172149596385,0.0003368196842000614
YNL139C,0,38,0.5049786628733998,0.001586941413435463,0.0008013715530150633,0.00030025028253575803
YML062C,0,38,0.4907539118065434,0.00147040290354274,0.0007216059768452991,0.0002782011254431611
YPL101W,0,36,0.5142857142857142,0.0013473517814173925,0.0006929237733003732,0.00025491977814723576
YAL023C,0,16,0.6916666666666667,0.0010464528770503224,0.0007237965732931396,0.00019798952206718864
YGL038C,0,14,0.8571428571428571,0.00042816711610188247,0.00036700038523018497,8.100947930006178e-05
YDL093W,0,14,0.8571428571428571,0.0005865548245431593,0.0005027612781798508,0.00011097653026178187
YBR004C,1,14,0.8571428571428571,3.8657204657419666e-05,3.3134746849216855e-05,7.313966679655813e-06
YDL095W,0,26,0.27384615384615385,0.0030008786922893506,0.0008217790880423145,0.0005677680773765097
YJR075W,0,30,0.4091954022988506,0.004405976382588299,0.0018029052783924537,0.0008336134166756452
YNL158W,1,13,1.0,0.0,0.0,0.0
YDR245W,0,19,0.5380116959064327,0.0010781315897995568,0.000580047405038358,0.0002039831538249836
YPL050C,0,17,0.6911764705882353,0.00020955081445388253,0.00014483659234312468,3.9647141799122976e-05
YJL183W,0,20,0.5157894736842106,0.0006848147790201107,0.0003532202544419519,0.00012956737353039835
YJR143C,0,15,0.7428571428571429,0.0007501854354881218,0.0005572806092197476,0.00014193554157232872
YBR159W,0,24,0.09057971014492754,0.0042498935017330035,0.0003849541215337865,0.0008040824404978007
YOR321W,0,13,1.0,0.0,0.0,0.0
YCR043C,0,9,0.4166666666666667,0.0004502131871678625,0.00018758882798660938,8.518060938106089e-05
YML115C,0,13,1.0,0.0,0.0,0.0
YEL036C,0,21,0.48095238095238096,0.001098570781437108,0.0005283602329768948,0.00020785026133885958
YML064C,1,23,0.08300395256916997,0.0037795036051320903,0.00031371373797539094,0.0007150843853959172
YOR233W,1,13,0.0641025641025641,0.0009829434803903879,6.30091974609223e-05,0.00018597350551523523
YBL097W,1,9,0.3888888888888889,0.00025717383935236655,0.00010001204863703145,4.865744713233795e-05
YNL098C,0,23,0.06324110671936758,0.012191279022489296,0.000770989977706833,0.002306597420663716
YPR119W,0,32,0.08064516129032258,0.008868285105898092,0.0007151842827337171,0.0016778849465458499
YFR028C,1,67,0.08322026232473993,0.02035983484831283,0.0016943507969649754,0.0038520931609904714
YNL312W,1,61,0.226775956284153,0.010690448263396378,0.0024243366280379763,0.002022639326407119
YGR238C,0,9,0.2222222222222222,0.0014180114457373579,0.00031511365460830176,0.0002682886296979828
YPR140W,0,7,0.38095238095238093,0.00045239173761958354,0.00017233970956936516,8.559279245417863e-05
YAL025C,1,95,0.832026875699888,7.18394951429348e-05,5.9772390695633326e-05,1.359207626146533e-05
YER056C-A,0,249,0.5597227620158052,0.012544033211962355,0.007021180916217561,0.002373338728287462
YGL029W,0,114,0.7781400403664027,0.0004880207397618082,0.00037974847813789517,9.233382137251251e-05
YER117W,0,260,0.5247995247995249,0.001969972099975334,0.0010338404219353773,0.00037271992185564627
YMR194W,0,228,0.6112141587448798,0.0011848752319746597,0.000724212518129036,0.00022417911597621889
YKR063C,1,68,0.8257243195785777,0.0004012841646757393,0.00033135009383453276,7.592320850722838e-05
YBR267W,0,115,0.7418764302059496,0.0009142673945686773,0.0006782734309363047,0.00017297994822519031
YER006W,1,129,0.6520106589147286,0.00264205200921724,0.0017226460714167154,0.0004998778502631245
YIL133C,0,273,0.47592113768584354,0.004930554341461877,0.0023465550316104115,0.0009328638861828034
YKL082C,1,50,0.7551020408163265,0.0028982155331684976,0.0021884484638211104,0.0005483441451058662
YER002W,0,99,0.81859410430839,0.00033266310740126027,0.00027231605843958036,6.294006265185516e-05
YNL110C,1,173,0.47822287941927677,0.0043662328236214205,0.0020880324331271948,0.0008260939110985937
YOL077C,1,106,0.7371069182389937,0.00024209798685189486,0.00017845210100026463,4.580508665172332e-05
YMR049C,1,195,0.5106000528680941,0.0041953205189784425,0.0021421308787889924,0.0007937571989027729
YLL034C,1,65,0.8668269230769231,0.0001889875107206807,0.00016381946241797468,3.5756552201113504e-05
YGL147C,0,247,0.5435963266515256,0.003912577379181692,0.002126862691063021,0.0007402620245439154
YHL033C,0,239,0.5689673358883303,0.00949576127620044,0.005402777995551335,0.0017966038203635548
YDL075W,0,256,0.5047794117647059,0.011900633972993402,0.006007195016514684,0.0022516072001741994
YHR088W,1,112,0.7382561132561133,0.00017727265588823917,0.00013087262192263988,3.3540094527549234e-05
YLR074C,0,122,0.7041051348055819,0.0011018025472555747,0.0007757848310645199,0.00020846171340121604
YMR242C,0,240,0.5772663877266387,0.004682115388827104,0.002702827837427529,0.0008858590849406484
YOR063W,1,305,0.4167385677308024,0.014013790312369372,0.005840086903256606,0.002651417667383779
YLR002C,1,119,0.5923657598632673,0.004949062372610754,0.0029316550929622738,0.0009363656169553344
YDR312W,0,61,0.9672131147540983,0.0002626787341390668,0.00025406631662631046,4.969897658077438e-05
YBR142W,1,43,0.4640088593576966,0.002145085068996105,0.0009953384760901087,0.00040585140231171426
YOL120C,1,228,0.6167014452430636,0.0011745796536765736,0.00072436496997544,0.00022223118628789012
YLR397C,1,112,0.708976833976834,0.008221964203155642,0.005829182149824149,0.0015556006378661211
YGL078C,0,76,0.7031578947368421,0.001300778044728295,0.0009146523514510537,0.0002461079987826939
YLR221C,0,69,0.7710997442455243,0.000930849804840651,0.0007177780464436222,0.0001761173503542995
YPL131W,1,291,0.4273255125014812,0.011305434081109017,0.004831100412761623,0.002138995017902981
YLR029C,1,232,0.6055381400208987,0.0022636119779788715,0.0013707033868743533,0.0004282767657239175
YGR103W,1,223,0.4567931159859411,0.020915197022924128,0.00955391801956139,0.003957168022875722
YLR276C,1,19,0.5263157894736842,0.0005131894999526697,0.00027009973681719454,9.709576613896826e-05
YBL027W,0,235,0.5919621749408983,0.005616763082117936,0.0033249112902182768,0.0010626949981042313
YBR191W,0,232,0.6091207642931781,0.0021511897565424983,0.0013103343486448222,0.0004070064129158103
YOR206W,1,194,0.5055819667752791,0.003619212652533329,0.0018298086510457755,0.0006847572394797261
YHR066W,0,94,0.7403340196751316,0.00030379670509080546,0.00022491103584393652,5.747852174295544e-05
YOR272W,1,194,0.5074515250253726,0.006537597872030225,0.0033175140101643686,0.0012369175015307346
YNL061W,1,112,0.6636100386100386,0.0028790164984139645,0.0019105442496714293,0.0005447116760300336
YBR084C-A,0,229,0.6155673025358155,0.0012114164237239477,0.0007457083401993349,0.00022920072562991614
YLR009W,1,152,0.6062216800278842,0.0034841161751058753,0.0021121467610850098,0.0006591969036199623
YGL030W,1,253,0.531055900621118,0.007774104534806758,0.00412848408525452,0.0014708653156798924
YDL082W,0,241,0.577939142461964,0.0037943440241087717,0.0021928999314991013,0.0007178922017103528
YBL092W,1,277,0.46246010568722856,0.006230625843758108,0.002881415886201952,0.0011788382067067697
YPL093W,1,151,0.5971743929359823,0.0012538491252641261,0.0007487665902129169,0.00023722901862065305
YPL249C-A,0,178,0.7163080048244779,0.005321110861984846,0.0038115543049982224,0.0010067574178786872
YOR294W,0,115,0.708466819221968,0.002835184273145619,0.002008633983903624,0.0005364185922970299
YAL059W,0,71,0.7488933601609657,0.0020634673643038226,0.0015453170080359814,0.00039040928284447634
YDR060W,1,163,0.514731500416572,0.007469075430736392,0.003844568403187497,0.0014131536232989555
YBL087C,0,273,0.4827623357035122,0.017527381871370776,0.008461559810990352,0.0033161913315996627
YKL180W,1,277,0.4814785747920264,0.00389620338824956,0.0018759384544742624,0.0007371640554809193
YFL002C,1,189,0.5431723516829899,0.00314962328602138,0.0017107882871837394,0.0005959106451585336
YHR010W,0,230,0.6115056009113348,0.0019881843313749982,0.0012157858542799686,0.00037616568713536
YGL111W,1,99,0.7740672026386312,0.0029788625205562328,0.002305839778332025,0.0005636026042675094
YDL136W,0,266,0.5109660944814868,0.0031782131020400214,0.0016239591361792809,0.000601319855772465
YNR038W,1,72,0.7617370892018779,0.00040485309968611927,0.0003083916217092622,7.65984531861725e-05
YFR001W,0,118,0.5813414457482254,0.009710350730456004,0.005645029332365631,0.0018372042758838035
YLR106C,1,114,0.7320291880142835,0.004931881189502865,0.0036102809825347007,0.000933114926640766
YOR267C,0,38,0.4466571834992888,0.003119860545861364,0.0013935081243249905,0.0005902795165822507
YDR500C,0,199,0.6633165829145728,0.001328979273466951,0.0008815339904403896,0.00025144368844643925
YOR312C,0,234,0.5989875646528007,0.002066957302724237,0.0012380817210001125,0.00039106958132045685
YNL301C,0,234,0.5949891786801658,0.004952656622521892,0.0029467770961191845,0.0009370456512289295
YML073C,0,218,0.6225848729548049,0.001903536950614438,0.0011851133105630666,0.00036015035110965887
YLR061W,0,229,0.6146862790163181,0.0012428232377853603,0.0007639463915092958,0.0002351429139902747
YNL002C,1,202,0.5456874045613517,0.0036861924295037746,0.002011508779569618,0.0006974298541013472
YNL224C,0,161,0.5323757763975155,0.002563689233107103,0.0013648460459173453,0.00048505156526724687
YNR053C,1,121,0.7147382920110192,0.0008848215999898149,0.0006324158791111776,0.00016740878594601467
YLR344W,0,284,0.45239635694022795,0.014090108864851831,0.006374313919350179,0.0026658571840235093
YJL177W,0,226,0.5568928220255653,0.0036587588435376636,0.0020375365374886833,0.0006922394029179842
YKR081C,1,176,0.517012987012987,0.004889199493405712,0.00252777963418807,0.0009250395237281072
YGL076C,0,237,0.571837230923264,0.003713461739296638,0.002123495678138877,0.0007025892241326186
YDL031W,1,69,0.8052003410059676,0.0010269267248136209,0.000826881749008069,0.00019429516216437788
YOR276W,0,100,0.3,0.01127596763734196,0.0033827902912025878,0.002133419948784815
YLL008W,1,64,0.9166666666666666,2.918323819738395e-05,2.6751301680935287e-05,5.52148645179282e-06
YPL143W,1,232,0.6041573369159576,0.0018884369405034905,0.0011409130329083075,0.00035729341999442006
YKL006W,0,229,0.611889986976174,0.002326577705405801,0.0014236096018598124,0.0004401899197256634
YBL028C,0,116,0.7929535232383809,9.667760021847516e-05,7.666084371147154e-05,1.82914608785945e-05
YBR031W,0,255,0.5304616334722866,0.005761050292397672,0.0030560161486212637,0.0010899942262206628
YLR387C,0,108,0.7987192800276912,0.00015401819509314223,0.00012301730189595906,2.914033637338439e-05
YER126C,1,189,0.564392660137341,0.0006772511794323642,0.00038223559474098365,0.00012813633587898816
YKL009W,0,200,0.5412060301507537,0.004167370037425795,0.0022554057941244128,0.0007884689507594308
YLR185W,0,244,0.5719827295419281,0.007011961055748224,0.004010720624108569,0.0013266673049765712
YDL191W,0,261,0.527438844680224,0.0023671891559138257,0.0012485475135347427,0.00044787363091121016
YCL054W,1,105,0.7990842490842491,0.0001832017337047676,0.00014639361980840678,3.4661879663734764e-05
YHR052W,0,163,0.46701507233204576,0.003490718716535873,0.0016302182538938267,0.0006604461084822384
YLR325C,0,276,0.46258234519104086,0.010115508548719078,0.004679255667266493,0.0019138603820104373
YPR143W,1,87,0.8045977011494253,0.000879986235817613,0.0007080349023819875,0.00016649393209786664
YPR016C,1,171,0.5260405916752666,0.004302980953741285,0.0022635426468734688,0.0008141266187703203
YDR496C,0,97,0.47164948453608246,0.00753907359323663,0.003555800174129648,0.0014263973183022778
YDR471W,0,177,0.6561376476630714,0.003849986554076726,0.0025261211211263573,0.000728419802289958
YKL172W,1,115,0.6454614797864225,0.007945736033538185,0.005128666538199856,0.0015033380998355388
YOL127W,1,344,0.3525323750762764,0.026992313933926045,0.009515664539931417,0.005106962245953613
YGR229C,0,20,0.07894736842105263,0.0035901732800980874,0.0002834347326393227,0.0006792629725178052
YDL019C,0,7,0.14285714285714285,0.0009941114151704176,0.00014201591645291678,0.0001880864855815792
YOR104W,0,5,0.4,8.396538744179997e-05,3.358615497671999e-05,1.5886302474171385e-05
YER166W,0,10,0.17777777777777778,0.0022900793753189417,0.000407125222278923,0.0004332844134304189
YCR094W,0,7,0.2857142857142857,0.0011398359896845395,0.0003256674256241541,0.00021565766388711503
YBR023C,0,15,0.09523809523809523,0.001306247875904801,0.00012440455960998105,0.0002471428941747131
YAL053W,0,8,0.07142857142857142,0.00042368128377765987,3.0262948841261416e-05,8.016075709056313e-05
YJL204C,0,11,0.5272727272727272,0.0004971559177107567,0.00026213675661112623,9.40622026076133e-05
YDR170C,1,34,0.0392156862745098,0.015788957314100127,0.0006191747966313775,0.002987280345933436
YNL323W,0,5,0.6,0.00023934976662448213,0.00014360985997468928,4.528512170987658e-05
YBR164C,0,12,0.12121212121212122,0.0026081686348922673,0.00031614165271421426,0.0004934670951916351
YAL027W,0,14,0.08791208791208792,0.0008685050304513153,7.635209058912663e-05,0.00016432168104568744
YDR381W,1,71,0.13641851106639838,0.009102659488008428,0.001241771254098534,0.0017222287224735512
YDR174W,0,77,0.5102529049897471,0.005372738879028494,0.0027414556207756464,0.0010165254701664894
YIL095W,0,19,0.21637426900584794,0.0012067395125939361,0.0002611073799179862,0.00022831585119391495
YML032C,0,36,0.18253968253968253,0.004522970937167157,0.0008256216790067032,0.0008557488577007814
YBR196C,1,14,0.12087912087912088,0.0018467234268851225,0.00022323030434875108,0.00034940119779677716
YML095C,0,41,0.5890243902439024,0.0016635795195908852,0.0009798889121492651,0.0003147502589251553
YOL090W,0,56,0.34025974025974026,0.005610828514594185,0.0019091390530177616,0.0010615721743120936
YCL024W,0,14,0.25274725274725274,0.0007817819502738754,0.00019759324017911136,0.00014791362142533998
YCR092C,0,39,0.6558704453441295,0.0009592532412925731,0.0006291458505643597,0.0001814912978406242
YLL018C,1,9,0.3888888888888889,0.0005643448452055647,0.00021946743980216403,0.0001067743886359043
YDR507C,0,19,0.19883040935672514,0.0025160431023110875,0.0005002658799916782,0.00047603688828413775
YPL022W,0,45,0.49393939393939396,0.006566730842612076,0.0032435670525629346,0.0012424294773190345
YOL086C,0,28,0.010582010582010581,0.01212875477092536,0.0001283466113325435,0.002294767794164293
YLR044C,0,23,0.11462450592885376,0.007062914407817903,0.0008095830744139098,0.0013363077102401442
YAL028W,0,3,0.0,0.0004564812295394231,0.0,8.636652681763027e-05
YOR324C,0,5,0.1,0.004699222111523422,0.0004699222111523422,0.00088909568729997
YAL029C,0,23,0.11857707509881422,0.003925659425072798,0.00046549321245922506,0.0007427371555989727
YBR130C,0,10,0.2222222222222222,0.0003603822321382039,8.008494047515643e-05,6.81845379446727e-05
YHR023W,1,24,0.12681159420289856,0.004554974400611419,0.0005776235652949263,0.0008618039324879852
YGL106W,0,28,0.09788359788359788,0.003420533096222961,0.00033481408613822634,0.0006471669463465177
YOR326W,1,62,0.046536224219989424,0.027262324355430932,0.0012686856389624126,0.005158048382252077
YBR081C,0,42,0.41579558652729387,0.0013932954449510507,0.0005793260967392291,0.00026361234728678937
YBR109C,1,44,0.0708245243128964,0.016938371685896153,0.001199652117288628,0.0032047502455533022
YOR035C,1,7,0.2857142857142857,0.00012268688808852554,3.505339659672158e-05,2.3212433994187136e-05
YKL124W,0,5,0.3,0.0005069464275665257,0.0001520839282699577,9.59145730388569e-05
YMR309C,1,104,0.5672143390589992,0.0038695462799840058,0.0021948621356593367,0.0007321205143517027
YLR304C,0,12,0.12121212121212122,0.0006667097044457659,8.081329750857768e-05,0.00012614188238733851
YNL255C,0,120,0.19831932773109243,0.028204724020289427,0.005593541906544794,0.005336350973160468
YER143W,0,16,0.25,0.001445529026474102,0.0003613822566185255,0.0002734949727431377
YGR142W,0,11,0.03636363636363636,0.0025750729156062226,9.363901511295355e-05,0.00048720536493352366
YIL068C,1,17,0.4338235294117647,0.0007037395265722512,0.0003052987652041384,0.00013314794730038217
YJL036W,0,18,0.21568627450980393,0.010626951397805019,0.002292087556389318,0.002010625680740977
YHR161C,0,13,0.14102564102564102,0.0012665613514395264,0.00017861762648506142,0.0002396341795601231
YAL031C,0,3,0.3333333333333333,7.745135168649288e-05,2.581711722883096e-05,1.465384293948389e-05
YCL027W,0,13,0.0641025641025641,0.0012573688706095068,8.060056862881453e-05,0.00023789495658500212
YNL317W,1,30,0.5287356321839081,0.0013343446630370874,0.0007055155689621381,0.0002524588234228845
YAL032C,1,68,0.6312554872695347,0.0008336118393453336,0.0005262220478395917,0.00015771986802382866
YMR240C,1,78,0.663003663003663,0.0003904692978722389,0.0002588825747797628,7.387702911721044e-05
YKR022C,1,42,0.5551684088269454,0.007741157227348854,0.004297645940386472,0.0014646316650301103
YGR271W,0,10,0.24444444444444444,0.00107155860554816,0.0002619365480228836,0.00020273954119891152
YKR086W,1,46,0.6463768115942029,0.001810996429185854,0.0011705860977056389,0.00034264162805933016
YMR213W,1,69,0.613384484228474,0.0030406537582286417,0.0018650898372084466,0.0005752935440919426
YPR094W,1,72,0.6901408450704225,0.00031531545676777105,0.00021761207579747577,5.9657876579994485e-05
YDR163W,0,60,0.7677966101694915,0.0004744586723657402,0.00036428776030793275,8.97678699561819e-05
YNR011C,1,54,0.7994409503843466,0.0008110745588056249,0.0006484062161241334,0.00015345580081104724
YGL128C,1,30,0.9885057471264368,6.263468639527163e-06,6.191474747118806e-06,1.1850520836813302e-06
YPR182W,1,96,0.5407894736842105,0.001458465545483364,0.0007887228147285034,0.00027594257002346294
YCL011C,0,39,0.26450742240215924,0.0016190564722319974,0.00042825245419361876,0.0003063264712316201
YGR074W,1,99,0.5209235209235209,0.003239529129831828,0.0016875469204463058,0.0006129208855978859
YDR021W,1,51,0.2776470588235294,0.0034340164781327394,0.00095344457510509,0.0006497180104208898
YBR119W,0,78,0.36396936396936397,0.0041415965854075055,0.0015074142750084593,0.0007835925979307143
YJL203W,1,81,0.6197530864197531,0.006181086015590666,0.0038307471355882895,0.0011694652410269297
YLR424W,1,39,0.6855600539811066,0.0008867620532441281,0.0006079286410904415,0.00016777592088428167
YHR165C,0,98,0.46560067325899435,0.0059379518114873265,0.0027647143612079643,0.0011234641014397416
YFR043C,0,33,0.6496212121212122,0.0020416235614955183,0.0013262819727139447,0.00038627642204109577
YLR016C,0,61,0.7950819672131147,0.0002878396973689015,0.00022885615282609384,5.445944615745225e-05
YNL138W-A,0,80,0.5781645569620253,0.00111227477449511,0.0006430778522160019,0.0002104430651769204
YDR364C,0,64,0.6879960317460317,0.0011155149316788122,0.0007674698463484685,0.0002110561048906933
YPR152C,0,44,0.7008456659619451,0.0007128583959196057,0.00049960371722484,0.00013487324293812262
YER013W,1,47,0.6059204440333025,0.0020629840632927815,0.0012500042196639887,0.000390317841998654
YKL095W,1,42,0.9094076655052264,0.00010710408318605332,9.740127425630633e-05,2.0264157810167092e-05
YLR117C,1,86,0.5578659370725034,0.0011826977483517316,0.0006597867876577786,0.00022376713474775892
YDL030W,1,78,0.66000666000666,0.0007904093721767643,0.0005216754497683472,0.00014954593490708966
YML049C,1,90,0.5086142322097378,0.004883855731361137,0.0024839985330293722,0.0009240284806926784
YNL245C,1,35,0.984873949579832,3.034136124679425e-05,2.988241628675871e-05,5.740604038524548e-06
YGR006W,0,58,0.6346037507562009,0.0009365365189920299,0.0005943295876724981,0.00017719328013733748
YDR416W,1,114,0.3688868188169539,0.010392439245008302,0.0038336338528395784,0.0019662558385154516
YGR129W,0,74,0.6138467234357645,0.0013263563633337363,0.0008141795077405904,0.00025094743225078124
YKL173W,1,88,0.5653082549634274,0.0015734397174066621,0.0008894784609373085,0.0002976957534189059
YDR088C,1,35,0.9932773109243698,1.0851454041348158e-06,1.0778503089809684e-06,2.0531017177157302e-07
YFL017W-A,1,100,0.5056565656565657,0.011946556039231273,0.0060408544982213895,0.0022602956830922285
YER029C,0,114,0.4042850489054495,0.00850372498841563,0.0034379288728201055,0.0016089099501479566
YIR009W,0,89,0.5955056179775281,0.0005134118217757378,0.00030573962420352927,9.71378295633801e-05
YOR148C,1,42,0.9523809523809523,0.00040228052337837035,0.0003831243079794003,7.611172018096706e-05
YPL064C,0,43,0.9922480620155039,1.95849104849934e-05,1.9433089473481824e-05,3.705476999196063e-06
YGR093W,0,13,0.8461538461538461,0.0010827224745712425,0.0009161497861756667,0.00020485175202156333
YOR319W,1,77,0.6637047163362952,0.0013639004291988764,0.0009052271474723916,0.0002580507923925688
YIR005W,0,63,0.7665130568356375,0.0002943683296654731,0.0002256371682074825,5.569466736664241e-05
YPL151C,1,66,0.6587412587412588,0.002715997777666685,0.0017891397947986136,0.0005138684347177865
YCR020C-A,0,51,0.5694117647058824,0.0024179805455505307,0.0013768265694664198,0.00045748339278376126
YMR288W,1,81,0.6182098765432099,0.005189547639055029,0.003208229605255316,0.000981865575923112
YBR065C,0,65,0.6653846153846154,0.0014463090745413638,0.0009623518072909843,0.0002736425583128405
YDL209C,1,57,0.8226817042606517,0.00021796451924291919,0.00017931542215911836,4.123901987268832e-05
YPR112C,1,107,0.7462528654558279,0.004618855309928902,0.003446834010160309,0.000873890239461154
YPL213W,0,98,0.5131495897328003,0.00367704723216854,0.0018868752786154153,0.0006956995771922551
YNL004W,0,33,0.2803030303030303,0.0018519895123269199,0.0005191182723946669,0.00035039754437162277
YGR278W,1,53,0.8642960812772134,0.00011097893712058218,9.591866045762945e-05,2.099728253599327e-05
YGL120C,1,154,0.44028520499108736,0.014192903936813982,0.006248925619238955,0.0026853060742841168
YGL174W,0,63,0.7808499743983615,0.00017474674475556536,0.00013645099116858022,3.30621906019067e-05
YDR482C,0,55,0.8208754208754209,0.00015154538140623396,0.00012439987874356847,2.867247851683933e-05
YDL043C,1,85,0.5913165266106443,0.002413090651610905,0.0014269003825071766,0.00045655822187038516
YPR101W,0,57,0.8258145363408521,0.00018268485173119758,0.00015086380612889624,3.456408527933712e-05
YBR188C,0,39,0.9001349527665317,0.0004372470928722486,0.00039358139128986477,8.272741643853411e-05
YER172C,1,85,0.5941176470588235,0.001936826365731466,0.001150702723169871,0.0003664487287370345
YGL251C,0,13,0.21794871794871795,0.000591764063838606,0.00012897421904174746,0.00011196212151109478
YJR050W,0,75,0.46378378378378377,0.0030137038675557763,0.001397706982898841,0.0005701946083528352
YLR275W,1,99,0.515563801278087,0.005002617783730173,0.0025791686409212867,0.0009464983333768649
YBL051C,0,22,0.3246753246753247,0.0017386408191797473,0.000564493772460957,0.000328951902551222
YLR323C,1,44,0.9471458773784355,0.00010443212007975177,9.891245199942662e-05,1.9758620762107197e-05
YCR063W,0,60,0.7559322033898305,0.0006150823843361715,0.00046496058205751264,0.00011637396195988404
YLR147C,1,101,0.4875247524752475,0.005071250988882402,0.0024723603830947476,0.0009594837776181117
YOR159C,1,104,0.4706870799103809,0.02702407532506672,0.012719883102033832,0.005112971520513454
YAL033W,1,35,0.8100840336134454,0.00020346928824188247,0.00016482722173544092,3.849651333360912e-05
YPR137W,1,171,0.5897488820089439,0.0019466299959990192,0.0011480228638254967,0.0003683035815581835
YIR015W,1,43,0.5503875968992248,0.0018299726044326333,0.0010071942241450928,0.0003462319319804807
YAR008W,1,16,1.0,0.0,0.0,0.0
YML017W,0,68,0.42581211589113255,0.0026955933998516765,0.001147816329173014,0.0005100079140003519
YHR089C,0,68,0.32396839332748023,0.0023178629381649276,0.0007509143320306043,0.0004385410804527371
YNL147W,0,94,0.4317089910775566,0.003120622063294883,0.001347200602479397,0.0005904235961447565
YEL026W,1,191,0.39217415265913474,0.017939563966503615,0.007035433297637902,0.0033941764351907906
YDR378C,0,78,0.4721944721944722,0.0017788225033955843,0.0008399501531185276,0.00033655430169237863
YOR310C,1,228,0.3813664116237731,0.012323449308413278,0.00469974964157704,0.0023316041193077435
YLR145W,1,35,0.8100840336134454,0.00020346928824188247,0.00016482722173544092,3.849651333360912e-05
YLR175W,1,190,0.3221386800334169,0.025986004072480872,0.008371097051251985,0.004916567806902874
YHR072W-A,1,48,0.4973404255319149,0.0008227913048714735,0.0004092073776887381,0.00015567261630712467
YBL026W,1,92,0.3597706641184902,0.007273048045282355,0.0026166293254169196,0.001376065122508051
YDR478W,1,35,0.8100840336134454,0.00020333364204972118,0.0001647173369209506,3.84708489913867e-05
YMR265C,0,75,0.6421621621621622,0.00031379396212816857,0.00020150660919365635,5.93700088669525e-05
YER127W,1,121,0.60633608815427,0.0009905881867820047,0.0006006293661452321,0.0001874198886233658
YMR059W,1,16,1.0,0.0,0.0,0.0
YNL221C,1,42,0.5993031358885017,0.002395216158872159,0.0014354605551428964,0.0004531763569511418
YLR197W,0,187,0.5094014145247542,0.007528656204607844,0.0038351081200978026,0.0014244263420251468
YML091C,1,23,0.5098814229249012,0.01016628507018745,0.0051835998974473566,0.0019234673308164791
YHR062C,1,61,0.5240437158469945,0.0013884826983195898,0.0007276256326166593,0.00026270177269113314
YLR105C,1,18,0.7843137254901961,0.000570338799115912,0.0004473245483262055,0.00010790844836857715
YER146W,1,84,0.38181296615031557,0.007034690412430716,0.0026859360123193585,0.0013309677131126223
YDL208W,1,72,0.32981220657276994,0.0067843106666329155,0.0022375484710373816,0.0012835957126212645
YPL083C,1,17,0.8823529411764706,0.00010568681085375948,9.3253068400376e-05,1.999600902118305e-05
YNL124W,1,36,0.7031746031746032,0.0001032600246255137,7.260982683984535e-05,1.9536859587866992e-05
YBR257W,1,35,0.8100840336134454,0.00020333364204972118,0.0001647173369209506,3.84708489913867e-05
YBL018C,1,37,0.7312312312312312,0.0017365164916288624,0.0012697950922271111,0.00032854997848398695
YNL282W,1,38,0.6955903271692745,0.002004504996121566,0.0013943142860646455,0.00037925356685154945
YDL014W,1,204,0.4392929585627354,0.012221274574273201,0.005368719865140009,0.002312272597341119
YGR030C,1,40,0.6538461538461539,0.00043837032074601253,0.0002866267481800851,8.293993183676773e-05
YER112W,1,90,0.3735330836454432,0.00507894784613053,0.0018971550506395186,0.0009609400277000758
YBR167C,1,42,0.6039488966318235,0.0006910092078049778,0.0004173342486162468,0.0001307393632315037
YAL034C,0,27,0.7407407407407407,0.00041953127378440455,0.0003107639065069663,7.93755726707403e-05
YCL010C,0,33,0.5757575757575758,0.000936427360163939,0.0005391551467610558,0.00017717262722053911
YDR176W,0,34,0.5383244206773619,0.0010589964464650496,0.0005700836485426826,0.00020036277304475656
YMR223W,0,42,0.4924506387921022,0.001399319522640895,0.0006890957927987683,0.00026475210645690106
YDR448W,0,44,0.4069767441860465,0.0009725320952052995,0.000395797945723087,0.0001840036650933106
YGL066W,0,36,0.5952380952380952,0.000882393141166125,0.0005252340125988839,0.00016694932005662126
YDR392W,0,38,0.5049786628733998,0.0005372740354136273,0.00027131192399976916,0.00010165257492577801
YDR145W,1,73,0.3614916286149163,0.003053981612899544,0.001103988787007065,0.0005778151823179378
YER164W,0,81,0.30185185185185187,0.00507865482236717,0.0015330013630478682,0.0009608845874254737
YOR338W,0,23,1.0,0.0,0.0,0.0
YLR055C,0,36,0.4650793650793651,0.0030437669286369397,0.001415593190620037,0.0005758825578304207
YOL148C,0,31,0.6236559139784946,0.0007926477226211114,0.0004943394399142415,0.00014996943217525556
YGR252W,0,80,0.21835443037974683,0.009096734940006615,0.0019863123761406846,0.0017211077943810702
YOR023C,0,23,1.0,0.0,0.0,0.0
YBR111W-A,0,50,0.3420408163265306,0.005782283636653243,0.0019777770153124154,0.0010940115878938406
YMR236W,1,71,0.42293762575452715,0.006044408959859389,0.002556407974572321,0.0011436058587888467
YBR198C,1,67,0.4798733604703754,0.0018201831651454233,0.0008734574121299385,0.0003443797641014609
YPL047W,0,33,0.6609848484848485,0.0006425692875305334,0.00042472856315938667,0.0001215745007953247
YGR274C,1,63,0.35586277521761395,0.011393900388993239,0.004054665012980185,0.0021557328972678096
YHR099W,0,71,0.29617706237424546,0.012472288271431918,0.0036940057013174613,0.002359764541816305
YDR167W,1,73,0.3961187214611872,0.00201913471950106,0.0007998170635466527,0.0003820215194305951
YCR082W,0,25,0.8433333333333334,0.00028542028329717813,0.00024070443891395358,5.400169154064296e-05
YAL034W-A,1,21,0.5714285714285714,0.00020550084713280242,0.00011742905550445852,3.88808855138437e-05
YIL144W,1,30,0.23448275862068965,0.007577866764175202,0.0017768791033238405,0.0014337370098851882
YIR010W,1,61,0.1644808743169399,0.013303419760712745,0.0021881581136472877,0.002517015126096354
YGL093W,1,18,0.42483660130718953,0.0006446340014121533,0.0002738641182469932,0.00012196514592000503
YGL086W,0,14,0.1978021978021978,0.00026338282486390173,5.209770162143111e-05,4.9832190975000096e-05
YMR117C,1,50,0.14448979591836736,0.006751997583470567,0.0009755947528769718,0.0012774820575947104
YLR381W,0,26,0.6553846153846153,0.000780154523602322,0.0005113012723916757,0.00014760571130729579
YCR086W,0,28,0.1164021164021164,0.00510983812333392,0.0005947959720282869,0.0009667844869721086
YGR179C,1,28,0.5846560846560847,0.001318853646246045,0.0007710758090486136,0.0002495279136054845
YOL069W,1,26,0.19692307692307692,0.003070979851562061,0.0006047468015383751,0.000581031259431952
YPL233W,1,13,0.6666666666666666,0.00014651247688589466,9.767498459059643e-05,2.772024991443868e-05
YKL089W,0,30,0.49885057471264366,0.0010974897321843825,0.0005474833836414045,0.0002076457261614309
YDR318W,0,28,0.544973544973545,0.0012142810411017726,0.0006617510435633999,0.00022974271298355561
YBR211C,1,35,0.453781512605042,0.002297614956863526,0.001042615190509499,0.000434710150050988
YFR046C,0,23,0.45849802371541504,0.0032041099660621228,0.0014690780872063489,0.0006062195582275124
YJR112W,1,21,0.38095238095238093,0.001050416735782857,0.00040015875648870736,0.0001987394865550388
YER018C,1,10,0.6,8.058858563007119e-05,4.835315137804271e-05,1.5247409513501885e-05
YPL018W,0,35,0.4218487394957983,0.002263075451306422,0.0009546755265174991,0.00042817525455051997
YDR254W,0,39,0.39541160593792174,0.003728238571958683,0.0014741888010578869,0.0007053850098775742
YPR046W,0,28,0.5661375661375662,0.0009971092611305674,0.0005645010102696864,0.0001886536798641867
YBR107C,0,44,0.3023255813953488,0.004520606922347669,0.0013666951160585974,0.0008553015846562566
YAL035W,0,169,0.6254578754578755,0.006103363332755138,0.003817396663252527,0.0011547600620686938
YLR388W,0,221,0.5911559029206088,0.0013609135739571525,0.0008045120926095532,0.0002574856775605854
YJL189W,0,231,0.5738753999623565,0.004166853077103514,0.002391254476207155,0.0007883711415514092
YPR043W,0,210,0.6726817042606517,0.0007253647387940397,0.00048793958870255703,0.00013723945063158046
YNL302C,0,165,0.6834441980783444,0.000483597944138125,0.0003305122091238168,9.149702574517172e-05
YKR057W,0,176,0.7685714285714286,0.00025230290688703263,0.00019391280557889078,4.773586374145332e-05
YGL068W,1,114,0.5909020338456762,0.0020695830575404536,0.001222920837913207,0.00039156637573187236
YIL069C,0,254,0.5576234788833214,0.00120461498749208,0.0006717216000403223,0.0002279138897499158
YML026C,0,259,0.5311424381191823,0.0013640189677142965,0.0007244883601525816,0.00025807321995192597
YGL135W,0,212,0.6188410980953233,0.005018460098993359,0.0031056293584086152,0.0009494957090792829
YNL162W,1,169,0.8031839954916878,0.00014669852336666808,0.0001178259061303712,2.7755450021981446e-05
YOR182C,0,213,0.6367260164762157,0.0005828833284883516,0.0003711369798187856,0.00011028188097072929
YLR367W,0,196,0.5687598116169544,0.0031644523133019125,0.0017998133015844314,0.0005987163061571155
YDR012W,0,169,0.7513384051845591,0.0009357528683941856,0.0007030670677861641,0.00017704501296665303
YNL244C,1,76,0.8,0.0011977213911694615,0.0009581771129355693,0.0002266096171245812
YHR203C,0,296,0.47956939990838293,0.005938676194043117,0.002848007378627457,0.0011236011550607504
YGL031C,0,189,0.7342677023528087,0.0004349611868044449,0.00031937795124755054,8.229492161742887e-05
YJL122W,0,77,0.9005468215994532,0.000721141856751321,0.0006494220070197304,0.0001364404787755895
YKR094C,0,233,0.43462335355927184,0.019276804578961953,0.008378149452015171,0.003647183174009025
YJR145C,0,281,0.5179206914082359,0.0021143298821000595,0.0010950551944023568,0.00040003250220815774
YIL018W,0,231,0.5875399962356485,0.0012524634929849327,0.0007358723959536545,0.0002369668561489977
YER102W,0,269,0.5382011873716918,0.001846917787810868,0.0009940133463777073,0.00034943797100237564
YIL148W,0,247,0.3912313617063296,0.030475398276514954,0.011922931566263676,0.005765963926232546
YGL130W,1,45,0.398989898989899,0.005963658683794054,0.0023794395758572236,0.0011283278573464555
YGL189C,1,253,0.5511951816299643,0.0024052364706358222,0.0013257547532951263,0.00045507220604340483
YKR059W,0,11,0.6363636363636364,2.1217405523744972e-05,1.3501985333292255e-05,4.014346055402917e-06
YER074W,0,264,0.526615969581749,0.008435536701791686,0.004442288339156458,0.0015960086847634036
YPR041W,1,83,0.622685865412871,0.005590210479923553,0.0034809450505312984,0.0010576712295873683
YDR450W,0,298,0.4459132714166271,0.0064655490925886955,0.0028830741473810303,0.0012232858285524332
YMR142C,0,153,0.7918816649466804,0.0003506578912178052,0.00027767955472424757,6.634468671632584e-05
YPL081W,0,304,0.4443069306930693,0.005759175737178667,0.0025588416951078485,0.0010896395592308358
YMR143W,0,272,0.5342956370740178,0.0019122017083052568,0.0010216810299529823,0.00036178972854523803
YOR361C,1,94,0.5795012582932967,0.007371074964519338,0.004271547216913174,0.001394611875367249
YOL121C,0,278,0.473937095810716,0.005499773178266455,0.002606546527725275,0.0010405604369995488
YDL061C,0,181,0.6820135052179251,0.00045176546026981734,0.0003081101450950074,8.547430039793696e-05
YGR027C,0,213,0.6300823810789263,0.008061160038112285,0.005079194911072078,0.0015251763918426508
YPL220W,0,194,0.6897067464344854,0.00037802905657675825,0.00026072919066925395,7.152332788277418e-05
YLR264W,0,229,0.5848080900942312,0.0017382207484200355,0.0010165255560456862,0.00032887242490748503
YLR287C-A,0,215,0.6303846989784829,0.0006946535473273378,0.0004378989673262792,0.00013142887449006747
YPL198W,0,179,0.7481011863662043,0.00037758295884434263,0.0002824702594631144,7.143892591994029e-05
YML024W,0,217,0.572068612391193,0.005227385513831027,0.0029904231773311392,0.000989024524889887
YDL184C,0,163,0.8252669847761872,0.00016488003102585114,0.00013607004605450837,3.119540235127251e-05
YLR150W,0,180,0.6318435754189944,0.014186368669297922,0.0089635659022212,0.0026840695976873556
YFR031C-A,0,247,0.5290806754221389,0.007571284093610593,0.004005820102060389,0.0014324915646027534
YER036C,1,68,0.8906935908691835,0.0007627806905005737,0.0006794038722676314,0.00014431857149648438
YJL191W,0,263,0.48985574550837374,0.0022516119084390698,0.0011029650300039527,0.00042600634525390515
YOR369C,0,284,0.4522470512118648,0.008141478647622916,0.003681959710891825,0.0015403727217098255
YER131W,0,245,0.5719638675142188,0.004768006329074768,0.0027271273403098773,0.0009021097031791598
YBL072C,0,318,0.41926075828819714,0.01770777854409574,0.007424176659997048,0.0033503224920165588
YJL190C,0,299,0.4308994186438015,0.015052415909529493,0.006486077264600967,0.002847926263325641
YKR024C,0,14,0.3516483516483517,0.00020734102829302593,7.291113082831682e-05,3.9229048910801116e-05
YCR077C,0,95,0.47950727883538635,0.0072791714272921046,0.0034904156832771325,0.0013772236701160066
YOR096W,0,315,0.4222222222222222,0.014601682877376496,0.006165154992670076,0.0027626472989565887
YDL083C,0,281,0.5129384850025419,0.0071953772707203925,0.003690785916265043,0.0013613697646268075
YGR148C,0,166,0.8157721796276013,0.0003372602515732312,0.000275127530527648,6.380984513078346e-05
YBR048W,0,300,0.47656633221850614,0.007606585694631521,0.0036250426451963015,0.001439170649029413
YBR079C,1,107,0.55863163463234,0.0031349984192671574,0.0017513092915250141,0.000593143611455949
YHR021C,0,245,0.5770491803278689,0.0017414029527287906,0.0010048751464926792,0.0003294744999020003
YBR189W,0,256,0.5100183823529412,0.006151698174754367,0.003137479151811763,0.0011639050436311653
YPR102C,0,230,0.5801404974368711,0.008082491212613029,0.004688980472614462,0.001529212263057835
YPL090C,0,281,0.5150228774783935,0.0021769049811562464,0.001121155867392138,0.0004118717490841025
YGR054W,0,74,0.7489818585708997,0.0021756988639953507,0.0016295589788458329,0.00041164355098222914
YOR167C,0,253,0.5486542443064182,0.005387108313653532,0.0029556598408244012,0.0010192441759545668
YLR048W,0,186,0.6480092996222029,0.000703156388090962,0.00045565187857170216,0.000133037617144346
YGR118W,0,284,0.47922161946946695,0.002825190608184896,0.001353892418564294,0.0005345277847961222
YNL067W,0,180,0.6976412166356301,0.002677215149142952,0.0018677356338434288,0.0005065307377661885
YDR447C,0,176,0.7585714285714286,0.0006508440305966803,0.0004937116860669103,0.00012314008722623325
YPR063C,0,21,0.9,0.00013049701519647657,0.00011744731367682891,2.46901148026588e-05
YGR094W,1,10,0.08888888888888889,0.0005105632897537502,4.538340353366668e-05,9.659888556886777e-05
YBR009C,1,291,0.07951179049650432,0.15652225081536147,0.012445364414872324,0.0296141052420498
YGR085C,0,191,0.7067511711215211,0.0018127278376896523,0.0012811475222117444,0.0003429692116034037
YCR031C,0,338,0.39651993749231823,0.014398889026678331,0.005709446576817319,0.002724278578817876
YPR132W,0,278,0.49318234942731737,0.0020235556433254327,0.0009979819263721435,0.00038285796091236564
YMR260C,1,90,0.7320848938826466,0.0005142998677017987,0.0003765111640703305,9.730584839378374e-05
YDR429C,1,77,0.7734107997265892,0.0005052784156332495,0.0003907877835194954,9.559898416456129e-05
YJR123W,1,350,0.39349979533360624,0.018042759145163078,0.007099822030875224,0.003413701025882362
YJR007W,1,104,0.5390216579536968,0.016589321149030372,0.008942003390076678,0.003138709671259933
YOL040C,1,291,0.41400639886242446,0.01200852662534049,0.004971606863800759,0.002272020555750204
YFR032C-A,0,232,0.5469846245708314,0.0023528861114355927,0.0012869925263215211,0.0004451674861793677
YLR333C,0,149,0.8333031017594776,0.00011415123156445252,9.512257533232268e-05,2.1597482578033083e-05
YJL136C,0,233,0.540143554832026,0.0025364745688428833,0.0013700603903558256,0.000479902534203297
YKL156W,0,262,0.5291743441256471,0.0030506914798610913,0.0016143476629851927,0.0005771926871419899
YGR102C,0,4,0.3333333333333333,0.0014390282319047614,0.0004796760773015871,0.0002722650184489045
YHR141C,0,178,0.7346537167523647,0.006360592367375234,0.004672832823438939,0.0012034279521793234
YER025W,1,109,0.5992184845395855,0.005246376045230762,0.0031437255031479612,0.0009926175450039258
YLR340W,1,276,0.4761528326745718,0.010601370248962237,0.0050478724742753,0.00200578571179026
YGL103W,1,281,0.4608540925266904,0.007529265698751285,0.0034698929109903613,0.001424541658688524
YJR094W-A,0,219,0.6301369863013698,0.0033683526437288834,0.0021225235837195704,0.0006372943729348291
YLR441C,0,311,0.4295405040970854,0.014256444442830514,0.00612372033260551,0.002697327976745297
YML063W,0,246,0.5451136552181849,0.006150100270408011,0.003352503638360458,0.00116360271915504
YJL138C,0,41,0.10853658536585366,0.011027926514505796,0.0011969334875500193,0.0020864904171830024
YLR075W,1,232,0.5567622033139275,0.005239852784282999,0.00291735198121802,0.0009913833400572035
YDL081C,0,123,0.8764494202319072,0.006055746275498565,0.005307555312232248,0.0011457508858169652
YNL096C,0,154,0.6682794329853153,0.001082089796510331,0.0007231383556511192,0.00020473204894687225
YOR293W,0,206,0.6250532796590101,0.0042817440189458576,0.0026763181417024592,0.0008101085777648135
YOL139C,1,57,0.16478696741854637,0.005445021940098281,0.0008972686530362455,0.001030201469371633
YDR025W,0,294,0.48765991038053447,0.0026402465497679917,0.001287542395842374,0.0004995362562350437
YPL237W,1,91,0.6564102564102564,0.005419588574765046,0.00355747352599962,0.0010253894611509846
YLR167W,1,327,0.3006510196806814,0.06887654090951445,0.02070780225652369,0.013031483514818754
YMR230W,0,109,0.7706422018348624,0.0006284096348661739,0.00048427898466751017,0.00011889548588205295
YHL015W,1,281,0.4380782918149466,0.009976580739669661,0.004370523448588382,0.0018875751558729084
YDL133C-A,0,165,0.8119733924611974,0.0013262292578247333,0.0010768628696572447,0.0002509233838110172
YAL036C,0,107,0.8922588608710986,0.00366015487464063,0.0032658056190586473,0.0006925035328534347
YPR175W,1,39,0.3873144399460189,0.0035023552615281992,0.001356512766610787,0.0006626477498863293
YCR038C,0,6,0.13333333333333333,0.0002332700728607372,3.1102676381431625e-05,4.4134839944689324e-05
YDR152W,0,6,0.2,0.0004241120229472507,8.482240458945014e-05,8.024225320395075e-05
YEL054C,0,191,0.650041333700744,0.0008935458107022601,0.0005808417105116097,0.00016905941192951743
YHR064C,0,30,0.25517241379310346,0.008471117305866065,0.0021615954504623754,0.0016027405567378063
YLR448W,0,159,0.8311440171960831,0.00026997683442748436,0.00022438963071594114,5.107978160295096e-05
YDR418W,0,203,0.6016192752280154,0.005101075072087116,0.003068905087752747,0.000965126512335835
YOR091W,0,110,0.8772310258548791,0.0028153628299081366,0.00246972362343401,0.000532668363156915
YEL034W,1,156,0.6708023159636063,0.018656267707679947,0.012514667585548749,0.003529777219794916
YDL168W,0,6,0.3333333333333333,0.0010834787378450291,0.00036115957928167634,0.00020499483749384569
YGR173W,0,107,0.9433962264150944,0.001558678425559333,0.0014704513448672953,0.00029490290800556537
YAL038W,1,31,0.33548387096774196,0.005123681436916531,0.0017189124820623204,0.0009694036503383304
YIL033C,0,14,0.12087912087912088,0.00172251470636491,0.00020821606340674735,0.0003259008321790798
YOR347C,0,9,0.2777777777777778,0.0002827881943287131,7.85522762024203e-05,5.3503698703761826e-05
YKL032C,0,20,0.19473684210526315,0.0015175233949228687,0.0002955177137481376,0.0002871163511284493
YML103C,0,47,0.5374653098982424,0.003908571737145938,0.002100721719964653,0.0007395041546296325
YKL067W,0,52,0.7322775263951734,0.0024604832187133494,0.001801756565136246,0.00046552492444814383
YHR047C,0,127,0.05911761029871266,0.09244764664660107,0.0054652839474868525,0.017491151084977796
YDR502C,0,8,0.25,0.0005717603519628714,0.00014294008799071786,0.00010817740703354457
YJL164C,1,22,0.0735930735930736,0.004660050890563135,0.00034294746813668097,0.00088168446842256
YJL109C,1,251,0.3111394422310757,0.04391528972864935,0.013663778751588047,0.008308799579514449
YER005W,1,9,0.16666666666666666,0.003341551749920573,0.0005569252916534288,0.0006322236274932972
YAL039C,0,4,0.16666666666666666,0.00519989323083901,0.0008666488718065016,0.0009838229681934515
YAR035W,0,5,0.1,0.0013283849327490496,0.00013283849327490498,0.0002513312388204092
YKL087C,0,3,0.3333333333333333,0.0010186755389280434,0.0003395585129760144,0.00019273403276638925
YOR037W,0,2,0.0,7.68792167421286e-06,0.0,1.4545594659339714e-06
YAL040C,0,10,0.13333333333333333,0.000621798486095902,8.290646481278694e-05,0.00011764465250575151
YLR182W,0,39,0.12280701754385964,0.00595655535831757,0.0007315067983898769,0.0011269839038373964
YJL013C,0,19,0.42105263157894735,0.00036231075651234064,0.00015255189747888026,6.854941593154062e-05
YFL009W,1,133,0.5027341079972659,0.023992280853484756,0.012061737913696541,0.004539354158854089
YPL014W,0,4,0.6666666666666666,1.7178111367697965e-06,1.1452074245131977e-06,3.2501091394523514e-07
YLR096W,0,26,0.14461538461538462,0.00498948786811284,0.0007215567070809338,0.0009440141453404329
YNL197C,0,16,0.2,0.0021314976551205077,0.0004262995310241016,0.0004032806553260101
YPL031C,0,39,0.0310391363022942,0.011377020969253526,0.00035313290457871947,0.0021525393007664007
YJL157C,1,12,0.21212121212121213,0.0008441781225281455,0.00017906808659687935,0.00015971901524132053
YAL041W,1,31,0.16344086021505377,0.007011988651084331,0.0011460454569514175,0.0013266725260309797
YGR221C,0,3,0.3333333333333333,4.5689649202253915e-05,1.5229883067417971e-05,8.644509473250507e-06
YBL085W,0,30,0.135632183908046,0.006913740731227256,0.0009377257543503635,0.001308083959719778
YHR084W,1,19,0.1286549707602339,0.005618875514021092,0.0007228962649617779,0.0010630946715076664
YJR086W,0,13,0.2692307692307692,0.0016931779418487092,0.0004558555997284986,0.0003203502984542048
YLR206W,0,28,0.35714285714285715,0.0046707138247986234,0.0016681120802852227,0.0008837019020781192
YDR379W,0,13,0.20512820512820512,0.0013167065863885755,0.00027009365874637446,0.00024912168857199016
YLR357W,0,40,0.45897435897435895,0.0036829619273135526,0.0016903850897157073,0.0006968186411182247
YOR212W,0,30,0.15172413793103448,0.007228751390245336,0.0010967760730027406,0.0013676841683797813
YLR319C,0,23,0.15019762845849802,0.00992996827997265,0.0014914576863200026,0.0018787560500916707
YPL161C,0,14,0.16483516483516483,0.0005345920468607832,8.811956816386536e-05,0.00010114514105712256
YIL079C,0,12,0.30303030303030304,0.0004436732475414646,0.00013444643864892868,8.394324881817668e-05
YLR229C,1,73,0.06278538812785388,0.03109753809479223,0.0019524709991022519,0.005883673158995028
YOR101W,0,15,0.12380952380952381,0.01750024154942655,0.002166696572786144,0.003311056366147961
YER118C,0,36,0.06507936507936508,0.01455677775670733,0.0009473458540079374,0.002754151222759906
YJL085W,1,21,0.32857142857142857,0.0018634768417373916,0.0006122852479994287,0.0003525709540966918
YDR309C,0,17,0.22794117647058823,0.0050599044050363634,0.0011533605629127004,0.0009573369970396064
YER114C,0,25,0.19,0.003240082818783908,0.0006156157355689425,0.0006130256438850485
YNL298W,0,35,0.12100840336134454,0.0061410898228518775,0.0007431234743619079,0.001161897936986273
YOR188W,0,8,0.35714285714285715,0.0007247653845108181,0.00025884478018243503,0.00013712605243593648
YCL032W,0,18,0.20261437908496732,0.002207464256831752,0.0004472639997502243,0.0004176535826653407
YGR152C,0,9,0.4722222222222222,8.394564017419935e-05,3.964099674892747e-05,1.5882566279106968e-05
YBR200W,0,34,0.15508021390374332,0.005080430445782389,0.000787874240255023,0.0009612205364577334
YHL007C,0,36,0.11904761904761904,0.006885271282412571,0.0008196751526681631,0.0013026975226541895
YJL187C,0,18,0.12418300653594772,0.0015830615711356249,0.00019658934543514297,0.0002995162140081753
YGL233W,1,24,0.322463768115942,0.0017214076166280436,0.0005550915865213619,0.0003256913701261821
YLR362W,0,27,0.16809116809116809,0.008415494074159664,0.001414570228989801,0.0015922166074010477
YNL175C,0,26,0.4246153846153846,0.0011785750541393161,0.0005004410999114634,0.00022298711849031778
YAL042W,0,9,0.16666666666666666,0.001860802165301079,0.0003101336942168465,0.00035206490368494027
YML067C,0,12,0.36363636363636365,0.0024618240105959404,0.0008952087311257965,0.00046577860308943535
YJR010C-A,0,23,0.07114624505928854,0.007398926798970601,0.0005264058592152997,0.0013998814594188916
YMR023C,0,27,0.4472934472934473,0.005344984730034351,0.002390776645627901,0.0010112743682628652
YGL027C,0,3,0.0,2.4016239531070558e-05,0.0,4.543887155254219e-06
YML130C,1,7,0.09523809523809523,0.00023085877891896876,2.1986550373235118e-05,4.367862166141608e-05
YOR198C,0,85,0.2507002801120448,0.04629174092192509,0.011605352416000827,0.008758425593539003
YDL097C,1,58,0.5868118572292801,0.0020824007784579854,0.001221977468302629,0.00039399149634084435
YFR052W,1,60,0.5446327683615819,0.0036945892454482467,0.0020121943687074068,0.0006990185367952285
YAL043C,1,44,0.25158562367864695,0.0053183902897794314,0.0013380305380206181,0.0010062426839594519
YGR156W,1,21,0.8714285714285714,6.643129664306126e-05,5.7890129931810526e-05,1.2568841809425155e-05
YOR250C,1,27,0.5242165242165242,0.0012794316887467993,0.0006706992328473249,0.0002420692552220996
YLR115W,1,29,0.583743842364532,0.0012997582823757877,0.0007587258938991667,0.000245915059124136
YLR358C,0,5,0.3,6.646529299983424e-05,1.9939587899950273e-05,1.2575273940844661e-05
YDR301W,1,29,0.5763546798029556,0.0010079135880916377,0.000580915713333604,0.0001906978651095937
YDR195W,0,24,0.7753623188405797,0.00018142381717214088,0.00014066919157550053,3.432549677226397e-05
YMR061W,1,29,0.5,0.003716874206194807,0.0018584371030974036,0.0007032348649493776
YDR228C,1,26,0.5507692307692308,0.001136160087176355,0.0006257620172448233,0.0002149621808923982
YBL101C,0,4,0.0,0.0012526464007237335,0.0,0.00023700146240464645
YKR002W,1,31,0.40860215053763443,0.0020303691788910653,0.0008296132128802203,0.00038414708599368786
YLR277C,1,30,0.5517241379310345,0.004380581229428741,0.0024168724024434436,0.0008288086382215436
YBL076C,1,24,0.40942028985507245,0.0022452122178764824,0.0009192354370291395,0.00042479551989936445
YGL044C,1,25,0.6366666666666667,0.0005563050330570819,0.00035418087104634215,0.0001052532512777894
YLR303W,0,4,0.0,4.9628963640978225e-05,0.0,9.389830165753983e-06
YPR107C,1,28,0.5846560846560847,0.0018460335900476418,0.00107929477090087,0.0003492706802467255
YAL046C,0,6,0.06666666666666667,0.0007994247125475149,5.329498083650099e-05,0.000151251642799364
YLL045C,0,173,0.7204597392122597,0.003142991029801964,0.002264398497677595,0.0005946558182399909
YOR179C,0,22,0.8787878787878788,4.906773555350358e-05,4.3120131243987995e-05,9.283645469580184e-06
YNL222W,1,33,0.42803030303030304,0.0047644183590606,0.002039315433991848,0.0009014308570658986
YDL199C,0,2,0.0,1.4785539599428277e-05,0.0,2.7974331028147416e-06
YPL008W,0,19,0.21052631578947367,0.0016759178902850359,0.000352824819007376,0.00031708468617973795
YMR137C,0,4,0.5,1.5802574754916338e-05,7.901287377458169e-06,2.9898567740346035e-06
YJR093C,1,32,0.45564516129032256,0.0026345735793787167,0.0012004307035072379,0.0004984629267801715
YKL018W,1,41,0.3,0.007908167320168706,0.002372450196050612,0.00149623007637091
YNL313C,1,10,0.022222222222222223,0.0004292679884882695,9.539288633072656e-06,8.12177650264598e-05
YHL001W,0,154,0.8136830489771666,0.0016478579090740948,0.001340834047736548,0.0003117757206343153
YOL123W,1,33,0.3371212121212121,0.0038927905014285655,0.001312342252375539,0.0007365183352145058
YMR039C,0,9,0.2777777777777778,0.00032676986797895333,9.076940777193148e-05,6.182505816169696e-05
YAL044C,0,9,0.3888888888888889,0.001905575326204434,0.0007410570713017243,0.00036053601301351285
YPL091W,0,10,0.3111111111111111,0.0011568425510954312,0.00035990657145191195,0.0002188753156701937
YMR189W,0,8,0.5357142857142857,0.00025846837005718653,0.00013846519824492134,4.890237313060274e-05
YDR320C-A,0,21,0.37142857142857144,0.0010751830669179885,0.00039935371056953856,0.00020342529149890216
YJL046W,0,4,0.16666666666666666,0.0003279977952279988,5.466629920466646e-05,6.205738274553974e-05
YLR239C,0,4,0.3333333333333333,0.0001281834779225267,4.2727825974175563e-05,2.4252392140511697e-05
YPL017C,0,16,0.45,0.00028031452288145535,0.0001261415352966549,5.303567855843592e-05
YDR019C,0,9,0.2777777777777778,0.00010527476726418376,2.924299090671771e-05,1.9918050122927738e-05
YFL018C,0,23,0.3359683794466403,0.0010082540568505502,0.0003387414815505801,0.00019076228200626838
YAL044W-A,0,5,0.1,0.0002500076950240071,2.500076950240071e-05,4.730160825822097e-05
YNL218W,0,5,0.1,0.00025381665565087617,2.5381665565087618e-05,4.802226593008123e-05
YER174C,0,6,0.3333333333333333,0.00010141573571652178,3.380524523884059e-05,1.9187919002339253e-05
YPL059W,0,8,0.07142857142857142,0.0031565774760123843,0.00022546981971517029,0.0005972263821428538
YNL249C,0,7,0.09523809523809523,0.02104555024518757,0.0020043381185892925,0.00398183093196782
YDR098C,0,11,0.12727272727272726,0.0016271434169555451,0.00020709098033979664,0.00030785652610166084
YJR016C,1,3,0.3333333333333333,8.365087041101686e-05,2.7883623470338952e-05,1.5826795660274266e-05
YAL047C,0,31,0.21935483870967742,0.0027695996340012293,0.0006075250810067213,0.0005240099386023233
YNL126W,1,11,0.41818181818181815,0.004984079204669707,0.0020842513037709685,0.0009429908229208447
YGR218W,1,48,0.12411347517730496,0.013666626914650797,0.0016962125603289997,0.0025857341409671218
YHR172W,1,17,0.34558823529411764,0.00040304099543391354,0.00013928622636319072,7.625560195732267e-05
YOR373W,1,20,0.28421052631578947,0.0009231620304229022,0.0002623723665412459,0.00017466281874937826
YPR141C,0,21,0.09523809523809523,0.004018827961182762,0.00038274552011264396,0.0007603646994097431
YIL149C,0,160,0.09198113207547169,0.07973697011639874,0.007334296779574412,0.015086283339323566
YJR053W,0,15,0.2761904761904762,0.001351793776713347,0.0003733525669017816,0.00025576020636427094
YFR002W,1,45,0.5444444444444444,0.0017436124551983318,0.0009493001144968695,0.0003298925391157524
YLR212C,1,11,0.32727272727272727,0.00022561903049432035,7.383895543450483e-05,4.2687258066265345e-05
YLR457C,1,9,0.4722222222222222,0.00021049231607405623,9.939914925719322e-05,3.982527447942972e-05
YLR179C,0,39,0.7584345479082322,0.0017419694022375492,0.001321169776056009,0.00032958167249426304
YLL003W,1,8,0.5714285714285714,0.00010573272609184494,6.0418700623911396e-05,2.0004696212210485e-05
YNL225C,0,22,0.3116883116883117,0.011199556894240027,0.0034907709800228656,0.0021189629896236975
YKL042W,1,27,0.301994301994302,0.00124903692778521,0.0003772020351716019,0.00023631854792499296
YMR055C,0,28,0.23809523809523808,0.0036377148419979534,0.000866122581428084,0.0006882578650020365
YLR045C,1,37,0.08708708708708708,0.006725066699987486,0.0005856664693682796,0.0012723867180274937
YPL124W,1,18,0.40522875816993464,0.0007178150165939865,0.0002908792877701122,0.00013581103859037903
YJL041W,1,71,0.29014084507042254,0.017361117995950612,0.005037169446712431,0.003284734105045644
YNL188W,1,7,0.5714285714285714,1.6164323550377526e-05,9.236756314501443e-06,3.0582998665927957e-06
YPL269W,0,15,0.14285714285714285,0.0015433040055885165,0.0002204720007983595,0.00029199405837760853
YOR257W,1,34,0.10160427807486631,0.006141274921732877,0.0006239798048819501,0.001161932957807361
YDR179C,0,14,0.3956043956043956,0.00025391981751996537,0.00010045179594196432,4.8041784218581806e-05
YPL255W,1,12,0.3939393939393939,0.0017932648446126794,0.0007064376660595404,0.000339286801452104
YDR356W,1,23,0.35177865612648224,0.0012867408030369498,0.0004526479504754488,0.00024345214410011616
YDL028C,1,23,0.1976284584980237,0.001245823755417785,0.00024621022834343576,0.00023571061375490476
YKL079W,0,19,0.14619883040935672,0.002382822274917476,0.00034836582966629763,0.0004508314265538355
YBR179C,0,10,0.13333333333333333,0.0026552182164435775,0.0003540290955258103,0.000502368904694097
YJR009C,0,29,0.059113300492610835,0.013702548671142992,0.000810002877111901,0.0025925305591868804
YAL049C,0,4,0.3333333333333333,7.109302903996742e-05,2.3697676346655806e-05,1.3450844419872559e-05
YDL025C,0,8,0.07142857142857142,0.00046183484597541965,3.2988203283958545e-05,8.737943430992151e-05
YGR016W,0,3,0.3333333333333333,4.426576428460573e-05,1.4755254761535242e-05,8.375109579087585e-06
YNL094W,0,17,0.14705882352941177,0.0011593741695028947,0.00017049620139748453,0.00021935429941570458
YHR009C,0,9,0.05555555555555555,0.003860272758656034,0.00021445959770311298,0.0007303659584649814
YAL051W,0,7,0.047619047619047616,0.0006892869020558579,3.282318581218371e-05,0.00013041350193416273
YNL325C,0,12,0.696969696969697,0.0005567678184858481,0.00038805029773256085,0.00010534081056294264
YOR363C,0,3,0.0,0.00020045033607268408,0.0,3.792532574338708e-05
YDR412W,1,68,0.8498683055311677,0.0024844092374247985,0.002111420668856194,0.0004700517417693433
YIL036W,0,7,0.047619047619047616,0.0015271475491211042,7.272131186290972e-05,0.00028893724696790713
YPR169W,1,8,0.39285714285714285,0.00032839328553479065,0.00012901164788866774,6.213220975260444e-05
YCR087C-A,0,14,0.6593406593406593,0.0007463517438713593,0.000492100050904193,0.00014121020478210906
YGL203C,0,8,0.03571428571428571,0.0007767949037940532,2.77426751355019e-05,0.00014697006919215196
YOR153W,1,13,0.0641025641025641,0.0050610778417118,0.0003244280667763974,0.0009575590119737147
YML072C,0,13,0.05128205128205128,0.004069059525995564,0.00020866971928182378,0.0007698685420844434
YKL028W,1,86,0.49192886456908347,0.008935837417935945,0.00439579635497916,0.0016906658851511384
YMR307W,0,9,0.027777777777777776,0.0018172527643484176,5.047924345412271e-05,0.0003438253304848227
YAL054C,0,2,0.0,2.404017165739553e-06,0.0,4.548415128139619e-07
YLR153C,1,9,0.2222222222222222,0.0009658615977540108,0.00021463591061200238,0.00018274160291039253
YDR216W,0,7,0.14285714285714285,0.00046020467947398194,6.574352563914027e-05,8.70710058143935e-05
YAL055W,0,3,0.6666666666666666,3.455223996016405e-07,2.3034826640109366e-07,6.53730485728764e-08
YGR133W,0,12,0.45454545454545453,0.0006225823107358537,0.00028299195942538806,0.00011779295260530876
YDR265W,0,32,0.28225806451612906,0.0029720347740412345,0.0008388807829955098,0.0005623107904659067
YDL065C,0,21,0.2857142857142857,0.008064792369794148,0.0023042263913697564,0.0015258636312104744
YAL056W,0,5,0.1,0.00010745819244486324,1.0745819244486324e-05,2.0331155497735177e-05
YEL020W-A,0,20,0.32105263157894737,0.0032273482933328295,0.0010361486625963296,0.0006106162639090305
YER020W,0,16,0.1,0.007623225740420887,0.0007623225740420888,0.001442318955833537
YOL081W,0,9,0.16666666666666666,0.0007459520235959849,0.00012432533726599746,0.00014113457746241071
YBR140C,1,5,0.3,0.00017039535299335126,5.111860589800538e-05,3.2238904628670806e-05
YOR143C,1,3,0.0,0.000580882393088907,0.0,0.00010990330277374441
YAL058W,0,6,0.2,0.0003142890779671448,6.285781559342897e-05,5.946368508542028e-05
YCL043C,1,5,0.1,0.0001747086988092221,1.747086988092221e-05,3.3054992285672594e-05
YOR336W,1,2,1.0,0.0,0.0,0.0
YDR518W,0,3,0.3333333333333333,5.6114360392426485e-05,1.8704786797475495e-05,1.0616871183458206e-05
YFR042W,0,4,0.16666666666666666,0.0012101852816780796,0.0002016975469463466,0.00022896779280455538
YBR115C,0,9,0.1111111111111111,0.0016212173259553763,0.00018013525843948625,0.00030673530607295077
YGL173C,0,170,0.45276714235990256,0.021659920974785505,0.009806900523494947,0.004098070248417534
YMR308C,1,60,0.06892655367231638,0.019495670817326657,0.0013437694009682782,0.0036885927996890807
YDR395W,0,11,0.12727272727272726,0.0003085728975732632,3.9272914236597125e-05,5.8382180271343464e-05
YAL060W,0,1,0.0,0.0,0.0,0.0
YAL061W,0,2,0.0,0.0010827224745712425,0.0,0.00020485175202156333
YAL062W,0,6,0.2,0.0005011207160648874,0.00010022414321297748,9.481234487244209e-05
YOR375C,0,12,0.15151515151515152,0.0016778585817068521,0.00025422099722831093,0.00031745186617944166
YPL160W,1,25,0.34,0.003090243130870808,0.0010506826644960747,0.0005846758836165937
YDL171C,0,11,0.14545454545454545,0.0020856889627445473,0.0003033729400355705,0.000394613622811747
YAR071W,0,9,0.5555555555555556,0.005698775991784397,0.003165986662102443,0.0010782118905934297
YDL215C,0,11,0.05454545454545454,0.0008303628201510403,4.529251746278401e-05,0.00015710515161225123
YAL063C,0,1,0.0,0.0,0.0,0.0
YOR165W,0,9,0.2777777777777778,0.0011643066794355286,0.00032341852206542465,0.0002202875333009289
YGR132C,0,19,0.1871345029239766,0.00510998532058501,0.0009562545629164931,0.0009668123367817198
YGL054C,0,6,0.06666666666666667,0.0003594336237498168,2.396224158332112e-05,6.800506065948898e-05
YDL207W,1,35,0.6873949579831933,0.0007453511011701195,0.0005123505888715612,0.00014102088257322287
YBR194W,0,7,0.0,0.00018953465180175948,0.0,3.5860071627092304e-05
YGL172W,1,39,0.6464237516869096,0.0008810641206157038,0.000569540774325131,0.00016669786855854995
YGL122C,1,143,0.10863784103220724,0.05419504862581202,0.005887633077343708,0.010253736227547855
YKL186C,1,27,0.5470085470085471,0.0004167643726415072,0.0002279736739235595,7.885207328829935e-05
YNL189W,1,69,0.10059676044330776,0.03285009777125142,0.0033046134160338173,0.00621525851782595
YMR129W,0,32,0.592741935483871,0.0009274000838148173,0.000549708920648299,0.00017546466103388292
YKR082W,0,38,0.7155049786628734,0.0010352163969912823,0.0007407024860407042,0.00019586357319228308
YGR119C,1,46,0.5690821256038647,0.0018347862892832247,0.001044144081534125,0.0003471426840877682
YPL169C,1,62,0.3093601269169751,0.0044999315987696705,0.001392099410513092,0.0008513898008353445
YMR047C,1,57,0.37844611528822053,0.008785599080413877,0.0033248758424623943,0.001662240700133722
YIL115C,1,47,0.5827937095282146,0.0009031800824692824,0.0005263676706342719,0.00017088222201915555
YDL088C,0,39,0.7273954116059379,0.00037815211442722543,0.00027506611292344737,7.154661050307649e-05
YDR192C,0,42,0.5981416957026713,0.001550132754958397,0.000927199034615069,0.0002932860619199661
YDL116W,0,38,0.7396870554765291,0.0004614570706973578,0.00034133382185295313,8.730795899708843e-05
YDR432W,0,48,0.1950354609929078,0.004207145620120757,0.0008205425854845448,0.0007959945152453513
YMR153W,0,42,0.5969802555168409,0.002313133349495227,0.0013808949380261864,0.000437646239394124
YER009W,1,20,0.531578947368421,0.0006869707825720721,0.00036517920547252255,0.00012997529071634103
YLR293C,0,40,0.16025641025641027,0.011507039765817626,0.0018440768855476966,0.002177138936312378
YJL115W,0,63,0.148489503328213,0.014763894593500169,0.0021922833753789295,0.002793337854502245
YKL068W,0,56,0.3474025974025974,0.006269326305017516,0.0021779802423275135,0.0011861603575618832
YGL092W,1,43,0.6079734219269103,0.001228453074632735,0.0007468668194610979,0.00023242407036433373
YLR335W,0,51,0.403921568627451,0.004954938403799954,0.002001406492515276,0.0009374773656373018
YPL020C,1,24,0.17028985507246377,0.008871407893377427,0.0015107107644519533,0.001678475779840029
YDR159W,0,60,0.3225988700564972,0.010979156002948024,0.0035418633207250404,0.0020772630066745487
YKR095W,0,38,0.6216216216216216,0.0015055528618877192,0.0009358842114437174,0.0002848515189831173
YGL097W,1,20,0.2578947368421053,0.0019422523271745336,0.0005008966527976429,0.0003674753239487521
YMR219W,0,14,0.21978021978021978,0.0011652128435312022,0.00025609073484202246,0.0002204589801000648
YLR347C,1,65,0.14086538461538461,0.015221789949895469,0.0021442232958266212,0.002879971934982804
YAR003W,0,26,0.40923076923076923,0.0025809703091527053,0.0010562124649763378,0.0004883211553865075
YHR178W,0,6,0.4,2.8912766748963716e-05,1.1565106699585487e-05,5.470313088921013e-06
YBR258C,0,8,0.75,0.000582988744285473,0.0004372415582141047,0.00011030182570378715
YNL030W,0,150,0.18550335570469798,0.010935098907636167,0.0020284975423292863,0.0020689273773922723
YPL138C,0,19,0.6081871345029239,0.0013748136009412294,0.0008361439444320927,0.0002601155711369266
YHR119W,0,30,0.35172413793103446,0.002269609792414644,0.0007982765476768748,0.0004294115558703535
YBL003C,1,182,0.14115718535608038,0.02778340963540618,0.00392182790372894,0.0052566380347831634
YCR084C,0,28,0.11375661375661375,0.006475031340318899,0.000736577639242626,0.0012250798756016587
YHR154W,0,36,0.09206349206349207,0.004156232421966483,0.0003826372705937397,0.0007863617071270437
YDR469W,0,20,0.6263157894736842,0.00030391565963744713,0.0001903471762992432,5.7501028015673315e-05
YDR069C,0,12,0.06060606060606061,0.003817183050012327,0.00023134442727347439,0.0007222133593298637
YJL168C,0,46,0.2792270531400966,0.0020250906732845273,0.0005654601010427327,0.00038314838951610425
YBR175W,0,26,0.36923076923076925,0.0023266546014290416,0.0008590724682199539,0.00044020446850012257
YLL039C,0,284,0.2029562534215896,0.13587792077846228,0.027577273723912266,0.025708185418001746
YNL031C,0,140,0.20174717368961972,0.007132393005008804,0.00143894013040414,0.0013494531031703063
YHL025W,0,27,0.5783475783475783,0.0004389836493002457,0.0002538851305069797,8.30559739730033e-05
YLR015W,0,26,0.4246153846153846,0.0019201769246302836,0.0008153366633814743,0.0003632986443341891
YJL149W,0,5,0.4,3.985348766903664e-05,1.594139506761466e-05,7.540304154492486e-06
YAR007C,1,62,0.13907985193019567,0.013919135774533607,0.0019358713425184234,0.002633508971140888
YDL059C,0,8,0.2857142857142857,0.004992688801366835,0.0014264825146762384,0.0009446197638628014
YKL045W,1,29,0.4729064039408867,0.0005670864766686736,0.00026817882640488993,0.00010729310697952943
YBL002W,0,100,0.19777777777777777,0.009708837412451994,0.0019201922882405055,0.0018369179551951987
YMR224C,0,30,0.1103448275862069,0.006562154821413943,0.0007240998423629178,0.0012415636913196291
YIR008C,1,29,0.45566502463054187,0.0010102827636729141,0.00046035052039283033,0.00019114611457339407
YNL102W,1,48,0.31117021276595747,0.0033492294545457223,0.001042180441973004,0.0006336762538873219
YBR136W,1,32,0.08266129032258064,0.003279937295134174,0.00027112384899294584,0.0006205661350986322
YJL072C,1,43,0.6655592469545958,0.0006747153026535881,0.00044906300874286427,0.0001276565464470298
YJL173C,1,27,0.29914529914529914,0.002785161006448151,0.0008331678224417546,0.0005269541597526918
YDL156W,0,55,0.09562289562289562,0.016058705442577433,0.0015355799143744076,0.0030383168562312353
YDR013W,1,46,0.6038647342995169,0.0015004235830306364,0.0009060528883035245,0.0002838810562974723
YBL035C,1,34,0.3600713012477718,0.0027843320385779725,0.0010025580602366318,0.0005267973185264645
YJR089W,0,21,0.18095238095238095,0.005627560738313226,0.001018320514551917,0.0010647379212366873
YLR103C,1,58,0.4615849969751966,0.0020770773577896326,0.000958747745912577,0.0003929843019061932
YIR002C,0,17,0.15441176470588236,0.007906596898707872,0.001220871579947539,0.001495932951673474
YLR274W,1,71,0.344466800804829,0.009756616439451438,0.0033608304515776385,0.001845957776220986
YJL035C,1,3,0.0,0.0011160579644274356,0.0,0.00021115884701766786
YKL017C,0,13,1.0,0.0,0.0,0.0
YMR190C,0,37,0.14714714714714713,0.004498989036415728,0.0006620134017548668,0.0008512114674635623
YMR234W,0,4,0.16666666666666666,1.1324273396031097e-05,1.887378899338516e-06,2.142559427767293e-06
YDR499W,1,6,0.6,1.8658951723900355e-05,1.1195371034340213e-05,3.5302850372995106e-06
YLR318W,0,21,0.2904761904761905,0.005252567502777265,0.001525745798425777,0.0009937889725449218
YBL023C,1,62,0.4246430460074035,0.005077938433729888,0.0021563112439371233,0.0009607490462587183
YOR304W,0,25,0.36666666666666664,0.00047908029680609424,0.00017566277549556787,9.064228411680706e-05
YPL194W,0,21,0.26666666666666666,0.0010199122371176623,0.00027197659656470996,0.0001929680168175337
YJR006W,1,22,0.6147186147186147,0.0006922115714373458,0.00042551533828616054,0.00013096685116349214
YGR048W,1,43,0.25802879291251385,0.0033033499957860124,0.0008523594119802225,0.000624995832330127
YER173W,0,19,0.3216374269005848,0.0008061532935227972,0.00025928907101610435,0.00015252469442041895
YDL220C,1,19,0.15789473684210525,0.0011783991096289833,0.00018606301730983947,0.00022295382968173872
YNL250W,0,14,0.14285714285714285,0.0016934302708500742,0.00024191861012143917,0.00032039803925503743
YFL014W,0,2,1.0,0.0,0.0,0.0
YER095W,0,47,0.0841813135985199,0.016092058277046437,0.0013546506042657039,0.0030446272328386544
YJR144W,0,8,0.25,0.0009148535277473028,0.0002287133819368257,0.0001730908449797875
YDR489W,1,51,0.5129411764705882,0.002244581711509131,0.00115133838378586,0.00042467622771041836
YPR135W,0,43,0.5105204872646734,0.0010842492283154443,0.0005535314443559467,0.0002051406147604005
YCR012W,1,17,0.125,0.0037043248392726108,0.00046304060490907635,0.0007008605170798634
YDL102W,1,27,0.42450142450142453,0.002797031128856979,0.001187343698574615,0.0005291999941463316
YDR097C,0,57,0.3433583959899749,0.01187660501150222,0.0040779320465559,0.002247060906016339
YLR086W,1,18,0.2549019607843137,0.0013133424158254274,0.0003347735569751089,0.00024848518545124985
YJR043C,0,25,0.5,0.0007175882946249119,0.00035879414731245597,0.00013576814265566121
YBR089C-A,0,24,0.16304347826086957,0.0012554094103159076,0.00020468631689933277,0.00023752422550331895
YKL113C,0,14,0.13186813186813187,0.000558813830265015,7.368973585912285e-05,0.00010572791723844141
YDR129C,0,18,0.20915032679738563,0.004176218487519078,0.0008734574614418987,0.000790143082909502
YAR014C,0,16,0.1,0.002577103420531519,0.00025771034205315194,0.00048758953770281996
YMR071C,1,6,0.2,0.0011844918705855847,0.00023689837411711696,0.00022410658376777784
YML131W,0,8,0.0,0.005177248938793481,0.0,0.000979538654338554
YDR085C,0,5,0.3,9.609691591230471e-05,2.882907477369141e-05,1.8181595053986443e-05
YNL333W,0,8,0.39285714285714285,0.008796212738399112,0.0034556550043710796,0.0016642488106927034
YDR122W,0,22,0.2077922077922078,0.0027075141982308513,0.0005626003528791379,0.0005122633363184642
YER155C,0,19,0.05847953216374269,0.0016210703940034697,9.479943824581694e-05,0.00030670750645810677
YGR285C,0,30,0.2160919540229885,0.004757034842573966,0.0010279569544872477,0.000900033891246965
YAR015W,0,1,0.0,0.0,0.0,0.0
YLR291C,1,23,0.3675889328063241,0.005727685097862763,0.002105433652574059,0.0010836815110812426
YAR018C,0,6,0.2,0.00039345945754477705,7.869189150895541e-05,7.444276914951764e-05
YBL106C,0,10,0.0,0.000578210692330931,0.0,0.00010939781536214757
YPL055C,0,42,0.08130081300813008,0.007063344046040701,0.000574255613499244,0.0013363889980537275
YGR032W,0,9,0.1111111111111111,0.00065890848288521,7.321205365391222e-05,0.00012466588651386125
YAR019C,1,10,0.17777777777777778,0.0003246584419350896,5.7717056344015936e-05,6.142557506745278e-05
YHR169W,0,114,0.7564042850489054,0.005017805021468964,0.003795489219779039,0.0009493717680124499
YIL106W,1,18,0.09803921568627451,0.004778820312880763,0.000468511795380467,0.0009041557155055115
YAR027W,0,4,0.0,0.005132681633189394,0.0,0.0009711064929580551
YBR135W,1,23,0.1541501976284585,0.007451197418409101,0.0011486035546164227,0.0014097710924714146
YAR028W,0,2,0.0,5.891601661413137e-05,0.0,1.1146946247989986e-05
YAR030C,0,1,0.0,0.0,0.0,0.0
YGL051W,0,6,0.06666666666666667,0.0031536398158034727,0.00021024265438689818,0.0005966705750410589
YAR033W,0,2,0.0,4.117064103913414e-05,0.0,7.789510374814484e-06
YPR113W,1,2,0.0,1.62102585173848e-05,0.0,3.0669907903442578e-06
YML042W,0,9,0.3333333333333333,0.0017104105644935616,0.0005701368548311871,0.00032361072116051504
YOR100C,0,1,0.0,0.0,0.0,0.0
YDR171W,0,25,0.016666666666666666,0.007321550593199647,0.00012202584321999411,0.0013852418341324232
YER024W,0,2,1.0,0.0,0.0,0.0
YAR042W,0,8,0.07142857142857142,0.003078683341527666,0.00021990595296626184,0.000582488764428105
YLR119W,0,18,0.6862745098039216,0.0008092247645578808,0.0005553503286181534,0.0001531058186120725
YER120W,0,18,0.08496732026143791,0.006998501888795811,0.0005946439513355919,0.0013241208223868897
YGR192C,0,24,0.12681159420289856,0.006054570246282144,0.0007677897051444749,0.0011455283803725228
YBL091C-A,0,3,0.3333333333333333,1.7116465577216106e-05,5.705488525738702e-06,3.2384457183250085e-06
YHR195W,0,3,0.0,0.00015124156074945388,0.0,2.861499546342217e-05
YAR050W,0,6,0.26666666666666666,0.0003060443831745124,8.16118355132033e-05,5.790378380617268e-05
YMR164C,1,6,0.26666666666666666,0.0015196394560083144,0.00040523718826888385,0.0002875167111753855
YDL233W,0,4,0.3333333333333333,1.5443585390124525e-05,5.147861796708175e-06,2.9219357674407093e-06
YKL043W,0,3,0.0,3.0421963322804805e-05,0.0,5.7558540004262586e-06
YBR083W,0,15,0.12380952380952381,0.0018222508309781171,0.00022561200764490975,0.0003447709677370834
YBR093C,0,8,0.7142857142857143,0.0023729076741212042,0.0016949340529437173,0.00044895557804102527
YDR236C,1,6,1.0,0.0,0.0,0.0
YDR481C,0,7,0.7142857142857143,0.00019269539355214405,0.00013763956682296004,3.645808589248417e-05
YDL024C,0,7,0.9523809523809523,4.528841029833694e-07,4.313181933174946e-07,8.56859482810642e-08
YPR073C,0,7,0.9523809523809523,4.5258218024804705e-07,4.3103064785528287e-07,8.562882431554347e-08
YBR092C,0,7,0.9523809523809523,4.5258218024804705e-07,4.3103064785528287e-07,8.562882431554347e-08
YGL245W,1,59,0.217416715371128,0.027019409954879735,0.00587447136365591,0.005112088829630907
YHR215W,0,8,0.7142857142857143,0.0012296012070944543,0.0008782865764960388,0.00023264129772578588
YAR073W,0,5,0.3,9.372841606628236e-05,2.8118524819884705e-05,1.773347343970794e-05
YLR432W,0,19,0.14035087719298245,0.0030629530968129728,0.00042988815393866283,0.0005795125925417599
YDL013W,1,50,0.24816326530612245,0.009073694245915196,0.0022517575924556896,0.0017167484810175152
YML056C,0,12,0.15151515151515152,0.0012897728934465316,0.0001954201353706866,0.00024402581745342546
YGR159C,0,31,0.221505376344086,0.002975100817297772,0.0006590008261971408,0.0005628908877185516
YHR216W,0,6,0.3333333333333333,8.63988806894003e-05,2.8799626896466765e-05,1.6346720879636718e-05
YAR075W,0,1,0.0,0.0,0.0,0.0
YLR455W,0,14,0.4835164835164835,0.000600316320432359,0.00029026283625300874,0.0001135802136705487
YEL032W,1,59,0.4482758620689655,0.004011760678882961,0.0017983754767406377,0.0007590275652916778
YLR315W,0,23,0.6996047430830039,0.00030409248067761224,0.00021274454181793425,5.753448266423083e-05
YGR270W,0,61,0.2284153005464481,0.01003541826139664,0.002292243078286227,0.0018987072508404128
YKR001C,0,38,0.06827880512091039,0.013743519898775104,0.0009383911168438195,0.0026002823404235598
YIL150C,1,50,0.49714285714285716,0.0020543475499478756,0.0010213042105455153,0.0003886838084105342
YNL273W,0,41,0.5317073170731708,0.002684421357978266,0.0014273264781445416,0.0005078941568694373
YPR179C,0,12,0.7121212121212122,0.0004061813059669331,0.0002892503239461493,7.684975062393788e-05
YMR048W,0,40,0.5358974358974359,0.0077992648915402064,0.00417960605726129,0.0014756256705070843
YGL058W,0,27,0.14814814814814814,0.010063126630371467,0.0014908335748698468,0.0019039496911364832
YNL021W,0,27,0.29914529914529914,0.0018655452089994583,0.0005580690796152225,0.0003529622904431791
YOL006C,0,42,0.41231126596980255,0.002743221692625764,0.0011310612089223534,0.0005190192160188414
YMR091C,0,40,0.4371794871794872,0.0027203804185637562,0.0011892945163208216,0.0005146976330463812
YBR060C,1,42,0.5319396051103368,0.000822252292739665,0.0004373885599010064,0.00015557063488330175
YPL082C,1,53,0.20029027576197386,0.003981896193368107,0.000797535086625252,0.000753377186432254
YLR442C,0,36,0.25555555555555554,0.0013430020069215686,0.00034321162399106753,0.0002540967981617865
YOR337W,0,2,0.0,3.542296414065546e-08,0.0,6.702046402873308e-09
YBR202W,1,51,0.5733333333333334,0.0013510598521326532,0.0007746076485560545,0.0002556213473863354
YMR072W,0,19,0.2631578947368421,0.0004169982672619244,0.00010973638612155905,7.889632629302233e-05
YER030W,0,7,0.14285714285714285,0.0013832572038729666,0.00019760817198185237,0.0002617131059573114
YDR383C,0,20,0.9210526315789473,6.197857455326881e-05,5.708552919380022e-05,1.1726384076458718e-05
YGL241W,0,11,0.38181818181818183,0.00019670558499900633,7.510576881780242e-05,3.721681655812121e-05
YML065W,1,48,0.4920212765957447,0.0026388281349633298,0.0012983595876814255,0.0004992678912895914
YDL074C,0,34,0.0784313725490196,0.0073285787382516236,0.0005747904892746371,0.001386571563459349
YOL054W,0,22,0.4155844155844156,0.0018878692723715222,0.000784569048258295,0.00035718601683790336
YOR113W,0,7,0.6666666666666666,6.644549703579543e-06,4.429699802386362e-06,1.2571528532384463e-06
YBL052C,0,20,0.5842105263157895,8.52484191150932e-05,4.980302379881761e-05,1.612905284866357e-05
YNL262W,1,51,0.2619607843137255,0.019087641508520412,0.0050002135402712295,0.0036113934058017356
YCL061C,0,46,0.5362318840579711,0.0018469644986881988,0.0009904012529197588,0.00034944680872883314
YOL146W,1,41,0.7195121951219512,0.00036653030769875607,0.0002637230262710562,6.934775758748912e-05
YLR320W,0,29,0.08866995073891626,0.004839045902378288,0.00042907796178723735,0.0009155504337411193
YPR019W,1,55,0.5057239057239057,0.0018683634479339604,0.0009448760602009456,0.000353495502967078
YJR135C,0,24,0.6702898550724637,0.00042529473831673294,0.0002850707485094043,8.046602367262714e-05
YDR295C,0,17,0.3602941176470588,0.0013337908074443714,0.0004805569820939279,0.000252354033607212
YDR439W,0,18,0.17647058823529413,0.0015284354389663239,0.0002697239009940572,0.00028918091651148844
YNL186W,0,19,0.15789473684210525,0.0015088888373659978,0.00023824560589989438,0.00028548268757661765
YNL261W,1,46,0.4792270531400966,0.001020498440368493,0.0004890504603118575,0.00019307892682983484
YOR244W,1,66,0.2191142191142191,0.014084751260893558,0.003086169273948705,0.0026648435220895735
YIL126W,1,51,0.37411764705882355,0.00371242457457955,0.0013888835467250552,0.0007023929919360766
YGL201C,1,56,0.4766233766233766,0.003855654162916565,0.0018376949062212718,0.0007294921173364095
YDR121W,0,31,0.34623655913978496,0.0022537199160211118,0.0007803202289879548,0.00042640518157308934
YOR058C,0,9,0.1388888888888889,0.0004786618884000237,6.648081783333663e-05,9.056312099139208e-05
YLR449W,0,37,0.22822822822822822,0.004234466565740072,0.0009664248017905269,0.0008011636548064553
YER051W,0,11,0.45454545454545453,0.0005702037037240783,0.00025918350169276287,0.00010788288823811238
YDL070W,0,11,0.41818181818181815,0.00047160721900010665,0.0001972175643091355,8.922837324167145e-05
YCR052W,1,41,0.5621951219512196,0.00040831694610516956,0.00022955379531034535,7.725381503959395e-05
YGR275W,0,37,0.6081081081081081,0.0006962056977949028,0.0004233683297401436,0.00013172254230444223
YBR289W,0,37,0.36186186186186187,0.004824104365571499,0.0017456593875416386,0.0009127234858716043
YMR033W,1,51,0.3749019607843137,0.009871252846484853,0.0037007520475449093,0.0018676470542934227
YJL076W,1,29,0.1724137931034483,0.007169374433938012,0.0012360990403341402,0.0013564500120609333
YIL143C,1,112,0.3712998712998713,0.010135839488121459,0.003763435897455651,0.001917707008135448
YFL024C,1,28,0.7751322751322751,9.809125490025838e-05,7.603369758141721e-05,1.8558925205897258e-05
YBL103C,0,9,0.05555555555555555,0.0006295948987223859,3.4977494373465885e-05,0.00011911973852597172
YBL006C,0,22,0.987012987012987,2.249532577713245e-07,2.2203178689117742e-07,4.2561293461339344e-08
YHR056C,0,27,0.7606837606837606,4.1612932711723605e-05,3.165428214823419e-05,7.873192228809783e-06
YPR086W,1,92,0.4259436215957955,0.006337608925059564,0.0026994640977977074,0.00119907947088663
YER171W,1,121,0.3140495867768595,0.014769196138452673,0.004638259944307451,0.0027943409100381258
YDR460W,1,80,0.5620253164556962,0.0011780042021861906,0.0006620681845198337,0.00022287911295289787
YNR023W,0,29,0.49014778325123154,0.0018649100528255213,0.0009140815283553664,0.0003528421185079934
YPL116W,0,21,0.2523809523809524,0.0009175545219940304,0.0002315732841223029,0.00017360187473730818
YOL005C,1,107,0.43819432198906716,0.0028943339028521444,0.001268280682170266,0.0005476097382844693
YLR321C,1,30,0.6597701149425287,0.0024391008954668053,0.0016092458781585587,0.00046147937585908316
YKR062W,1,74,0.6264346538319141,0.0013060864270467954,0.0008181777988016208,0.0002471123479523883
YJR082C,0,29,0.6527093596059114,0.0006115585593140255,0.0003991699956113714,0.00011570725211820474
YGR186W,1,80,0.5879746835443038,0.000754950259673446,0.00044389164002318443,0.00014283704921197102
YLR005W,1,107,0.39693175806736025,0.004511488752645984,0.0017907531620888926,0.0008535764213919031
YPL122C,1,105,0.4142857142857143,0.0029606593008958534,0.0012265588532282823,0.0005601585440143602
YPL127C,0,22,0.2813852813852814,0.001554012449250922,0.00043727623030870104,0.0002940201024444749
YDR217C,0,26,0.11384615384615385,0.0028832383192988545,0.00032824559327402345,0.0005455104471143167
YGR005C,1,88,0.5033960292580982,0.00551555530161955,0.002776508637988734,0.0010435464243558953
YLR033W,1,40,0.4807692307692308,0.00027977755407488974,0.0001345084394590816,5.2934083732994197e-05
YNL088W,1,21,0.11428571428571428,0.0030370282838521213,0.0003470889467259567,0.0005746076021304684
YKL058W,1,81,0.5373456790123456,0.0016073211350191175,0.0008636870666877418,0.0003041061382791945
YPR056W,1,108,0.4001384562132226,0.004610060089384468,0.001844662327216492,0.0008722261783741641
YPR034W,1,58,0.3841500302480339,0.007859863600114805,0.003019366839729523,0.0014870909830994607
YGR217W,0,11,0.07272727272727272,0.0012668447210731687,9.213416153259409e-05,0.00023968779326749936
YHR090C,0,28,0.7248677248677249,0.0011163089309684804,0.0008091763150406445,0.00021120633004017753
YFR013W,0,21,0.38095238095238093,0.0015831925909181744,0.0006031209870164474,0.00029954100303087976
YDR463W,0,6,0.06666666666666667,0.0011127205457974426,7.41813697198295e-05,0.00021052740537898365
YMR284W,0,24,0.19202898550724637,0.00295658996134122,0.0005677509708372632,0.0005593886224906869
YOR061W,0,138,0.4684227229450968,0.019574925116232565,0.009169339724392024,0.00370358776134123
YML127W,1,28,0.708994708994709,0.00010303240149493562,7.304942751492789e-05,1.9493793152843538e-05
YDR311W,1,99,0.35745207173778604,0.008531169862403631,0.003049484341663141,0.0016141025370319403
YGL070C,0,104,0.4413741598207618,0.0033976220560796694,0.0014996225803906532,0.0006428321635889618
YCR028C-A,0,13,0.11538461538461539,0.0006904020517832531,7.966177520575998e-05,0.00013062448894218042
YOR290C,0,44,0.29069767441860467,0.003488658870808332,0.0010141450205838176,0.0006600563844152765
YDR079C-A,0,80,0.5686708860759494,0.0008946933955957373,0.0005087860860397279,0.00016927653569072444
YOR217W,1,16,0.55,0.00021659984358978938,0.00011912991397438416,4.098082240745558e-05
YKR008W,1,39,0.5371120107962213,0.0003417151697125715,0.0001835393219238913,6.465271835766266e-05
YCR020W-B,0,28,0.6243386243386243,0.00219922317963799,0.001373059974588798,0.000416094365838004
YML074C,0,35,0.20336134453781513,0.0028329890010349626,0.0005761204523113117,0.000536003245475851
YNL290W,1,20,0.48947368421052634,0.0008553227874193797,0.0004186579959473806,0.00016182759263052324
YDR303C,1,38,0.49359886201991465,0.00046656000233381075,0.0002302934862159777,8.82734367725337e-05
YIL021W,1,134,0.3018740882055886,0.017560549984002614,0.005301075014809452,0.003322466758722916
YFL049W,0,20,0.8789473684210526,0.00016411342503532252,0.0001442470630573624,3.10503600306795e-05
YDR404C,1,117,0.3687002652519894,0.006882770937533913,0.0025376794703374375,0.0013022244558793872
YCR057C,1,161,0.636723602484472,0.0061368586317481315,0.003907482735944598,0.0011610973930508718
YFR037C,1,50,0.3893877551020408,0.001168570872201267,0.0004550271886040852,0.00022109432117089077
YGL133W,0,19,0.38596491228070173,0.00030416147140397765,0.0001173956556296054,5.7547535751703495e-05
YLR095C,0,22,0.4069264069264069,0.00023153932025224866,9.421946365243018e-05,4.380738049640811e-05
YDR440W,0,21,0.40476190476190477,0.0022890306822077296,0.000926512418988843,0.0004330860000546831
YJL140W,0,110,0.41434528773978313,0.003218388385402768,0.0013335240616080858,0.0006089210438683161
YPR052C,0,39,0.2726045883940621,0.0017161024174676826,0.0004678173931558325,0.00032468762321194753
YBL004W,1,164,0.6140206494089481,0.003932387819846107,0.002414567322869744,0.0007440101719905006
YLL011W,1,147,0.7308731711862827,0.002205056693395809,0.0016116167781477337,0.000417198070196043
YDR398W,1,107,0.8823840592488097,0.0001534465559980419,0.000135398794959302,2.9032181908223137e-05
YPL266W,0,147,0.6833473115273506,0.0014128425771868338,0.0009654621767319963,0.000267310676618212
YDL111C,1,109,0.7310567448182127,0.001736375511432648,0.001269389029170011,0.00032852330494494706
YIL127C,0,95,0.9406494960806271,0.0007481321091204256,0.000703730091445865,0.00014154705097222251
YOR145C,0,158,0.6864468273804725,0.0018624496485424938,0.0012784726523978709,0.0003523766085182251
YDR280W,1,109,0.7303771661569827,0.0016688507224313124,0.0012188904613884151,0.0003157475737149403
YFL003C,0,34,0.8360071301247772,0.000599545403477067,0.0005012242321403644,0.00011343435571279526
YOR048C,1,14,0.16483516483516483,0.002033741768205295,0.0003352321595942794,0.00038478518194726336
YJR002W,1,153,0.7004643962848297,0.0012822062332094079,0.0008981398150576734,0.00024259420072528787
YOL021C,1,116,0.6493253373313344,0.005740970174536689,0.003727757395190165,0.0010861950556841401
YOR039W,0,115,0.6575133485888635,0.0046065823630242276,0.003028889395062459,0.0008715681904274109
YGL019W,0,127,0.5576802899637545,0.011233545667195824,0.006264727005002846,0.002125393686180371
YCR035C,1,109,0.7302072714916752,0.0017712069668890458,0.001293348206539096,0.0003351134375442816
YLR222C,1,149,0.7257391619807727,0.0019606484726897733,0.001422919379508758,0.00037095588589121365
YKL099C,1,114,0.8341872380065207,6.36764877477264e-05,5.311811344023194e-05,1.2047630287592278e-05
YOL142W,0,110,0.7175979983319433,0.0030861816687641533,0.002214637787993893,0.0005839074525108786
YER082C,1,159,0.6484356341055648,0.004442668585802189,0.0028807846215555153,0.0008405556038846741
YPL217C,1,160,0.63812893081761,0.005732905750794439,0.003658333017232583,0.0010846692617974857
YIL035C,0,146,0.43212092583845063,0.024846262513944634,0.010736589961150945,0.004700928009446565
YKL078W,1,48,0.6781914893617021,0.0003704116293716959,0.00025121001460048524,7.008210601336422e-05
YLR186W,1,148,0.7393822393822393,0.0005718728775978112,0.0004228326488802349,0.00010819869695225053
YGR081C,0,110,0.7781484570475397,0.009470954866345199,0.007369808916013403,0.0017919104325014221
YGL171W,1,101,0.9207920792079208,2.6214648644420216e-05,2.4138240831000794e-05,4.9598274992543626e-06
YKR060W,0,132,0.8132084200786491,0.00021228396731257454,0.00017263110966628633,4.01642559856254e-05
YNL207W,1,97,0.6299398625429553,0.002672230296261993,0.0016833443855104008,0.0005055876005632422
YMR093W,1,146,0.7366084081247047,0.0018599303552855868,0.0013700403382297327,0.00035189995669871073
YGR158C,1,109,0.7320761128100578,0.003080292185054166,0.0022550083291536533,0.0005827931586037801
YOR119C,1,62,0.46589106292966687,0.003679937886868818,0.0017144501736284657,0.0006962464908231703
YGR128C,1,150,0.6738255033557047,0.005240799030119225,0.0035313840444561755,0.0009915623703460785
YNL132W,1,153,0.6440488476092191,0.011426469555058064,0.007359204549176972,0.002161895003335574
YGR271C-A,0,34,0.6648841354723708,0.000216224129555471,0.00014376399344775522,4.090973708319492e-05
YDR299W,1,137,0.7915414340918849,0.00016890421568634305,0.000133694685108533,3.195678054145602e-05
YGR195W,1,113,0.6867888748419722,0.003141078716610977,0.002157257917571319,0.0005942940074188543
YDR339C,1,119,0.7961828799316337,9.946601147666178e-05,7.919313547280151e-05,1.8819029987956878e-05
YOR078W,0,145,0.7384099616858237,0.0015748588759376882,0.0011628914822417278,0.00029796425907783954
YDR324C,1,148,0.7209965067107924,0.0013494220497856872,0.0009729285839739974,0.00025531147418417997
YPL043W,1,46,0.5526570048309178,0.0005415295851211089,0.00029928011854036163,0.00010245772752385046
YNR024W,0,92,0.8150979455327282,0.0006452483823528233,0.0005259406308141026,0.0001220813871683958
YDL153C,1,125,0.7459354838709678,0.0010555334612690865,0.0007873598631737535,0.00019970757413526809
YIL091C,1,63,0.8617511520737328,0.00016403396670017358,0.0001413564597830989,3.1035326465245825e-05
YOR001W,0,165,0.5039911308203991,0.0077404269170290784,0.003901106514946141,0.001464493489872543
YOR004W,1,63,0.8315412186379928,0.0005839026482557702,0.0004855391196965544,0.0001104747368919187
YJL069C,1,151,0.7120529801324503,0.00603142066483581,0.004294691058828783,0.0011411484654550593
YPL204W,1,82,0.25564588979223124,0.03296430090789645,0.008427188036978044,0.00623686582087686
YHR081W,0,144,0.6283022533022533,0.0018132661479245992,0.0011392792065777226,0.00034307106022791263
YGR251W,1,97,0.9087199312714777,0.0003316121093408721,0.000301342533209027,6.274121317833051e-05
YLR051C,1,106,0.8636118598382749,0.0024918618134066495,0.0021520014151360928,0.0004714617736868581
YCL031C,1,146,0.7336797354747284,0.001091764020518031,0.0008010051377744949,0.00020656241802479423
YDL148C,1,159,0.6535307698431654,0.004873209664020292,0.0031847924633343345,0.0009220142382638646
YOR056C,1,76,0.7578947368421053,0.000738126883124936,0.0005594224798420568,0.0001396540561164915
YDR083W,0,94,0.9418897277510867,0.0003825925397012779,0.00036035998305883343,7.238674167101099e-05
YOL010W,1,138,0.7968898762297684,0.000244045418414093,0.0001944773232744486,4.617354189009487e-05
YPR144C,1,178,0.5821748238430775,0.003668142606019971,0.0021355002754909636,0.0006940148164982889
YDL213C,0,99,0.891156462585034,0.0016969872081584732,0.0015122811174745577,0.00032107101396145507
YHR069C,1,108,0.7445482866043613,0.0011776693964838433,0.0008768317313384377,0.00022281576750997646
YIL019W,1,89,0.9882533197139939,1.301816551984635e-06,1.2865245291574406e-06,2.4630448498848045e-07
YOR287C,1,98,0.9027982326951399,0.00044204305241958054,0.0003990756864995624,8.363481490764277e-05
YHR196W,1,139,0.7851110416015014,0.00033017328923423065,0.0002592226950196806,6.246898753730827e-05
YBR247C,1,188,0.5576857435430652,0.005438916964519004,0.003033206451426772,0.00102904640427154
YGR145W,1,140,0.7648509763617677,0.0010507524353728474,0.0008036690261094276,0.00019880300112204704
YHR065C,1,29,0.8719211822660099,1.2907994369131818e-05,1.1254753711016413e-05,2.4422004010291174e-06
YDR449C,1,153,0.6935844513243894,0.0027834077412616817,0.0019305283310350415,0.000526622440910937
YLR129W,1,148,0.7377275234418091,0.00043966662820040203,0.0003243541727622933,8.318519399713385e-05
YHR148W,1,158,0.6754011126340401,0.0005484195728451065,0.00037040318968986993,0.00010376131740012682
YDL060W,1,139,0.674799291001981,0.002505824352210682,0.0016909284962472663,0.00047410349453763076
YML093W,1,135,0.6796019900497512,0.003374646496958188,0.0022934164750472064,0.0006384851738014133
YNL308C,1,98,0.888701872501578,0.0005753938206593421,0.0005113535658457945,0.00010886486152522515
YNL232W,1,110,0.7214345287739783,0.0061571489701619676,0.0044419798658799844,0.0011649363374441068
YJL050W,1,181,0.47476979742173114,0.017650208141844217,0.008379785743954768,0.003339430136826018
YPL126W,1,143,0.7607603663941692,0.0002346706936740644,0.00017852816290145508,4.4399838256137104e-05
YJL010C,1,103,0.8444698267656577,0.0010731576644320035,0.0009062492669751318,0.0002030420841142331
YGR095C,1,108,0.7447213568708896,0.0018128881527098139,0.0013500965249412132,0.00034299954330291744
YBR143C,1,38,0.17354196301564723,0.010269922408172228,0.0017822624947325914,0.001943075578321861
YGR090W,1,162,0.6474963576412852,0.00630243114086714,0.004080801207996483,0.0011924238126793797
YJL124C,0,37,0.2222222222222222,0.004082864185999916,0.0009073031524444258,0.0007724803921701021
YKL143W,0,92,0.5912565695174391,0.006472536694866557,0.003826929842282544,0.0012246078871617889
YLR409C,1,156,0.6777502067824649,0.0015923953436704488,0.001079246273452081,0.00030128216945995127
YLR003C,0,91,1.0,0.0,0.0,0.0
YNL075W,1,152,0.706692227256884,0.0023384298032666463,0.0016525501659543833,0.0004424323438638404
YPL012W,1,114,0.7329607203850333,0.005334308628948349,0.003909838695430082,0.0010092544434311646
YBL005W,0,5,0.3,7.812565494489757e-05,2.343769648346927e-05,1.478142152690792e-05
YOL051W,0,36,0.5380952380952381,0.0010631506142710157,0.0005720762829172608,0.00020114874412527814
YBR149W,0,2,0.0,0.00065922598597476,0.0,0.00012472595829189683
YCR081W,0,25,0.88,0.00024469163517691704,0.00021532863895568698,4.6295806495438564e-05
YGL013C,0,8,0.10714285714285714,0.00028396315012718914,3.042462322791312e-05,5.372600105687501e-05
YGR056W,0,24,0.75,8.023878907438687e-05,6.017909180579015e-05,1.5181227791993409e-05
YBL007C,0,48,0.12056737588652482,0.020524942281608734,0.0024746384311159467,0.003883331587989821
YJL201W,0,7,0.047619047619047616,0.0001251148921801229,5.957852008577281e-06,2.3671813847991502e-05
YNL152W,0,10,0.35555555555555557,0.0005031205679541107,0.0001788873130503505,9.51907180686328e-05
YLR064W,0,1,0.0,0.0,0.0,0.0
YOR181W,1,47,0.15448658649398705,0.008789832308549338,0.0013579111892023492,0.001663041629476765
YNL106C,0,10,0.17777777777777778,0.0019715531878196145,0.0003504983445012648,0.0003730190646393306
YIL002C,0,5,0.5,0.004580654472512445,0.0022903272362562225,0.0008666626177416077
YHR114W,0,20,0.1736842105263158,0.002549502914503742,0.00044280840094012365,0.0004823675051420653
YBR059C,0,14,0.12087912087912088,0.0022690789056695015,0.000274284263322687,0.00042931111177463955
YBR234C,1,18,0.43137254901960786,0.0010044198738231873,0.0004332791612570612,0.00019003685224086366
YPR171W,0,12,0.18181818181818182,0.0008584536159954359,0.0001560824756355338,0.0001624199473051025
YDR388W,0,44,0.052854122621564484,0.024901613887910963,0.001316152953906499,0.004711400523133227
YJL151C,0,11,0.3090909090909091,0.002897337491172568,0.0008955406790897029,0.00054817801902514
YCR088W,0,24,0.20652173913043478,0.00424751119664833,0.0008772033993078073,0.0008036317069239563
YOR329C,1,6,0.6,9.162537063716505e-05,5.4975222382299026e-05,1.733557596288109e-05
YIR006C,1,30,0.3103448275862069,0.003046054572687839,0.0009453272811789845,0.0005763153814789867
YIR003W,0,8,0.21428571428571427,0.003093903767717015,0.0006629793787965031,0.0005853684783387612
YOR109W,0,12,0.2727272727272727,0.0017763441962419292,0.00048445750806598066,0.00033608540446857725
YNL238W,0,7,0.0,0.0015606203490169143,0.0,0.00029527032110718667
YGL206C,0,49,0.1989795918367347,0.011074675250798978,0.002203634361128368,0.002095335306579285
YNL243W,0,25,0.22,0.002971700603157463,0.0006537741326946419,0.0005622475651310468
YLR337C,0,17,0.3235294117647059,0.0013578218065619517,0.0004392952903582785,0.00025690071328522864
YBR108W,0,5,0.5,1.0974834702650445e-05,5.487417351325223e-06,2.0764454140247604e-06
YCL034W,0,3,1.0,0.0,0.0,0.0
YFR024C-A,0,34,0.08199643493761141,0.006482835071948052,0.0005315693641882538,0.0012265563463816442
YMR109W,0,37,0.15915915915915915,0.0073223045826277455,0.0011654118404782897,0.0013853844893917157
YGR268C,0,7,0.3333333333333333,7.538711993286055e-05,2.5129039977620182e-05,1.4263289033712626e-05
YCR030C,0,21,0.3619047619047619,0.002085041691590286,0.0007545865169564845,0.00039449115871490083
YLR435W,0,11,0.18181818181818182,0.001738176407221534,0.0003160320740402789,0.00032886403552570613
YOR008C,0,8,0.17857142857142858,0.0011098599010388051,0.00019818926804264378,0.00020998616964731546
YBL047C,0,30,0.25517241379310346,0.006430308733152478,0.001640837400873391,0.0012166183310709225
YNL271C,0,43,0.08084163898117387,0.01874854618599808,0.0015156632021903211,0.003547236364129053
YHR016C,0,22,0.19480519480519481,0.0013987065908080756,0.00027247530989767707,0.00026463613938059876
YDL146W,0,12,0.5606060606060606,5.8896341489688964e-05,3.301764598664381e-05,1.1143223702455069e-05
YNL020C,1,9,0.25,0.0002711194018358713,6.777985045896782e-05,5.129595605292114e-05
YNL084C,0,28,0.3386243386243386,0.0033725138301820092,0.001142015265246818,0.0006380816719476706
YBL008W,0,23,0.3359683794466403,0.00021632546034649106,7.267851434565905e-05,4.092890893060892e-05
YOR038C,0,12,0.48484848484848486,0.0015194258714877193,0.0007366913316304094,0.00028747630085392624
YBR215W,0,7,0.8571428571428571,6.783528106765968e-06,5.814452662942258e-06,1.2834476518175304e-06
YJR140C,0,12,0.3939393939393939,0.001157080551510831,0.0004558196112012364,0.0002189203454938295
YNL206C,0,31,0.25161290322580643,0.0011510743406507402,0.00028962515667986364,0.0002177839667387956
YBL009W,0,2,0.0,9.233457042642738e-06,0.0,1.746975699521003e-06
YOR017W,0,4,0.16666666666666666,0.0004302899129864393,7.171498549773988e-05,8.141111376429472e-05
YHR121W,0,27,0.07692307692307693,0.010149528479109599,0.0007807329599315077,0.0019202969735727486
YBL010C,0,2,0.0,1.2974049624154734e-05,0.0,2.4546980955348437e-06
YBL011W,0,2,1.0,0.0,0.0,0.0
YKR067W,0,5,0.2,0.00023776537746188035,4.755307549237607e-05,4.4985354314753945e-05
YBL014C,1,23,0.691699604743083,5.857104250529535e-05,4.051356695030311e-05,1.1081676936364103e-05
YBL025W,0,17,0.36764705882352944,0.0036527781053977445,0.001342933126984465,0.0006911078436171303
YJL148W,0,32,0.3810483870967742,0.0031312069724397547,0.001193141366514342,0.000592426267405621
YMR270C,1,13,0.6410256410256411,0.00014231903491101935,9.123015058398677e-05,2.6926848137225042e-05
YOR295W,0,12,0.7424242424242424,7.403841776541295e-05,5.496791621977628e-05,1.4008113761705524e-05
YDR156W,0,18,0.9084967320261438,1.4841877196785012e-05,1.3483796930412526e-05,2.8080922105678917e-06
YKL125W,1,31,0.7010752688172043,0.000435744328822827,0.0003054895724650357,8.244309256456914e-05
YMR233W,0,12,0.3181818181818182,0.0001978705721095325,6.295881839848761e-05,3.743723282939915e-05
YJL025W,1,52,0.38310708898944196,0.00224621664370044,0.0008605415196077101,0.0004249855578773743
YLR141W,1,12,0.7424242424242424,7.403841776541295e-05,5.496791621977628e-05,1.4008113761705524e-05
YNL248C,0,37,0.5555555555555556,0.0017316026289687025,0.0009620014605381681,0.0003276202726740787
YOR340C,1,36,0.6444444444444445,0.00028679462872916925,0.0001848232051810202,5.4261718533929216e-05
YJR063W,0,33,0.6496212121212122,0.0004126450334826237,0.00026806296682678016,7.807269180903109e-05
YOR341W,1,51,0.3952941176470588,0.003639646753843358,0.0014387309521074918,0.0006886233839005326
YBL016W,0,26,0.16,0.0035897968491319225,0.0005743674958611076,0.0006791917515496023
YHR030C,0,46,0.05507246376811594,0.019293286901727325,0.001062528843863244,0.0036503016395208897
YDR480W,0,7,0.3333333333333333,0.00032131754009962345,0.00010710584669987448,6.079347440417033e-05
YBR091C,0,10,0.4444444444444444,0.0003821695134840061,0.0001698531171040027,7.230670485290255e-05
YNL053W,0,5,0.5,4.174397959861241e-05,2.0871989799306204e-05,7.897986379671732e-06
YPL049C,0,13,0.23076923076923078,0.0008863370325609952,0.0002045393152063835,0.00016769550671201684
YER075C,0,5,0.8,1.5703342003551305e-05,1.2562673602841045e-05,2.9710818770019203e-06
YGR040W,0,29,0.19458128078817735,0.003588724336441673,0.0006982985777805226,0.0006789888314949964
YNL246W,0,12,0.22727272727272727,0.0012939994166517325,0.0002940907765117574,0.00024482547821957706
YJL128C,0,18,0.20915032679738563,0.006866893201285507,0.0014362129571316093,0.0012992203785049795
YOR208W,0,5,0.8,1.5713817882139402e-05,1.2571054305711522e-05,2.9730639196149976e-06
YDL159W,0,14,0.3626373626373626,0.000732965431566095,0.00026580065100748496,0.00013867750633606718
YPL140C,0,8,0.5714285714285714,8.19358580078678e-05,4.6820490290210174e-05,1.550231426843568e-05
YLR259C,1,30,0.17471264367816092,0.00803555885445369,0.0014039137308930584,0.0015203326322925721
YBR072W,0,9,0.027777777777777776,0.0007367208697532946,2.0464468604258183e-05,0.00013938803752972434
YOR231W,0,17,0.2426470588235294,0.0019903637558855137,0.00048295591135457316,0.00037657803558093433
YDL230W,0,3,0.3333333333333333,2.359138376547428e-05,7.863794588491425e-06,4.463504185487821e-06
YHR005C,0,14,0.1978021978021978,0.0014350358556594568,0.000283853246174398,0.0002715096584302591
YDR103W,0,13,0.2948717948717949,0.001045900429071874,0.00030840653677760387,0.00019788499857299337
YBL017C,0,12,0.12121212121212122,0.0018350849229874513,0.00022243453611969107,0.00034719918576660123
YMR297W,0,14,0.3076923076923077,0.0007830432146216883,0.00024093637372975027,0.00014815225340858586
YHR012W,0,14,0.26373626373626374,0.004079629482819347,0.0010759462372270806,0.0007718683843570459
YOR069W,0,12,0.24242424242424243,0.0016431902773906785,0.000398349158155316,0.00031089260187526507
YHR108W,0,17,0.23529411764705882,0.0024536151636270777,0.0005773212149710771,0.0004642254842402914
YMR010W,0,6,0.06666666666666667,0.002851689142684954,0.00019011260951233024,0.0005395413236722688
YJL154C,0,18,0.20261437908496732,0.0032463357827287142,0.0006577543089188898,0.0006142087084740869
YJL053W,0,12,0.3484848484848485,0.0012380863251259943,0.000431454325422695,0.00023424668722835354
YHR041C,0,65,0.5567307692307693,0.004886883084878223,0.002720678178985088,0.0009246012578230409
YBL019W,0,7,0.19047619047619047,0.0002334258735862105,4.4462071159278186e-05,4.416431753689694e-05
YDL164C,1,18,0.21568627450980393,0.002330004348670844,0.0005025499575564566,0.00044083824271967437
YBR088C,1,67,0.08683853459972862,0.024387607192158316,0.0021177840709608307,0.004614150143050887
YKL114C,0,3,0.3333333333333333,4.074419067064541e-06,1.3581396890215134e-06,7.70882570520905e-07
YBL020W,1,1,0.0,0.0,0.0,0.0
YGL011C,1,64,0.45882936507936506,0.009980079015306849,0.004579153318035136,0.0018882370317553833
YBL021C,0,7,0.23809523809523808,0.0035905420682313515,0.0008548909686265122,0.0006793327474573657
YOR358W,0,7,0.2857142857142857,0.00016656047124953552,4.758870607129586e-05,3.15133426656874e-05
YKL109W,0,9,0.19444444444444445,0.00024278669468675247,4.7208523966868536e-05,4.593539059379068e-05
YGL045W,0,9,0.1111111111111111,0.0010959283173489305,0.00012176981303877005,0.00020735030552300604
YIR018W,0,4,0.5,0.0010827224745712425,0.0005413612372856212,0.00020485175202156333
YHR187W,0,7,0.6666666666666666,3.0384416369129766e-05,2.025627757941984e-05,5.748750093909078e-06
YGL237C,0,26,0.1076923076923077,0.005212843424981401,0.0005613831380749201,0.0009862731528172985
YBL022C,0,6,0.2,0.00043639154720723157,8.727830944144632e-05,8.256554667732628e-05
YOR136W,0,22,0.18181818181818182,0.006530268528387867,0.0011873215506159759,0.0012355307852469522
YLR180W,0,23,0.07905138339920949,0.004568930248852422,0.0003611802568262784,0.0008644443874801554
YJR046W,1,29,0.3866995073891626,0.003372173794450306,0.0013040179451445765,0.0006380173369800078
YOR060C,1,21,1.0,0.0,0.0,0.0
YJL194W,1,45,0.39191919191919194,0.003197234869555328,0.0012530577064519873,0.0006049187857786058
YKL108W,1,56,0.37987012987012986,0.006987283786912552,0.0026542603995739237,0.001321998350674042
YPR162C,1,38,0.5903271692745377,0.0003494130861643661,0.00020626803806289036,6.610916884160612e-05
YNL182C,1,87,0.6573108794439989,0.0028378309863189366,0.0018653371813307311,0.0005369193520423813
YPR120C,1,24,0.16666666666666666,0.0009417368632771209,0.00015695614387952015,0.00017817718844527028
YPL001W,0,24,0.31521739130434784,0.001961918913270339,0.0006184309617917374,0.00037119625402328853
YNL216W,1,41,0.13658536585365855,0.004346472226319771,0.0005936644992046516,0.0008223551940466193
YOR080W,0,21,0.7476190476190476,0.00012573272235745872,9.400017814343342e-05,2.378870769406148e-05
YMR078C,0,20,0.3105263157894737,0.0018215276210773387,0.0005656322612819104,0.0003446341359831176
YJL106W,0,21,0.49047619047619045,0.001059993803640496,0.0005199017227379575,0.00020055147363016039
YGL113W,1,25,0.8366666666666667,5.2346499573071824e-05,4.3796571309470095e-05,9.903989620226725e-06
YHR118C,1,39,0.4750337381916329,0.0016971779860094753,0.0008062168030706279,0.0003211071092471285
YBR126C,0,18,0.05228758169934641,0.013804760117402129,0.0007218175224785427,0.002611869027108804
YDR052C,1,30,0.45057471264367815,0.0006114195077844978,0.0002754901690247392,0.00011568094348407731
YLL004W,1,42,0.4912891986062718,0.0009356747242479463,0.0004596868854319179,0.00017703022804656194
YBL024W,0,4,0.0,5.593965356100014e-05,0.0,1.0583816544482512e-05
YDR382W,0,44,0.7885835095137421,0.00014447250647836663,0.00011392863618695721,2.7334286270135695e-05
YJR087W,0,1,0.0,0.0,0.0,0.0
YDL113C,0,11,0.509090909090909,0.0006281915309164164,0.0003198065975574483,0.00011885422048184193
YBR274W,0,7,0.047619047619047616,0.00020078350496511644,9.561119284053164e-06,3.7988361500875055e-05
YIL141W,0,1,0.0,0.0,0.0,0.0
YBR055C,1,51,0.8,0.000235845686552651,0.0001886765492421208,4.46221476248298e-05
YGR091W,1,63,0.5381464413722479,0.003142310174842604,0.0016910230382793535,0.0005945270000667533
YLR298C,1,44,0.821353065539112,6.577020866355803e-05,5.402056250696045e-05,1.2443763560822935e-05
YCR066W,0,17,0.22058823529411764,0.0012203347177483222,0.0002691914818562475,0.00023088807229431415
YPR082C,1,47,0.8538390379278445,0.00020257088514695807,0.00017296292968607056,3.8326534920544646e-05
YDL175C,0,17,0.27941176470588236,0.0007874728722054201,0.0002200291848809262,0.00014899034732294964
YDL160C,0,48,0.14893617021276595,0.008593709324709965,0.0012799141547440373,0.0016259350414130952
YPR184W,0,7,0.047619047619047616,0.0012742005087110833,6.0676214700527776e-05,0.0002410795127713566
YOR308C,0,62,0.6959280803807509,0.00035269277154250566,0.0002454488034637427,6.672968731385584e-05
YBL066C,0,3,0.3333333333333333,5.268949895797555e-05,1.7563166319325182e-05,9.96888531288118e-06
YOL149W,1,43,0.28460686600221485,0.0028012664366165235,0.0007972596613626208,0.0005300013169555185
YIL048W,1,7,0.14285714285714285,0.002547480235853853,0.0003639257479791218,0.0004819848131088455
YEL015W,0,20,0.4,0.0012219972157715797,0.0004887988863086319,0.00023120261793347396
YPR178W,1,57,0.6340852130325815,0.0007607007358693481,0.0004823490881577571,0.00014392504281269064
YNL118C,1,47,0.19148936170212766,0.005775918615805059,0.0011060269689839475,0.0010928073220703935
YDR473C,1,48,0.8687943262411347,0.0004992593595328476,0.00043375369888492074,9.446017508223234e-05
YDL098C,1,43,0.973421926910299,3.665662520630582e-06,3.568236274235085e-06,6.935455828312029e-07
YGR075C,1,44,0.959830866807611,1.87139243142152e-05,1.7962202195885203e-05,3.5406858848884726e-06
YBR152W,1,44,0.959830866807611,1.8726408586606274e-05,1.797418498587579e-05,3.5430479168330285e-06
YMR268C,1,8,1.0,0.0,0.0,0.0
YJR022W,1,57,0.5983709273182958,0.002895895477551946,0.0017328196623196167,0.0005479051891693265
YEL057C,0,95,1.0,0.0,0.0,0.0
YFL034C-A,0,135,0.8080707573244886,0.0012184248191001775,0.0009845734663132336,0.00023052671830615484
YOR253W,0,60,0.7898305084745763,0.0010522841281057173,0.0008311261079614648,0.00019909279832055015
YNL135C,0,116,0.7308845577211395,0.01043811204287342,0.007629054903899239,0.0019748971597054465
YHR013C,0,65,0.7264423076923077,0.0014242074860961673,0.0010346045728323598,0.0002694609243098602
YDR139C,0,134,0.6731006621030188,0.011243386770836503,0.0075679310797303724,0.0021272556289865523
YMR121C,0,147,0.8487559407324574,0.0005254596497570558,0.0004459869993464975,9.941728595963228e-05
YHR085W,1,72,0.8998435054773083,0.00025166364478992643,0.00022645789632896353,4.7614914963101745e-05
YLR406C,0,86,0.7283173734610123,0.001095638075977812,0.0007979722457600372,0.00020729539167871152
YOR133W,0,125,0.9695483870967742,0.0003903288018750963,0.00037844266029541594,7.385044718892999e-05
YNL023C,0,102,0.9419530188312949,0.001607134161662213,0.0015138448752446238,0.0003040707628061229
YOR298C-A,0,104,0.9615384615384616,0.0012480177370584268,0.001200017054863872,0.0002361257164183704
YGR034W,0,174,0.6671981928111089,0.0012417162164898544,0.0008284708156262785,0.0002349334648865241
YGR169C-A,0,96,0.9894736842105263,4.8140818035148024e-06,4.7634072582146465e-06,9.108272110225277e-07
YPL210C,1,57,0.7863408521303258,0.0016258639905318412,0.0012784832757628199,0.00030761445784258806
YIL137C,0,10,0.26666666666666666,0.00014785476925260955,3.9427938467362544e-05,2.797421244824089e-05
YPL079W,0,127,0.8601424821897263,0.00014548430800523032,0.00012513723380727347,2.7525719735630352e-05
YKR084C,0,117,0.8669319186560566,0.0010263973679449593,0.0008898166394960501,0.00019419500752222647
YHR197W,1,86,0.8065663474692203,0.0016566523117661621,0.0013362000041276733,0.000313439626983139
YPL146C,1,120,0.5887955182072829,0.005268577763849125,0.0031021149746809137,0.0009968181236966905
YLR398C,0,115,0.8102212051868802,0.0013235882154802882,0.0010723992391175913,0.00025042369698994433
YGL099W,1,80,0.7974683544303798,0.0003015127371649211,0.00024044686634670925,5.704639361948248e-05
YOL039W,0,96,0.9267543859649123,0.00032521177962591336,0.0003013914431357697,6.153026689577167e-05
YNL069C,0,157,0.5982361587457129,0.0012879390601369478,0.0007704917160348914,0.00024367885507367757
YIL052C,0,168,0.7821499857428001,0.0013407131372401375,0.0010486387611775584,0.0002536637426231769
YKL122C,1,74,0.872639763050722,0.0005027322528255843,0.00043870415398367357,9.511724860966862e-05
YNL001W,0,109,0.9384981311586816,0.00017006746144450428,0.0001596079947365684,3.2176867347805304e-05
YDR385W,0,155,0.6863845831587767,0.01958886803959877,0.013445497023912286,0.003706225770939212
YPR088C,1,144,0.5950854700854701,0.004229332617349801,0.002516814388743418,0.0008001923086422855
YIR026C,0,58,0.9340592861464004,0.001094769013635332,0.0010225791633714171,0.00020713096455389038
YER019C-A,0,31,0.6129032258064516,0.0009625458260097299,0.000589947441747899,0.0001821142568756771
YDL092W,1,50,0.8408163265306122,8.191259394395233e-05,6.887344633654767e-05,1.5497912693365286e-05
YPL243W,1,94,0.803935026309769,0.009824616854614417,0.007898353609497841,0.0018588234962106317
YIL161W,0,100,0.98,0.00030272832975878006,0.0002966737631636045,5.727638447904699e-05
YHR170W,1,82,0.7115326708822644,0.0020625795798795833,0.0014675927573789386,0.00039024131349037666
YML048W,0,77,0.8455228981544771,0.00010473894218485516,8.855917394577295e-05,1.981667169137627e-05
YOR234C,0,113,0.8350189633375474,0.00048380386458007386,0.00040398540146035247,9.153598601828048e-05
YPR189W,0,116,0.8073463268365817,0.0004944917568867682,0.0003992261035735003,9.355814175612191e-05
YGR245C,1,77,0.8325358851674641,0.0016786824012790824,0.001397563338863925,0.0003176077333445597
YBR283C,0,35,0.4369747899159664,0.004272219930331222,0.0018668524065312902,0.0008083066143947548
YBL029C-A,0,3,0.3333333333333333,4.1548413046118375e-05,1.3849471015372792e-05,7.860985068757702e-06
YKR054C,0,21,0.12380952380952381,0.00933475902993795,0.00115573207037327,0.0017661420972527096
YDL222C,0,3,0.0,8.212120765099196e-05,0.0,1.553738253387054e-05
YDR488C,0,11,0.32727272727272727,0.0005026970666918317,0.00016451904000823583,9.511059137171949e-05
YHR005C-A,0,18,0.38562091503267976,0.001057032262370248,0.00040761374823427866,0.0001999911482170071
YJL019W,1,29,0.08374384236453201,0.006652099156021556,0.0005570723431151056,0.001258581214241262
YMR056C,0,5,0.7,2.6889261216741847e-05,1.882248285171929e-05,5.08746460905998e-06
YIL128W,0,11,0.10909090909090909,0.0022721728374339323,0.00024787340044733807,0.00042989648554997363
YDL217C,1,15,0.4095238095238095,0.0007432992462706507,0.0003043987389489331,0.00014063267037580203
YGL167C,1,17,0.07352941176470588,0.006335602096894747,0.00046585309535990786,0.0011986997777748455
YBL031W,0,3,1.0,0.0,0.0,0.0
YML085C,1,29,0.12315270935960591,0.00861847539528265,0.0010613885954781589,0.0016306207970583852
YFL037W,1,39,0.09716599190283401,0.012452908205903253,0.0012099991779015308,0.0023560978216076826
YMR310C,0,10,0.17777777777777778,0.0004650557877575973,8.267658449023953e-05,8.798883845801573e-05
YLR390W-A,0,2,0.0,1.6405041089056893e-05,0.0,3.1038437716090043e-06
YML117W,0,8,0.21428571428571427,0.0005738119310488918,0.0001229596995104768,0.00010856556704689285
YDR293C,0,44,0.13107822410147993,0.01173464869117544,0.0015381569108940325,0.0022202026836994977
YNL112W,1,31,0.20430107526881722,0.005552102884486674,0.001134300589303729,0.0010504612493071816
YJL078C,0,1,0.0,0.0,0.0,0.0
YLR332W,0,10,0.13333333333333333,0.0013102965907121683,0.00017470621209495578,0.0002479089134836346
YLR018C,0,27,0.811965811965812,0.00020879330885770507,0.00016953302855967506,3.950382127868717e-05
YNR044W,0,2,0.0,0.0010827137017390882,0.0,0.00020485009219637338
YHR135C,0,9,0.19444444444444445,0.0007572445979398175,0.00014724200515496452,0.00014327113941018402
YPL165C,0,49,0.04336734693877551,0.010691247738997857,0.0004636510499055193,0.0020227905876781353
YNL283C,0,7,0.19047619047619047,0.0007132145638159879,0.0001358503931078072,0.00013494063012117394
YNL327W,0,2,0.0,2.2350429388290208e-05,0.0,4.228714861062231e-06
YGR014W,0,8,0.32142857142857145,0.0007966425177314112,0.0002560636664136679,0.00015072524984463214
YNL016W,0,33,0.14772727272727273,0.003040744848835375,0.00044920094357795315,0.0005753107784902489
YGR023W,0,4,0.8333333333333334,4.9425080366074366e-05,4.118756697172864e-05,9.351255325891637e-06
YGL105W,0,28,0.1455026455026455,0.008616215510070155,0.0012536821509361335,0.0016301932253989617
YLR371W,0,18,0.08496732026143791,0.006670161410296838,0.0005667457407441759,0.0012619986037576438
YJL080C,0,40,0.2564102564102564,0.008210257473483702,0.00210519422397018,0.0015533857174778753
YBL034C,1,9,0.25,0.00038973288938999557,9.743322234749889e-05,7.373770018358798e-05
YOR195W,0,9,0.1111111111111111,0.0003605085800153745,4.005650889059716e-05,6.82084430400323e-05
YGR188C,0,24,0.29347826086956524,0.001878325151242298,0.0005512475987341527,0.00035538026330387624
YJR068W,1,24,0.37681159420289856,0.002516224833413222,0.0009481426908513591,0.00047607127191941223
YPL167C,0,17,0.6323529411764706,0.0001806973714755298,0.00011426451431540854,3.418805280375465e-05
YIL139C,0,20,0.39473684210526316,0.00025513020611440224,0.00010070929188726405,4.8270790478284226e-05
YBR278W,0,25,0.4066666666666667,0.0006494944269507491,0.00026412773362663797,0.00012288474139394767
YOL094C,1,22,0.43722943722943725,0.0003512260630179615,0.00015356637387365418,6.645218516717065e-05
YBR087W,1,24,0.36231884057971014,0.0009565919158150035,0.00034659127384601573,0.00018098777343840316
YJL065C,0,16,0.48333333333333334,0.0001787447176924118,8.639328021799903e-05,3.381860951800254e-05
YDR082W,1,8,0.42857142857142855,0.0007285590244323621,0.00031223958189958377,0.00013784381142101248
YBL036C,0,1,0.0,0.0,0.0,0.0
YGR185C,1,19,0.10526315789473684,0.0031466972811909416,0.0003312312927569412,0.0005953570432614489
YBL037W,0,38,0.3456614509246088,0.003389200944889755,0.0011715161160856479,0.0006412388842198368
YGR261C,0,18,0.46405228758169936,0.0017528058631769835,0.0008133935704938943,0.0003316319375079596
YHL019C,0,19,0.7660818713450293,0.0001431386232503686,0.00010965590436139348,2.7081914750503406e-05
YPR029C,0,24,0.5253623188405797,0.0013694863938847333,0.0007194765475119069,0.00025910766031533123
YGR167W,0,36,0.326984126984127,0.010255825942906022,0.0033534922924422866,0.0019404085185028277
YPL195W,0,19,0.4502923976608187,0.002303726489150247,0.0010373505243542048,0.0004358664556841254
YNL265C,0,26,0.16923076923076924,0.005215406918958011,0.0008826073247467403,0.0009867581674399175
YJL084C,0,4,0.16666666666666666,0.00033885598409677563,5.6475997349462603e-05,6.411175869670931e-05
YOL062C,0,37,0.3588588588588589,0.0021322259132967657,0.0007651681580749654,0.0004034184422167731
YDL161W,0,24,0.5144927536231884,0.0016768207198779976,0.000862712109502448,0.00031725550208892866
YPR079W,0,8,0.39285714285714285,0.0003180605294963232,0.00012495235087355553,6.0177246013138656e-05
YKR103W,0,5,1.0,0.0,0.0,0.0
YFL047W,0,16,0.5583333333333333,0.0036985323404669828,0.0020650138900940654,0.0006997645727757741
YHL035C,0,6,0.6666666666666666,9.394846181268468e-05,6.263230787512312e-05,1.777510622902753e-05
YJR125C,0,20,0.5263157894736842,0.0015641093706167902,0.0008232154582193632,0.0002959304461201626
YKL135C,0,47,0.2432932469935245,0.01220008596986018,0.0029681985292074257,0.0023082637004734168
YJR058C,0,35,0.4016806722689076,0.0015770629953946744,0.0006334757242005499,0.00029838127982233573
YBR288C,0,12,1.0,0.0,0.0,0.0
YLL048C,0,9,0.3055555555555556,0.0002616711069791481,7.995506046585081e-05,4.9508332908049666e-05
YJL024C,0,12,1.0,0.0,0.0,0.0
YEL060C,0,15,0.34285714285714286,0.0009634081174699727,0.0003303113545611335,0.00018227740294545264
YDR153C,0,20,0.5473684210526316,0.0006500916664813665,0.0003558396490213796,0.00012299773947711018
YPL259C,0,22,0.5844155844155844,0.0010602418776376823,0.0006196218765415027,0.0002005984093816093
YMR032W,1,43,0.1406423034330011,0.009306384317964657,0.0013088713271113084,0.0017607735844552468
YLR170C,0,23,0.5296442687747036,0.0027909500466333646,0.0014782106966358534,0.0005280494496836908
YCR045C,0,9,1.0,0.0,0.0,0.0
YJR005W,0,36,0.38571428571428573,0.0018140503880191017,0.0006997051496645107,0.00034321943893172405
YOR003W,0,9,1.0,0.0,0.0,0.0
YJL005W,1,18,0.1111111111111111,0.005616151079944004,0.0006240167866604449,0.001062579206919957
YJL200C,0,2,0.0,7.726655609145744e-05,0.0,1.4618879500285063e-05
YBR268W,0,69,0.7919863597612958,0.0001276359090243146,0.00010108589896299085,2.4148791771270553e-05
YCL014W,0,13,0.07692307692307693,0.0016726917029644555,0.00012866859253572735,0.0003164742895725812
YKL167C,0,71,0.779476861167002,0.00015613569035423386,0.00012170415783346116,2.9540967767226794e-05
YHR038W,0,98,0.6955606985062066,0.0003525738033930601,0.00024523648096306687,6.670717846747918e-05
YOL114C,0,44,0.9809725158562368,7.482236456417474e-07,7.339868320883104e-07,1.415643697378408e-07
YDL202W,0,86,0.6136798905608755,0.004234743723678284,0.0025987770649002436,0.0008012160932572707
YJR138W,0,21,0.1761904761904762,0.004335716378581029,0.0007639119333690386,0.0008203201810996211
YLR189C,0,2,1.0,0.0,0.0,0.0
YNL185C,0,92,0.6039178213091256,0.0011108516120955482,0.0006708630853744734,0.00021017380198361975
YOL023W,0,47,0.8334875115633672,0.0001509482533586764,0.00012581348406675988,2.8559501526339693e-05
YDR116C,0,71,0.648692152917505,0.0008247706755124018,0.0005350222651613649,0.00015604711443865628
YOR187W,0,101,0.5588118811881189,0.008841091155837385,0.0049405067805491296,0.001672739834621828
YBL039C,0,25,0.15666666666666668,0.002828944893982906,0.00044320136672398863,0.0005352380979570423
YMR012W,0,24,0.11231884057971014,0.0033367988206992284,0.00037478537478868146,0.0006313243703880889
YLR289W,0,81,0.6762345679012346,0.0009800535291203416,0.0006627460747847742,0.0001854267249737485
YIL094C,0,18,0.013071895424836602,0.0023784494923127395,3.109084303676784e-05,0.00045000409342015843
YGR124W,0,6,0.3333333333333333,0.002448205255455652,0.0008160684184852173,0.0004632019263173516
YOR117W,1,74,0.4131803035912625,0.0074376766497811575,0.003073101496170223,0.0014072129548071814
YOR261C,1,55,0.6511784511784512,0.0022008586153168907,0.0014331517043848037,0.00041640379126511916
YOR388C,0,1,0.0,0.0,0.0,0.0
YJR103W,0,3,0.3333333333333333,5.088595399420577e-06,1.6961984664735256e-06,9.627653506619643e-07
YGL048C,1,65,0.48990384615384613,0.002322015577055221,0.0011375643620284953,0.00043932676226148167
YJR109C,0,9,0.1388888888888889,0.0005729960148703381,7.958277984310253e-05,0.0001084111952086749
YDR394W,1,56,0.6357142857142857,0.001517814378431823,0.0009648962834316588,0.0002871714053856746
YBL039W-B,0,3,0.0,0.0005073856129365399,0.0,9.599766717851194e-05
YGR028W,0,7,0.09523809523809523,0.003085324184917882,0.0002938403985636078,0.0005837452160445964
YDR335W,0,25,0.09666666666666666,0.0030516029626892972,0.0002949882863932987,0.0005773651402485623
YJR132W,0,15,0.08571428571428572,0.003873620290266571,0.00033202459630856323,0.0007328913195799472
YBR017C,0,48,0.13829787234042554,0.008988368103197144,0.0012430721844847114,0.0017006047228158053
YBL041W,1,50,0.726530612244898,0.0032843745352613943,0.002386198641945013,0.0006214056636348449
YGR253C,1,52,0.6847662141779789,0.001501743209307121,0.0010283430121047253,0.0002841307303931898
YER021W,1,51,0.7545098039215686,0.0008097228032241451,0.0006109437934914726,0.00015320004783124443
YPR108W,1,52,0.702865761689291,0.0004098711801729305,0.00028808441924673545,7.754787707239558e-05
YBR295W,0,17,0.6691176470588235,0.0012238776874985474,0.0008189181585468221,0.00023155840433021325
YHR027C,0,90,0.3081148564294632,0.014105496653856612,0.004346113076369303,0.0026687685630808395
YOR259C,1,52,0.7239819004524887,0.001716647395748887,0.0012428216439810947,0.00032479073343487207
YMR314W,1,52,0.6953242835595776,0.0021052547885179232,0.0014638347775365952,0.00039831548897187444
YDR182W-A,0,30,1.0,0.0,0.0,0.0
YKL206C,0,17,0.8823529411764706,0.00013555301652027536,0.00011960560281200767,2.564671333434964e-05
YDR363W-A,0,53,0.5834542815674891,0.0033575782013666577,0.0019589933772850457,0.0006352558418737358
YGR135W,0,60,0.5344632768361582,0.007362294556278735,0.003934876073581743,0.0013929506167771708
YFR010W,0,47,0.7530064754856615,0.0022530919861243333,0.0016965928554164731,0.0004262863768539459
YOR157C,1,53,0.6197387518142236,0.011470938549222291,0.0071089851386326825,0.0021703085641317384
YPR103W,1,55,0.632996632996633,0.002679157732534909,0.0016958978239614913,0.0005068982757277958
YDL007W,1,51,0.7498039215686274,0.0015642735897371054,0.0011728984719911158,0.0002959615164778046
YIL075C,1,56,0.6357142857142857,0.0012128225321357327,0.0007710086097148586,0.0002294667621983364
YLR199C,0,19,0.7017543859649122,0.0010302694180309678,0.0007229960828287493,0.00019492760175820385
YJL001W,1,53,0.6988388969521045,0.000879708592997819,0.0006147745827698837,0.00016644140190716055
YOL038W,1,52,0.6704374057315233,0.001596218531487266,0.0010701646112309046,0.00030200551892482004
YOR362C,1,54,0.6191474493361285,0.0036413016233512847,0.002254502612361452,0.0006889364862199429
YML092C,1,56,0.6116883116883117,0.0033476613008585664,0.0020477252892264737,0.0006333795582540478
YIL007C,0,39,0.7732793522267206,0.0026637489660673087,0.0020598220749751253,0.000503982927721716
YDR142C,0,16,0.375,0.0017371982835247073,0.0006514493563217652,0.0003286789739261784
YFR050C,1,56,0.5961038961038961,0.003961407919104754,0.002361410694635172,0.0007495007924556644
YLR421C,0,49,0.7329931972789115,0.0005118747444863675,0.0003752007055673884,9.684701360350567e-05
YDL147W,1,60,0.5463276836158192,0.011909084930436612,0.006506262784029493,0.002253206126472637
YDR244W,0,40,0.20512820512820512,0.016497963469556242,0.0033841976347807673,0.0031214247426282343
YDR427W,1,60,0.5666666666666667,0.0020009810531442644,0.0011338892634484164,0.0003785868346926828
YER094C,1,49,0.7551020408163265,0.0011002609722581189,0.0008308093055826611,0.00020817004647223086
YCR076C,0,14,1.0,0.0,0.0,0.0
YFL007W,0,43,0.6378737541528239,0.0014009720754740056,0.0008936433172458773,0.0002650647704600243
YBR173C,0,20,0.7105263157894737,0.00027046952998168377,0.00019217571867119636,5.117299990206398e-05
YBL042C,0,1,0.0,0.0,0.0,0.0
YGR130C,0,9,0.1388888888888889,0.007068368322066196,0.000981717822509194,0.0013373395941396454
YBL043W,0,3,0.3333333333333333,3.6954067742020346e-05,1.2318022580673449e-05,6.991732137336636e-06
YKR083C,1,18,0.45098039215686275,0.0018708230808873192,0.0008437045266746734,0.00035396086702080287
YBL044W,0,3,0.0,0.00018747767287595368,0.0,3.547088996076584e-05
YJL159W,0,6,0.06666666666666667,0.0022156925591997503,0.00014771283727998334,0.0004192103824878576
YMR304W,0,67,0.23428312980551785,0.03187145616217556,0.007466944501133848,0.006030098928985069
YKL195W,1,19,0.15204678362573099,0.012542324162826453,0.001907020048149051,0.0023730153751494207
YER004W,0,7,0.3333333333333333,0.0003193643319639698,0.00010645477732132327,6.042392623458064e-05
YDR316W,0,2,0.0,4.29235574965476e-05,0.0,8.121163236819384e-06
YMR157C,0,2,0.0,4.29235574965476e-05,0.0,8.121163236819384e-06
YPR134W,0,3,0.3333333333333333,0.00015265025057782387,5.088341685927462e-05,2.8881520437433465e-05
YIL077C,0,3,0.0,0.0001990744932075934,0.0,3.7665015434845824e-05
YPR010C-A,0,2,0.0,3.1814241287099e-05,0.0,6.019273839752699e-06
YPR125W,1,4,0.3333333333333333,0.0005047218587254027,0.00016824061957513423,9.549368325841979e-05
YOL027C,0,4,0.5,4.400520220559051e-05,2.2002601102795256e-05,8.325811074946174e-06
YFL016C,0,8,0.03571428571428571,0.0008305111465227223,2.966111237581151e-05,0.0001571332150521665
YLR077W,0,2,0.0,0.0001255790388153979,0.0,2.3759630674245755e-05
YKL150W,0,2,0.0,0.0003258410097499689,0.0,6.164931761870837e-05
YDR079W,0,2,0.0,4.29235574965476e-05,0.0,8.121163236819384e-06
YER141W,0,3,0.3333333333333333,6.71121152308629e-06,2.23707050769543e-06,1.2697653101141661e-06
YLR090W,0,6,0.4666666666666667,0.00028852320902662956,0.00013464416421242714,5.458876697964004e-05
YDR194C,0,9,0.16666666666666666,0.0002197676444751614,3.662794074586023e-05,4.158017226548905e-05
YIL070C,0,36,0.25555555555555554,0.014687772279053081,0.003753541804646898,0.0027789354662183983
YOL053W,0,1,0.0,0.0,0.0,0.0
YBR255C-A,0,2,1.0,0.0,0.0,0.0
YOR205C,0,4,0.16666666666666666,0.0009362971682483832,0.00015604952804139718,0.0001771479948307744
YDL189W,0,5,0.2,5.976896261705538e-05,1.1953792523411078e-05,1.1308324151545525e-05
YMR241W,0,4,0.3333333333333333,0.000112134472615298,3.7378157538432664e-05,2.1215910555799898e-05
YKL133C,0,4,0.5,5.0630593631190585e-05,2.5315296815595293e-05,9.579339170315468e-06
YJL003W,0,17,0.7058823529411765,0.0004743063540854882,0.00033480448523681526,8.973905124473243e-05
YPL132W,0,3,0.3333333333333333,4.659060414540951e-05,1.553020138180317e-05,8.814970697555468e-06
YLR132C,1,5,0.3,0.00031920375828595556,9.576112748578666e-05,6.0393545596843545e-05
YDL112W,0,8,0.75,6.114604221957488e-05,4.585953166468116e-05,1.1568868451562007e-05
YGR241C,0,11,0.32727272727272727,0.0002969913176127322,9.719715849143963e-05,5.619093828476504e-05
YDR348C,0,4,0.16666666666666666,5.176028143038011e-05,8.626713571730018e-06,9.793076790376417e-06
YOL016C,0,4,0.16666666666666666,7.092883259373664e-05,1.1821472098956107e-05,1.3419778352181103e-05
YJR134C,0,8,0.25,0.0010398764600031537,0.00025996911500078844,0.00019674525995406456
YBL048W,0,1,0.0,0.0,0.0,0.0
YBL049W,0,8,0.5357142857142857,0.0005654680596923262,0.0003029293176923176,0.00010698690150130891
YDR255C,0,10,0.6,0.0005105060123959218,0.00030630360743755307,9.658804865786069e-05
YCL039W,0,9,0.7222222222222222,0.0005337685046761029,0.00038549947559940765,0.00010098932637389799
YGL227W,0,10,0.7333333333333333,0.00011011184080281264,8.074868325539594e-05,2.0833227384245474e-05
YGR172C,1,18,0.1830065359477124,0.01118330157222795,0.002046617281192043,0.002115887472792695
YIL097W,0,9,0.8333333333333334,7.118535496909211e-05,5.93211291409101e-05,1.3468312541928214e-05
YMR135C,0,13,0.4358974358974359,0.000881313822161179,0.00038416243530102674,0.00016674511224312695
YIL017C,0,10,0.7333333333333333,0.00011011184080281264,8.074868325539594e-05,2.0833227384245474e-05
YIL034C,0,18,0.0718954248366013,0.002384785745084963,0.00017145518428715419,0.0004512029163061019
YBR080C,1,35,0.4638655462184874,0.005180851193093222,0.0024032183685608896,0.0009802202030473506
YDR189W,1,20,0.5894736842105263,0.0011344634869495857,0.0006687363712544926,0.00021464118309555142
YPL153C,1,52,0.1033182503770739,0.009293381391243548,0.0009601759054301402,0.00175831342279537
YPR031W,0,9,0.6944444444444444,9.59420365847986e-07,6.662641429499903e-07,1.8152291790835736e-07
YBL055C,0,1,0.0,0.0,0.0,0.0
YOR052C,0,19,0.8187134502923976,0.004601117401265697,0.003766996702790629,0.0008705342163322401
YBL056W,0,9,0.16666666666666666,0.0015495657364259783,0.00025826095607099636,0.00029317878166808004
YGR205W,0,2,0.0,2.2444067975747225e-06,0.0,4.2464313388743224e-07
YBR097W,0,18,0.3333333333333333,0.004039241189916497,0.0013464137299721657,0.0007642268947263949
YDR071C,0,6,0.06666666666666667,0.00018970984517115562,1.2647323011410374e-05,3.589321831934839e-05
YGR240C,0,17,0.058823529411764705,0.006138072998059586,0.00036106311753291684,0.001161327151897058
YBL057C,0,4,0.5,0.00010915961183606173,5.4579805918030865e-05,2.0653065083428864e-05
YMR276W,0,26,0.3507692307692308,0.005342156494494528,0.001873864124222696,0.0010107392643751475
YDR408C,0,5,0.6,2.7286529886163833e-05,1.63719179316983e-05,5.162628083418076e-06
YEL037C,0,71,0.3118712273641851,0.01190542053662436,0.003712958115043814,0.002252512820930204
YBL058W,0,26,0.11692307692307692,0.0057504366729915135,0.0006723587494574692,0.001087986122960866
YOR342C,0,2,0.0,7.68521830085557e-06,0.0,1.4540479860472828e-06
YNL071W,0,20,0.3105263157894737,0.006324352323625371,0.001963877826809984,0.0011965713138164433
YDR436W,0,20,0.4105263157894737,0.0005195735804246621,0.00021329862775328233,9.830363805485527e-05
YFR003C,1,6,0.6666666666666666,2.00359931043058e-05,1.3357328736203865e-05,3.7908221056687196e-06
YML013W,0,29,0.31527093596059114,0.0024310373326672688,0.0007664354152251487,0.0004599537448633147
YNL155W,0,7,0.23809523809523808,0.0005583368841967365,0.00013293735338017535,0.00010563767875166268
YFL044C,0,12,0.5757575757575758,0.0014838422393179,0.0008543334105163668,0.00028074385596202085
YMR067C,0,6,0.3333333333333333,0.0002659016696058846,8.86338898686282e-05,5.0308757935217504e-05
YPL179W,0,13,0.717948717948718,4.6475277373842134e-05,3.336686580686102e-05,8.793150802092485e-06
YDR411C,0,17,0.6691176470588235,0.0003090821719808464,0.00020681233566365457,5.84785352996202e-05
YJR098C,0,2,0.0,1.1766902083449411e-05,0.0,2.226305045173594e-06
YPL133C,0,2,0.0,1.718420455502918e-05,0.0,3.2512619742087267e-06
YKL213C,0,29,0.1748768472906404,0.003143365745153276,0.0005497018913937995,0.000594726714612818
YKL193C,1,16,0.38333333333333336,0.0007354067774569151,0.00028190593135848414,0.00013913941046641526
YML016C,0,28,0.25132275132275134,0.007747538621192139,0.0019471327222572838,0.0014658390286342085
YBR273C,0,5,0.9,8.19276559545591e-07,7.373489035910319e-07,1.5500762434951175e-07
YLR377C,0,11,0.2545454545454545,0.0027326886670976267,0.0006955934788975776,0.0005170263611698818
YBL059C-A,0,1,0.0,0.0,0.0,0.0
YBL059W,0,3,0.0,0.0018817722086026294,0.0,0.0003560324486571565
YCR099C,0,2,0.0,6.7368754435075114e-06,0.0,1.2746209394979663e-06
YBL060W,0,6,0.2,0.00026952651745727567,5.390530349145514e-05,5.099458135775532e-05
YJL047C,0,24,0.1956521739130435,0.003701292686367599,0.0007241659603762694,0.0007002868319023807
YOR094W,0,8,0.17857142857142858,0.0023218945954731757,0.0004146240349059242,0.00043930387247243007
YBL061C,0,5,0.1,0.00013123134597643727,1.3123134597643728e-05,2.4829050633743193e-05
YJL020C,0,16,0.21666666666666667,0.001548502890119989,0.00033550895952599765,0.0002929776904992671
YDL044C,0,8,0.25,0.000585753712654381,0.00014643842816359525,0.00011082495940421144
YNL233W,0,14,0.18681318681318682,0.002448304969058558,0.00045737565356038993,0.0004632207921917889
YBL063W,0,7,0.7619047619047619,6.574848353162609e-06,5.009408269076273e-06,1.2439653152621683e-06
YMR198W,1,10,0.28888888888888886,0.0014559415561965117,0.00042060533845677,0.00027546502971222104
YML124C,0,26,0.09538461538461539,0.008520924107997827,0.0008127650687628697,0.0016121640340543949
YPL155C,0,13,0.2948717948717949,0.0005670290324642156,0.0001672008685471405,0.00010728223850103836
YPL253C,0,8,0.7142857142857143,1.2404639935225631e-05,8.860457096589737e-06,2.3469654353798293e-06
YGL216W,0,9,0.5277777777777778,7.139694323057098e-05,3.768172003835691e-05,1.3508345169946126e-05
YBL064C,0,4,0.0,0.00010405621762958965,0.0,1.9687499789454068e-05
YKL086W,0,2,0.0,0.0005078609524494265,0.0,9.608760170403144e-05
YNR031C,0,6,0.4,0.0009127592659027154,0.0003651037063610862,0.00017269460936250662
YDR247W,0,3,0.0,6.868666782731454e-05,0.0,1.2995559411954087e-05
YBL067C,0,3,0.0,4.386310488692621e-06,0.0,8.298926175657947e-07
YOL087C,0,8,0.21428571428571427,0.0005438222109576202,0.00011653333091949004,0.00010289149372929034
YBL068W,0,5,1.0,0.0,0.0,0.0
YER099C,0,7,0.5714285714285714,5.987723417328326e-05,3.421556238473329e-05,1.1328809195966687e-05
YHL011C,0,10,0.3111111111111111,0.0005335660207864846,0.00016599831757801742,0.0001009510162985845
YBR221C,0,33,0.1268939393939394,0.006466974159759461,0.0008206198270906892,0.0012235554521296064
YKL181W,0,7,0.6190476190476191,0.0005022695064949979,0.0003109287421159511,9.502969672191482e-05
YOL061W,0,10,0.3111111111111111,0.004116154919401928,0.0012805815304805998,0.0007787790192178
YBL071C,0,1,0.0,0.0,0.0,0.0
YIL103W,0,7,0.19047619047619047,0.0009840277576914022,0.00018743385860788613,0.00018617865144136738
YKL191W,0,5,0.4,0.000526339930500408,0.0002105359722001632,9.958383561273517e-05
YPL086C,0,14,0.34065934065934067,0.0020229825968036365,0.0006891479175924476,0.00038274954016121577
YGR200C,0,11,0.45454545454545453,0.00048184150719213724,0.00021901886690551693,9.11647068045831e-05
YLR384C,0,15,0.3238095238095238,0.0015245667730994198,0.0004936692408131454,0.000288448962571828
YHL034C,0,27,0.37037037037037035,0.00027398642672441507,0.00010147645434237595,5.1838398909055806e-05
YCL037C,0,74,0.19029988893002592,0.012140718260649573,0.002310377336532351,0.0022970312937109034
YLR330W,0,20,0.1368421052631579,0.007336688111778353,0.0010039678468749325,0.0013881058618726203
YCR047C,0,37,0.8693693693693694,0.0002191495775846672,0.00019052193006234582,4.146323363314525e-05
YJL074C,1,32,0.1592741935483871,0.006333943752674799,0.0010088337831881233,0.0011983860180378033
YPL037C,0,19,0.1871345029239766,0.004740750166123272,0.0008871579258242381,0.000896952820538287
YDL143W,1,33,0.29545454545454547,0.0061227219022781205,0.001808986016582172,0.0011584227152199407
YDR091C,1,88,0.7432079414838035,0.006122791250453941,0.004550507081384917,0.0011584358359370682
YLR192C,0,68,0.8261633011413521,0.0004284590713548318,0.00035397716079446596,8.106471741184314e-05
YMR239C,1,42,0.48548199767711964,0.002913249310245872,0.001414330094869657,0.0005511885448907893
YOL041C,0,26,0.5076923076923077,0.0004780862200058122,0.0002427206963106431,9.045420418038346e-05
YKL074C,0,45,0.6606060606060606,0.0005858098080254359,0.00038698950954407584,0.00011083557268260067
YGL246C,0,15,0.20952380952380953,0.0008259654242785306,0.00017305942222978736,0.0001562731616333116
YMR146C,1,75,0.7772972972972974,0.004871152201241101,0.0037863334407484887,0.0009216249650521828
YMR108W,0,13,0.10256410256410256,0.003381661718414742,0.00034683709932458893,0.0006398124579762093
YDR515W,0,27,0.6923076923076923,0.00025471741312119086,0.00017634282446851675,4.819268979240434e-05
YBL074C,1,18,0.7777777777777778,7.828717791980987e-05,6.089002727096323e-05,1.4811981772196652e-05
YDR283C,0,33,0.08333333333333333,0.0049556260960361455,0.0004129688413363454,0.0009376074774274827
YDR243C,1,39,0.5371120107962213,0.0020509343250802383,0.0011015814593548377,0.0003880380241854899
YHR156C,0,15,0.8666666666666667,0.0001802385462099683,0.0001562067400486392,3.410124278389314e-05
YLL060C,0,7,0.047619047619047616,0.0008688369349962991,4.137318738077615e-05,0.00016438447758786764
YER103W,0,24,0.2210144927536232,0.004464245528976553,0.000986662961114383,0.0008446379746826835
YPL219W,0,4,0.16666666666666666,0.00022276812366527093,3.7128020610878483e-05,4.214786475680967e-05
YDR128W,0,12,0.3181818181818182,0.0005973152160902828,0.00019005484148327178,0.00011301240290009498
YMR123W,0,3,0.0,2.9267854401865504e-05,0.0,5.537495889247533e-06
YNL293W,0,14,0.17582417582417584,0.0022972251473962735,0.00040390771822352065,0.0004346363978622262
YNL073W,0,21,0.36666666666666664,0.0018189418494194574,0.0006669453447871343,0.0003441449064096256
YOL033W,0,23,0.42292490118577075,0.0012443609790696616,0.0005262712441124656,0.0002354338555783947
YDR341C,1,17,0.5367647058823529,0.0004263221737125505,0.00022883469618394255,8.066041507565546e-05
YBR058C,0,13,0.07692307692307693,0.001958598341375237,0.00015066141087501824,0.0003705679997971124
YHR091C,0,15,0.6857142857142857,0.0005568138148101735,0.0003818151872984047,0.00010534951309553608
YGR171C,0,17,0.6764705882352942,0.0006111428878431193,0.00041342018883505134,0.00011562860682259079
YCL050C,0,11,0.10909090909090909,0.0026850423188913715,0.00029291370751542234,0.0005080116430526228
YDR037W,1,20,0.4789473684210526,0.0010455661407479668,0.0005007711516213946,0.00019782175101838817
YHR020W,1,29,0.20689655172413793,0.003842796583537233,0.0007950613621111517,0.0007270594554821744
YOR168W,1,29,0.3275862068965517,0.0017457066391799655,0.0005718694162830921,0.000330288760001315
YLR060W,1,6,0.2,0.00083484374032059,0.000166968748064118,0.00015795294443909222
YPL040C,0,17,0.7205882352941176,0.0010381935415431412,0.0007481100519943223,0.0001964268507558261
YGR264C,1,19,0.5672514619883041,0.0005429600429627424,0.00030799487817184803,0.00010272837101923706
YER087W,0,15,0.5428571428571428,0.0006852431696962024,0.0003719891492636527,0.00012964842530738472
YJL039C,1,40,0.6358974358974359,0.004244450235611616,0.0026990350216196937,0.0008030525712303991
YOR152C,0,3,0.6666666666666666,5.065899315263534e-06,3.3772662101756893e-06,9.584712377080052e-07
YOL083W,0,9,0.2222222222222222,0.004956511830765111,0.0011014470735033579,0.0009377750589779873
YGL180W,1,55,0.13737373737373737,0.022935824218175468,0.003150779892597842,0.004339471919627814
YNR007C,0,22,0.4155844155844156,0.0021146471365824414,0.0008788143944238718,0.0004000925269495656
YJL185C,0,7,0.09523809523809523,0.0007503015574998246,7.145729119045948e-05,0.00014195751192770995
YDL234C,0,3,0.0,7.028317277386931e-05,0.0,1.3297619120784225e-05
YPL231W,1,11,0.12727272727272726,0.0010312387548427977,0.00013124856879817424,0.00019511100087373528
YHR171W,0,11,0.2545454545454545,0.000759045216884206,0.00019321150975234333,0.00014361181761179544
YBL079W,0,44,0.5687103594080338,0.0013533891335123966,0.0007696864205387626,0.0002560620488428934
YLL042C,0,3,1.0,0.0,0.0,0.0
YKR051W,0,1,0.0,0.0,0.0,0.0
YJL061W,1,40,0.6858974358974359,0.0005805001523033512,0.0003981635660029396,0.00010983098258417209
YMR159C,0,14,0.3076923076923077,0.0018866718708870764,0.0005805144218114081,0.00035695946774732585
YNL329C,0,12,0.4696969696969697,0.0007480654896019012,0.00035136409360089305,0.00014153444651871845
YIL146C,0,4,0.0,0.0006323376921824513,0.0,0.00011963867672012916
YKL103C,0,9,0.4722222222222222,0.0003800786980527255,0.00017948160741378702,7.19111212991196e-05
YOR070C,0,7,0.047619047619047616,0.00044027336967344466,2.0965398555878316e-05,8.329998985359388e-05
YKL182W,1,10,0.17777777777777778,0.001864695620566143,0.0003315014436562032,0.0003528015477938397
YOR042W,0,10,0.15555555555555556,0.0008147290096699727,0.0001267356237264402,0.00015414722514167712
YNL223W,0,6,0.4,0.0002072513295764094,8.290053183056376e-05,3.921207785895308e-05
YLR312C,0,4,0.3333333333333333,0.000301389747151243,0.00010046324905041433,5.7023123833942015e-05
YML031W,1,21,0.42857142857142855,0.0008451893164268781,0.00036222399275437627,0.00015991033374320246
YOL082W,0,15,0.17142857142857143,0.002861709439859144,0.0004905787611187104,0.0005414371700041947
YER105C,0,37,0.7042042042042042,0.0011824385837077168,0.000832678221860239,0.0002237181006391712
YML034W,0,15,0.2571428571428571,0.0016375030919476535,0.0004210722236436823,0.0003098165829235604
YJR017C,1,30,0.3218390804597701,0.0033513192268977373,0.0010785854983119153,0.0006340716400898721
YGR037C,0,4,0.0,0.000695157838311178,0.0,0.00013152428665153502
YDR458C,0,9,0.3333333333333333,0.00054635540529174,0.00018211846843058002,0.00010337077564108498
YDR424C,0,32,0.4415322580645161,0.0031227414464710225,0.0013787910822120038,0.0005908245847332764
YJR042W,1,35,0.8050420168067227,0.00010754212617023422,8.65759301437684e-05,2.0347035809726254e-05
YER107C,0,26,0.6153846153846154,0.0003361550238305614,0.00020686463004957628,6.36007353683225e-05
YLR208W,1,63,0.2780337941628264,0.013910383044005055,0.003867556575982972,0.002631852949190797
YGL100W,0,40,0.491025641025641,0.0038808892956597773,0.0019056161541508906,0.0007342666198302187
YKL057C,0,32,0.8104838709677419,0.0001897166500564924,0.00015376228492481844,3.589450580780114e-05
YDR227W,0,32,0.14516129032258066,0.004907599676668772,0.0007123935014519185,0.000928520849614917
YBL080C,0,10,0.17777777777777778,0.000253899675863107,4.5137720153441246e-05,4.8037973404829466e-05
YMR293C,0,5,0.3,0.00033242682496934845,9.972804749080453e-05,6.289535787174221e-05
YOR118W,0,2,1.0,0.0,0.0,0.0
YJL186W,0,2,1.0,0.0,0.0,0.0
YBR208C,0,5,0.1,0.00029335844082686944,2.9335844082686945e-05,5.5503595782932185e-05
YDR242W,0,2,1.0,0.0,0.0,0.0
YBR248C,0,2,0.0,0.001382074766272681,0.0,0.0002614893880427363
YIR023W,0,4,0.16666666666666666,0.00015702085692533037,2.6170142820888395e-05,2.9708441821916432e-05
YBR015C,0,3,0.3333333333333333,0.00017988424295998097,5.9961414319993655e-05,3.403420839307606e-05
YPL104W,0,12,0.15151515151515152,0.008827907734209729,0.001337561777910565,0.0016702455232156352
YBL081W,0,2,0.0,0.00016359466633214322,0.0,3.095221056789607e-05
YPR173C,0,19,0.25146198830409355,0.0070996877981879,0.0017853016100706413,0.0013432652581085855
YBL082C,0,1,0.0,0.0,0.0,0.0
YBL084C,1,42,0.39605110336817656,0.009346378917221579,0.0037016436826626696,0.0017683405870081636
YIL056W,0,9,0.5833333333333334,9.751949356893735e-05,5.688637124854679e-05,1.8450747613568554e-05
YGL003C,0,40,0.4,0.003385860080053332,0.001354344032021333,0.0006406067905567959
YDR161W,0,27,0.7236467236467237,0.0006908824417262792,0.0004999548153802704,0.00013071537901216017
YFR036W,0,24,0.967391304347826,9.82685379088414e-06,9.506412906398787e-06,1.859246725916097e-06
YOR242C,0,2,0.0,1.628842871835531e-05,0.0,3.081780640006359e-06
YNL172W,1,37,0.496996996996997,0.010070793503327676,0.005005154128530722,0.0019054002681721434
YHR166C,1,32,0.6350806451612904,0.0007215077727096916,0.0004582156217813566,0.0001365097102979097
YLR102C,0,29,0.7019704433497537,0.0010652363540502815,0.0007477644357249513,0.0002015433673626067
YOR249C,1,33,0.5795454545454546,0.001505027351534827,0.000872231760548593,0.0002847520921040936
YIR025W,0,24,0.967391304347826,9.820302555023548e-06,9.50007529779452e-06,1.8580072280988193e-06
YNL159C,0,23,1.0,0.0,0.0,0.0
YGR225W,0,24,0.9456521739130435,3.083374199981973e-05,2.9157995152003438e-05,5.833762777063626e-06
YMR119W,0,24,0.9166666666666666,0.00018500037443137032,0.00016958367656208945,3.5002183585335554e-05
YLR127C,1,30,0.6988505747126437,0.0006577148015121811,0.0004596443670338001,0.00012444004127063092
YER064C,0,14,0.23076923076923078,0.0019046542691754306,0.00043953560057894553,0.00036036174846231487
YKL101W,1,31,0.2709677419354839,0.00997658279809284,0.0027033321130316085,0.001887575545327828
YOR339C,0,9,1.0,0.0,0.0,0.0
YKL022C,1,36,0.5317460317460317,0.0012790920833300828,0.0006801521395485361,0.0002420050016702945
YGL116W,1,35,0.5310924369747899,0.001318879734361794,0.0007004470521988688,0.00024953284949288284
YER116C,0,33,0.5151515151515151,0.0012583492067756619,0.0006482405004601895,0.00023808043678507512
YBR054W,0,3,0.3333333333333333,1.8002901303658777e-05,6.000967101219592e-06,3.4061598979795845e-06
YGL240W,0,33,0.6003787878787878,0.0017311861950990019,0.0010393674694060295,0.00032754148313214826
YJL030W,0,17,0.4264705882352941,0.001477627393564003,0.0006301646237258248,0.0002795680033579325
YDR118W,1,31,0.6752688172043011,0.0003969792349850668,0.00026806769846303435,7.510871318624307e-05
YDL008W,1,30,0.6551724137931034,0.0007754231736122679,0.0005080358723666583,0.00014671053700579845
YIL046W,1,34,0.49910873440285203,0.008793619865820515,0.004388972482049455,0.0016637582376206846
YDR182W,1,2,1.0,0.0,0.0,0.0
YDR260C,0,24,0.967391304347826,9.820302555023548e-06,9.50007529779452e-06,1.8580072280988193e-06
YNL008C,0,23,1.0,0.0,0.0,0.0
YER032W,0,10,0.08888888888888889,0.0011742292159859751,0.00010437593030986447,0.00022216488326326516
YER008C,1,24,0.26811594202898553,0.0029021811874790195,0.0007781210430197372,0.0005490944493181659
YDR239C,0,3,0.0,4.6536168818825757e-05,0.0,8.804671500591848e-06
YBR238C,0,2,0.0,1.2313304617449626e-05,0.0,2.3296847375950435e-06
YNL078W,0,9,0.19444444444444445,0.0003756967890317388,7.305215342283809e-05,7.108206144192611e-05
YPL158C,0,7,0.42857142857142855,8.854792434781066e-05,3.7949110434775994e-05,1.6753321249478052e-05
YER158C,0,3,0.3333333333333333,7.84916088894309e-05,2.61638696298103e-05,1.4850660236233265e-05
YBR102C,1,16,0.35833333333333334,0.001981485055650689,0.0007100321449414969,0.0003748981800856484
YOL070C,0,11,0.21818181818181817,0.0005758037909289473,0.00012562991802086122,0.00010894242815007852
YKR055W,0,22,0.04329004329004329,0.0011793248853602869,5.105302534027216e-05,0.00022312898701428758
YER124C,0,5,0.1,0.00014131075890589788,1.413107589058979e-05,2.673608170259254e-05
YJR056C,0,3,0.0,5.478526383809715e-05,0.0,1.036540530540113e-05
YBL086C,0,3,0.0,0.00011613532158514148,0.0,2.197287361909149e-05
YDL182W,0,7,0.14285714285714285,0.0007339943844818698,0.0001048563406402671,0.00013887218485479622
YOL098C,0,3,0.0,0.004458248149952796,0.0,0.0008435032669164663
YKL117W,0,32,0.125,0.006246094156407131,0.0007807617695508914,0.0011817648208866634
YPL208W,0,5,0.1,0.0011634022983274498,0.00011634022983274499,0.0002201164238441325
YDR361C,1,6,0.13333333333333333,0.0005919286730319622,7.89238230709283e-05,0.0001119932656707939
YDR292C,1,34,0.6417112299465241,8.380796536145991e-05,5.378051253141813e-05,1.585651812063489e-05
YGL022W,1,79,0.7020447906523856,0.002246463357198481,0.0015771178973126628,0.00042503223622155587
YKL104C,1,24,0.06159420289855073,0.014796348803045084,0.0009113693103324871,0.0027994782107263858
YMR167W,0,37,0.7342342342342343,0.0012530633549270667,0.0009200420128518554,0.0002370803503940173
YDR369C,0,9,0.25,0.0002959508698376677,7.398771745941693e-05,5.5994084931653195e-05
YNL082W,0,34,0.8556149732620321,0.00017741477102971027,0.0001517987345708751,3.356698279892337e-05
YMR106C,0,17,0.20588235294117646,0.0008347324932193115,0.00017185668978044645,0.0001579318964197341
YGR099W,1,18,0.24836601307189543,0.0030493335883622196,0.0007573508258677408,0.0005769357732428772
YGL175C,0,14,0.14285714285714285,0.0018366040464212546,0.0002623720066316078,0.0003474866048460609
YDL122W,0,10,0.17777777777777778,0.001259232979197294,0.00022386364074618564,0.00023824764706583648
YDL101C,0,12,0.07575757575757576,0.0009370128784282545,7.098582412335261e-05,0.00017728340763297412
YLR453C,0,9,0.5,6.629276244627844e-05,3.314638122313922e-05,1.2542631054968341e-05
YBL091C,0,3,0.0,0.00024167522931945452,0.0,4.572510066894873e-05
YLR244C,0,4,0.0,0.005825128813785826,0.0,0.0011021179215180313
YHR073W,0,6,0.06666666666666667,0.0016995293052994727,0.00011330195368663152,0.0003215519802897369
YIL099W,0,4,0.5,8.485478252413201e-06,4.2427391262066005e-06,1.6054576565763719e-06
YOL031C,0,24,0.37318840579710144,0.0005654652331069618,0.00021102506887687344,0.00010698636670963539
YDL130W,0,29,0.8497536945812808,5.646391622842735e-05,4.798042142563408e-05,1.0683007360655872e-05
YDR333C,0,27,0.6866096866096866,7.534314435975763e-05,5.1731332737041556e-05,1.4254968828481962e-05
YIR032C,0,15,0.8666666666666667,0.00040629202471421347,0.00035211975475231834,7.687069867839754e-05
YJR047C,0,33,0.625,0.000324031535571153,0.0002025197097319706,6.130696400134672e-05
YNR021W,0,14,0.6483516483516484,8.662897803376755e-05,5.616604070321193e-05,1.6390255437416916e-05
YER087C-B,0,39,0.24156545209176788,0.013750284633665715,0.0033215937239219474,0.002601562232387428
YBL093C,0,56,0.7090909090909091,0.0004555806297353091,0.0003230480829032192,8.619613278584841e-05
YMR112C,1,48,0.8581560283687943,4.013284554633332e-05,3.444024334117966e-05,7.593158835123284e-06
YBR253W,1,61,0.6245901639344262,0.0036209981939305416,0.0022616398555533384,0.0006850950650002232
YDL005C,0,35,0.5966386554621849,0.002099129448788186,0.0012524217719660604,0.00039715657096210384
YOL135C,1,74,0.4509440947797112,0.0053099079097179225,0.002394471615711377,0.0010046378124824826
YPR168W,1,58,0.7102238354506957,0.00038245624160697806,0.0002716295388061659,7.236095398850669e-05
YDR443C,0,30,0.6183908045977011,0.000769515959633319,0.00047586159342842023,0.00014559288852100723
YER022W,1,65,0.5870192307692308,0.0013112060333603337,0.0007697031570831574,0.0002480809805869
YLR071C,1,69,0.5370843989769821,0.0036973841391117488,0.00198580733814186,0.0006995473323796271
YOR194C,1,73,0.571917808219178,0.0013556739279533946,0.0007753340615349894,0.00025649433334352955
YML007W,0,33,0.14772727272727273,0.006059620358055806,0.0008951711892582441,0.0011464838645977385
YGR104C,0,61,0.6289617486338798,0.005963886329789225,0.0037510563746379227,0.001128370928107474
YBR193C,1,56,0.7038961038961039,0.005021584248858483,0.00353467358815753,0.0009500868001376836
YGL127C,0,62,0.6181914331041777,0.0014479640877272184,0.0008951189944754724,0.00027395568781620226
YOL128C,0,21,0.9047619047619048,0.00016852967135015217,0.0001524792264596615,3.188591652479391e-05
YHR058C,1,61,0.6524590163934426,0.0026523341825920163,0.0017305393519206926,0.0005018232437317938
YNR010W,0,52,0.7948717948717948,0.0001260127354056145,0.00010016396916856536,2.3841686333418095e-05
YOR174W,1,60,0.6248587570621469,0.0065919496845579,0.00411903748650906,0.00124720089758405
YPL042C,0,41,0.4292682926829268,0.0029112105079973846,0.0012496903644086334,0.0005508028022628887
YGL151W,0,29,0.8325123152709359,0.0001284863322271492,0.00010696645392309465,2.430969235951173e-05
YPR070W,0,31,0.6881720430107527,0.0002487326228694642,0.00017117083724350229,4.7060363829527046e-05
YFL029C,1,27,0.5584045584045584,0.001498271698715535,0.000836641746291296,0.0002834739184736539
YGL025C,0,26,0.8153846153846154,6.125291469127701e-05,4.994468428673357e-05,1.1589088788338268e-05
YNL236W,0,36,0.5761904761904761,0.0012413709555665327,0.0007152661220169069,0.00023486814130942272
YDR308C,1,61,0.6502732240437158,0.004189257263552412,0.002724161827118781,0.000792610027281099
YOL034W,1,23,0.16996047430830039,0.0019532161460540675,0.00033196954260997984,0.0003695496851623299
YHL002W,0,25,0.4066666666666667,0.005282585910686436,0.002148251603679151,0.000999468473615154
YDR325W,1,8,0.6785714285714286,5.217239126727879e-05,3.54026940742249e-05,9.871048222665606e-06
YLR272C,1,11,0.4,0.0002965811206510717,0.00011863244826042868,5.611332876963665e-05
YFR031C,1,16,0.20833333333333334,0.005552655256109598,0.0011568031783561663,0.001050565758354865
YNL315C,0,5,0.2,0.0012774344831836693,0.00025548689663673385,0.00024169138271241847
YCR011C,0,4,1.0,0.0,0.0,0.0
YDL181W,0,9,0.4166666666666667,0.0013359005399506522,0.0005566252249794384,0.00025275319628311344
YPL119C,0,7,0.38095238095238093,8.956600602727008e-05,3.412038324848384e-05,1.6945942923671067e-05
YOR204W,1,41,0.16341463414634147,0.003683706401818516,0.0006019715339557087,0.0006969594961482614
YJL180C,0,5,0.3,7.0342913739259e-05,2.11028741217777e-05,1.3308922147843291e-05
YOL122C,0,1,0.0,0.0,0.0,0.0
YBL102W,1,5,0.2,0.0002137703357835288,4.2754067156705765e-05,4.044547780615256e-05
YJL178C,0,7,0.19047619047619047,0.000597455009486275,0.0001138009541878619,0.00011303885189580962
YDR022C,0,13,0.38461538461538464,0.0011464023196765371,0.00044092396910636045,0.00021690001752325353
YMR292W,0,2,0.0,8.822129066610038e-06,0.0,1.6691521957841384e-06
YPL166W,0,11,0.5272727272727272,0.0005503538509488581,0.00029018657595485244,0.00010412728399614431
YFL048C,0,8,0.07142857142857142,0.01181172745273744,0.0008436948180526743,0.002234786032360364
YMR227C,1,41,0.6475609756097561,0.000752249396398438,0.0004871273530336227,0.00014232604423437952
YER177W,0,46,0.05410628019323672,0.030482953405849937,0.001649319218094296,0.005767393361306971
YOL067C,0,7,0.19047619047619047,8.578096832804729e-05,1.6339232062485196e-05,1.6229811484300603e-05
YDR291W,0,3,0.0,1.6198923891211233e-05,0.0,3.0648462721646717e-06
YBL104C,0,11,0.41818181818181815,0.0006078362266116184,0.0002541860584012222,0.00011500298450244548
YDR519W,0,32,0.0846774193548387,0.004136037505214031,0.00035022898229634936,0.0007825408165702945
YOL138C,0,8,0.75,4.607264275110552e-05,3.455448206332914e-05,8.716972086097143e-06
YHL023C,0,10,0.5555555555555556,0.0006149016861548652,0.000341612047863814,0.00011633977375385982
YEL062W,0,10,0.5333333333333333,0.0002934657618968932,0.00015651507301167638,5.552390099478428e-05
YNL180C,0,12,0.16666666666666666,0.0005870318314716521,9.783863857860867e-05,0.00011106678026335024
YJL002C,1,17,0.4264705882352941,0.0008024487689731405,0.00034222079853266286,0.0001518237961180127
YJL095W,0,17,0.11029411764705882,0.002816126105273064,0.00031060214396394086,0.0005328127753211146
YMR113W,1,3,0.3333333333333333,0.00021109069763765588,7.036356587921862e-05,3.9938488635928435e-05
YOL100W,0,11,0.16363636363636364,0.0005649211423990893,9.244164148348733e-05,0.00010688342441612619
YPR165W,1,51,0.038431372549019606,0.038767064383767966,0.0014898714939644158,0.00733475220683162
YMR036C,0,15,0.1523809523809524,0.0009023482105266614,0.00013750067969930078,0.00017072483134065227
YGR254W,0,13,0.15384615384615385,0.0030058084504419754,0.0004624320692987655,0.0005687007906232793
YBR166C,0,6,0.0,0.0008090095178090672,0.0,0.00015306509379602132
YNL090W,0,18,0.026143790849673203,0.0012827241874260713,3.353527287388422e-05,0.0002426921979787322
YHR070W,1,4,0.16666666666666666,0.00012586604555070045,2.0977674258450074e-05,2.3813932523472633e-05
YPL174C,0,11,0.12727272727272726,0.0010507502444474048,0.00013373184929330606,0.00019880258659761812
YBL107C,0,1,0.0,0.0,0.0,0.0
YBR001C,0,6,0.13333333333333333,0.0005565440751684323,7.42058766891243e-05,0.00010529847819093392
YPR026W,0,2,1.0,0.0,0.0,0.0
YHR102W,0,15,0.047619047619047616,0.0029284324566844822,0.00013944916460402294,0.0005540612054498868
YDR001C,0,9,0.1111111111111111,0.0015787513158978892,0.00017541681287754323,0.00029870071109044016
YBR002C,1,5,0.3,0.002166998278109232,0.0006500994834327696,0.0004099973948302649
YDL193W,1,2,1.0,0.0,0.0,0.0
YMR101C,0,2,1.0,0.0,0.0,0.0
YDL052C,0,18,0.08496732026143791,0.007364033499833357,0.0006257021927962984,0.0013932796259574522
YKL140W,0,11,0.10909090909090909,0.002501701049841862,0.0002729128418009304,0.0004733233632166273
YHR072W,1,15,0.34285714285714286,0.0005240788503632089,0.0001796841772673859,9.915603787282973e-05
YBR003W,0,1,0.0,0.0,0.0,0.0
YIL027C,0,9,0.6111111111111112,0.00022655351075419875,0.00013844936768312146,4.286406230092526e-05
YBR005W,0,1,0.0,0.0,0.0,0.0
YBR007C,0,1,0.0,0.0,0.0,0.0
YLL002W,0,9,0.5277777777777778,8.642513923929879e-05,4.561326793185214e-05,1.6351689013279997e-05
YER065C,0,4,0.16666666666666666,0.0011095222067251489,0.0001849203677875248,0.00020992227767737401
YML102W,0,9,0.5,0.0017163386979070687,0.0008581693489535344,0.0003247323276150734
YER093C,1,18,0.42483660130718953,0.0008711775635208422,0.0003701081152212728,0.0001648273259311369
YLR176C,0,14,0.34065934065934067,0.0003661951879735297,0.00012474781128768593,6.928435273124764e-05
YMR043W,1,36,0.06507936507936508,0.016906977089185052,0.0011002953343755351,0.0031988103687230676
YHR207C,0,7,0.2857142857142857,0.00013445746512661476,3.8416418607604214e-05,2.5439434343018168e-05
YPR133C,1,19,0.7192982456140351,7.284277072091328e-05,5.239567718521833e-05,1.3781896612235016e-05
YMR021C,0,3,0.3333333333333333,0.0014613144681298413,0.0004871048227099471,0.00027648158792436677
YFR006W,0,1,0.0,0.0,0.0,0.0
YDR310C,0,14,0.27472527472527475,0.0008020165344275958,0.00022033421275483405,0.0001517420170785833
YJL222W,0,2,0.0,0.0002091500598658102,0.0,3.957131878683184e-05
YDL139C,1,10,0.2,0.00059757812974533,0.00011951562594906601,0.00011306214632385475
YMR179W,1,9,0.3888888888888889,0.00013903489374477275,5.406912534518941e-05,2.6305486627150017e-05
YMR069W,0,2,0.0,0.000224107334229152,0.0,4.2401244211637616e-05
YLR247C,0,6,0.2,0.00035347121037673774,7.069424207534754e-05,6.687696841568872e-05
YBR272C,0,32,0.594758064516129,0.0008337972397623282,0.0004959076325199331,0.00015775494589571076
YMR127C,0,23,0.8063241106719368,8.027410287685173e-05,6.472694461216503e-05,1.5187909184940695e-05
YLR410W,0,10,0.17777777777777778,0.0012021583569961642,0.00021371704124376254,0.00022744909376296886
YPR018W,0,27,0.1225071225071225,0.003498903462937967,0.0004286405951747367,0.0006619946674894623
YKL112W,1,41,0.6085365853658536,0.002573750513916729,0.0015662213493224974,0.00048695516572797346
YMR037C,0,28,0.12698412698412698,0.006490100661607679,0.0008241397665533559,0.001227931000373041
YLL022C,0,15,0.3142857142857143,0.0025156827116166775,0.0007906431379366701,0.00047596870214512607
YDR096W,0,7,0.23809523809523808,0.0001681471363945958,4.003503247490376e-05,3.1813540678078205e-05
YDR285W,0,5,0.1,0.0003464669182177894,3.464669182177894e-05,6.555175207066026e-05
YMR070W,1,12,0.07575757575757576,0.004129303516984604,0.0003128260240139852,0.0007812667418934603
YPR104C,1,4,0.3333333333333333,0.004571963878483824,0.001523987959494608,0.0008650183520551712
YGR170W,0,4,0.0,0.0022986863664473116,0.0,0.00043491286139717866
YMR168C,1,16,0.31666666666666665,0.0015491904359435577,0.0004905769713821266,0.00029310777458809047
YDR146C,0,18,0.1503267973856209,0.004577716951321265,0.000688153528629994,0.0008661068369420524
YBR034C,0,30,0.2367816091954023,0.004356492805004214,0.0010315373768170898,0.0008242510936404566
YKL038W,0,5,0.2,0.0004012099498304764,8.024198996609528e-05,7.590916701327663e-05
YDR155C,0,51,0.13098039215686275,0.02574980498796226,0.003372719555286037,0.004871878796167516
YOR025W,0,4,0.16666666666666666,1.919549083170426e-05,3.1992484719507097e-06,3.6317985634736486e-06
YPR077C,0,1,0.0,0.0,0.0,0.0
YBR275C,0,14,0.21978021978021978,0.0009754629625008542,0.000214387464285902,0.00018455818697175858
YDR300C,0,5,0.0,0.00030706483929323285,0.0,5.8096854725720906e-05
YLR430W,1,22,0.2077922077922078,0.0016563390796335803,0.0003441743542095751,0.0003133803632727646
YJR066W,0,49,0.1096938775510204,0.01587132858577766,0.0017409875744603045,0.0030028650407335224
YEL046C,0,3,0.0,0.00012776130411176545,0.0,2.417251659823452e-05
YGL035C,0,7,0.19047619047619047,0.0009406510462869754,0.00017917162786418577,0.0001779717512090162
YNL037C,0,15,0.4,0.001642764922096753,0.0006571059688387013,0.00031081212439443436
YDR486C,0,11,0.5818181818181818,0.0036186811107322284,0.0021054144644260236,0.0006846566714470257
YLR336C,1,27,0.5356125356125356,0.0003390608050261036,0.0001816052175068589,6.415051094136012e-05
YLR234W,0,9,0.3055555555555556,0.0002885074399057802,8.815505108232175e-05,5.458578345236533e-05
YPL209C,1,28,0.15873015873015872,0.005967578827717915,0.0009472347345583992,0.001129069550965864
YER169W,0,3,0.6666666666666666,3.872965098978624e-07,2.581976732652416e-07,7.32767356988981e-08
YKL005C,0,34,0.8823529411764706,0.00023440951000259594,0.00020683192059052583,4.435042214632473e-05
YMR005W,1,40,0.6833333333333333,0.00030411060065934823,0.00020780891045055463,5.7537910975817955e-05
YMR312W,0,9,0.4166666666666667,0.001426817022287932,0.0005945070926199717,0.00026995465014764556
YBR020W,0,8,0.21428571428571427,0.0009013786071761934,0.00019315255868061288,0.0001705413817958481
YPR042C,0,13,0.1282051282051282,0.004484711990655658,0.0005749630757250842,0.0008485102417050403
YNL041C,0,16,0.2833333333333333,0.004972529173313874,0.0014088832657722643,0.0009408055499495016
YMR044W,0,11,0.7090909090909091,3.9902885967811266e-05,2.829477368626617e-05,7.549650342724955e-06
YER014W,0,1,0.0,0.0,0.0,0.0
YGL163C,0,13,0.2692307692307692,0.0009189770440241304,0.0002474168964680351,0.00017387101677231642
YGL131C,0,4,0.5,0.0002173408987426501,0.00010867044937132505,4.1121030493990635e-05
YOL102C,1,1,0.0,0.0,0.0,0.0
YDR028C,0,28,0.16666666666666666,0.012290423558692616,0.002048403926448769,0.0023253556273340435
YBR011C,1,13,0.07692307692307693,0.006771294571382709,0.0005208688131832853,0.0012811330594676572
YKR043C,0,1,0.0,0.0,0.0,0.0
YLR425W,0,7,0.09523809523809523,0.0012956223070505226,0.00012339260067147832,0.0002451325300720499
YPL066W,0,2,1.0,0.0,0.0,0.0
YMR267W,0,3,0.3333333333333333,0.0008313121678367128,0.0002771040559455709,0.0001572847687729319
YDL203C,0,4,0.16666666666666666,0.00016933213127547634,2.8222021879246057e-05,3.203774243170034e-05
YDR062W,1,22,0.11688311688311688,0.005040282263986698,0.0005891239009854582,0.0009536244759948854
YML120C,0,5,0.0,0.00018343599654277419,0.0,3.470620233545006e-05
YJR077C,0,10,0.1111111111111111,0.001856364093658943,0.00020626267707321588,0.0003512252178255987
YDL015C,1,12,0.25757575757575757,0.0009896755663922029,0.0002549164337676886,0.00018724722028944622
YLR426W,0,1,0.0,0.0,0.0,0.0
YDR406W,0,5,0.2,0.0009576760639209074,0.0001915352127841815,0.00018119289492074167
YDL063C,0,4,0.16666666666666666,1.744801801404389e-05,2.9080030023406483e-06,3.3011756414274974e-06
YLR136C,0,18,0.7058823529411765,0.0002766659079648495,0.00019529358209283495,5.2345358392675354e-05
YNL055C,0,27,0.19373219373219372,0.005452142751007694,0.001056255575693798,0.0010315487311352582
YDR151C,0,15,1.0,0.0,0.0,0.0
YHL030W,0,44,0.5021141649048626,0.0013091450021852347,0.0006573402495116136,0.00024769103223253774
YGR060W,1,22,0.21212121212121213,0.005285544157110735,0.0011211760333265195,0.0010000281756414456
YOR185C,0,25,0.21,0.002111810051525234,0.0004434801108202992,0.0003995557487277658
YER053C,0,1,0.0,0.0,0.0,0.0
YOR374W,0,5,0.1,8.096203203833184e-05,8.096203203833185e-06,1.5318065801530492e-05
YBR018C,0,3,0.3333333333333333,0.00020090908391111778,6.696969463703926e-05,3.801212111398883e-05
YHL012W,0,2,1.0,0.0,0.0,0.0
YBR019C,0,1,0.0,0.0,0.0,0.0
YDR009W,0,3,1.0,0.0,0.0,0.0
YML051W,0,4,0.5,4.0512366086581535e-05,2.0256183043290767e-05,7.664964352625637e-06
YPL248C,0,32,0.17338709677419356,0.0034711106351800226,0.000601845795615891,0.0006567362475401554
YBR021W,0,3,0.0,0.0002899776969741584,0.0,5.4863956985706486e-05
YLR373C,0,4,0.5,1.189306554628861e-05,5.946532773144305e-06,2.2501752492293024e-06
YER151C,0,45,0.08282828282828283,0.01739824184607973,0.0014410664963419575,0.003291757960114088
YBR022W,0,1,0.0,0.0,0.0,0.0
YJL099W,0,7,0.5714285714285714,0.00020901768100082407,0.00011943867485761375,3.954627262490215e-05
YKR027W,0,7,0.6190476190476191,0.0002414000483369756,0.0001494381251609849,4.567303625936294e-05
YBR038W,1,10,0.28888888888888886,0.0025404376066701217,0.0007339041974824795,0.0004806523433753648
YNL192W,0,3,1.0,0.0,0.0,0.0
YHR142W,0,2,0.0,5.650722391662009e-05,0.0,1.0691201201654507e-05
YBR025C,0,10,0.06666666666666667,0.0007049584861267568,4.699723240845045e-05,0.00013337857519095291
YPL002C,0,18,0.7058823529411765,0.00040717660779076746,0.00028741878196995353,7.703806233556414e-05
YBR026C,0,5,0.1,0.000652753199039527,6.527531990395271e-05,0.0001235013030591052
YGL205W,0,7,0.7142857142857143,1.3289209346927178e-05,9.49229239066227e-06,2.514326507148015e-06
YER061C,0,7,0.19047619047619047,0.00023831904435469973,4.539410368660947e-05,4.509010842829103e-05
YDR054C,1,31,0.210752688172043,0.007052904102103416,0.0014864184989379242,0.001334413754298483
YBR027C,0,1,0.0,0.0,0.0,0.0
YLR353W,0,4,0.16666666666666666,0.0011802117638773312,0.00019670196064622186,0.00022329678497019382
YBR028C,0,1,0.0,0.0,0.0,0.0
YBR030W,0,1,0.0,0.0,0.0,0.0
YHR193C,0,30,0.28045977011494255,0.005513718143578897,0.0015463761230267252,0.001043198832935003
YIL031W,1,43,0.18604651162790697,0.004000014327497998,0.0007441887120926508,0.0007568051484511819
YOR090C,0,4,0.0,0.0005463115814526708,0.0,0.00010336248414402595
YCR065W,0,15,0.6285714285714286,0.0012122450251186119,0.0007619825872174132,0.00022935749751875283
YKR034W,0,17,0.4852941176470588,0.0015907881527918212,0.0007720001329725014,0.0003009780879662607
YJL110C,0,16,0.55,0.0003412700692673247,0.0001876985380970286,6.456850508216887e-05
YFL021W,0,17,0.5441176470588235,0.0005241269085668586,0.0002851867002496142,9.916513051424789e-05
YER040W,0,19,0.4327485380116959,0.004045823386345949,0.001750824155494738,0.0007654722503021689
YIL131C,0,24,0.26811594202898553,0.0021964418753871438,0.0005889010825313357,0.00041556814137876157
YPR129W,0,18,0.3202614379084967,0.00014093753697394374,4.513685824655714e-05,2.666546788561792e-05
YBR035C,0,2,1.0,0.0,0.0,0.0
YPR127W,0,2,1.0,0.0,0.0,0.0
YGR017W,0,4,0.16666666666666666,0.002373387353548777,0.00039556455892479614,0.00044904633368104827
YBR036C,0,3,0.0,0.0010913187620520493,0.0,0.0002064781748516811
YPL057C,0,1,0.0,0.0,0.0,0.0
YDL212W,1,11,0.09090909090909091,0.00606871479710909,0.0005517013451917355,0.0011482045380089524
YBR161W,0,2,0.0,0.00026812528414174244,0.0,5.072946716051689e-05
YLL009C,0,5,0.4,0.0002425738359320469,9.702953437281876e-05,4.589511758768001e-05
YLR307W,0,2,0.0,0.0010827224745712425,0.0,0.00020485175202156333
YPR106W,0,6,0.06666666666666667,0.0005085481789833695,3.3903211932224635e-05,9.621762538306303e-05
YPL242C,1,17,0.20588235294117646,0.0016492078921115376,0.00033954280131708123,0.00031203113824770614
YDL117W,0,13,0.2564102564102564,0.0008260727003782632,0.00021181351291750335,0.0001562934583367572
YGL064C,0,7,0.14285714285714285,0.0001824300506343034,2.606143580490048e-05,3.451587675652387e-05
YGR250C,0,15,0.11428571428571428,0.006181191662075657,0.0007064219042372179,0.0011694852294062731
YBR041W,0,14,0.14285714285714285,0.0009392915793961612,0.00013418451134230875,0.00017771453924478791
YLR100W,1,15,0.44761904761904764,0.0007153590941808988,0.0003202083564428785,0.00013534637657313468
YLR144C,0,11,0.10909090909090909,0.0007462029353393487,8.14039565824744e-05,0.00014118205011716577
YLL012W,0,4,0.5,7.524457816189943e-05,3.7622289080949716e-05,1.4236320043778984e-05
YMR246W,0,7,0.14285714285714285,0.005025175087862542,0.0007178821554089345,0.0009507661890655805
YKL094W,0,8,0.42857142857142855,0.00030041059631164154,0.00012874739841927494,5.683786789837536e-05
YHR149C,0,4,0.3333333333333333,4.926334638661539e-05,1.642111546220513e-05,9.320655158414083e-06
YOR317W,0,5,0.1,0.0005577804957858059,5.577804957858059e-05,0.0001055324097252404
YBR177C,0,2,0.0,0.00012331020188826675,0.0,2.333036534495804e-05
YIL124W,0,4,0.16666666666666666,0.0001276368289088696,2.1272804818144934e-05,2.4148965813988955e-05
YBR042C,0,1,0.0,0.0,0.0,0.0
YBR044C,0,11,0.14545454545454545,0.0016288935527981453,0.00023692997131609386,0.0003081876528696485
YOR020C,1,7,0.42857142857142855,0.0006424079988332738,0.0002753177137856888,0.00012154398487551063
YLL041C,0,13,0.48717948717948717,0.00022101423346587978,0.00010767360091927476,4.181602766222918e-05
YKL141W,1,16,0.43333333333333335,0.00026449189770878177,0.00011461315567380544,5.004202823314252e-05
YKL148C,0,11,0.4909090909090909,0.0004535326018410601,0.0002226432772674295,8.580864466014742e-05
YBR045C,0,10,0.8,3.2017509858181637e-05,2.561400788654531e-05,6.057732377277456e-06
YBR050C,0,9,1.0,0.0,0.0,0.0
YIL045W,0,17,0.47058823529411764,0.001378570936879082,0.0006487392644136857,0.00026082646138616384
YDR130C,0,17,0.3382352941176471,0.0021240008744803423,0.0007184120604859981,0.000401862259860203
YER054C,0,14,0.6703296703296703,0.0006762493665331708,0.0004533100149288287,0.000127946792267936
YGL057C,0,3,0.0,0.0010866020238612351,0.0,0.0002055857651115047
YLR273C,0,16,0.5333333333333333,0.0011004297042172828,0.0005868958422492175,0.00020820197066173326
YOR178C,0,16,0.5583333333333333,0.0008411786977215239,0.00046965810622785087,0.00015915152223999838
YBR047W,0,1,0.0,0.0,0.0,0.0
YBR049C,1,14,0.14285714285714285,0.00040628166199270277,5.8040237427528965e-05,7.686873804517247e-05
YGL234W,0,6,0.0,0.0006977216898109132,0.0,0.0001320093689177472
YDR490C,0,9,0.16666666666666666,0.0014739775264621144,0.000245662921077019,0.0002788774462779533
YBR052C,0,2,1.0,0.0,0.0,0.0
YCR004C,0,3,0.3333333333333333,0.0003315092419229985,0.0001105030806409995,6.272175060017938e-05
YDR032C,0,8,0.07142857142857142,0.002547262741250247,0.00018194733866073193,0.00048194366299729777
YPL263C,0,4,0.16666666666666666,0.0001965242443903249,3.275404073172082e-05,3.71825068044461e-05
YFR005C,1,11,0.8727272727272727,1.0869663968531098e-06,9.486252190718048e-07,2.0565470470362353e-07
YBR057C,0,7,0.14285714285714285,0.002656164144367091,0.00037945202062387014,0.0005025478748336931
YKL098W,0,4,0.0,0.0005677466256572975,0.0,0.00010741800757048506
YNL196C,0,3,1.0,0.0,0.0,0.0
YCL055W,0,6,0.2,0.0026766830292332864,0.0005353366058466573,0.0005064300603549952
YGL192W,0,4,0.5,7.684802680101371e-05,3.8424013400506856e-05,1.4539693503473006e-05
YKR031C,0,3,0.3333333333333333,0.001666567885001525,0.0005555226283338417,0.00031531565948201786
YGL036W,0,3,0.0,0.0002823374855223383,0.0,5.341842432292478e-05
YCR073W-A,0,6,0.26666666666666666,0.00016342133258803653,4.357902202347641e-05,3.091941571787804e-05
YBR112C,0,26,0.055384615384615386,0.0066389947696403415,0.0003676981718570035,0.0012561018563518617
YKR049C,0,1,0.0,0.0,0.0,0.0
YPL085W,1,11,0.32727272727272727,0.0006149419644228523,0.00020125373381111529,0.00011634739442670935
YEL030W,0,12,0.22727272727272727,0.0004381473436959834,9.957894174908713e-05,8.289774444301555e-05
YBR058C-A,1,7,1.0,0.0,0.0,0.0
YMR296C,1,8,0.75,0.00035582989317023823,0.00026687241987767866,6.732323263764738e-05
YOL110W,0,7,1.0,0.0,0.0,0.0
YKL212W,0,21,0.12380952380952381,0.005738299647652134,0.0007104561468521689,0.00108568979037011
YLR246W,0,9,0.5833333333333334,0.0005657146664788796,0.0003300002221126798,0.00010703355965561192
YGR038W,0,8,0.7857142857142857,5.769078415730689e-05,4.5328473266455414e-05,1.0915131520477682e-05
YLR350W,0,21,0.14761904761904762,0.01536727678621286,0.0022685027636790414,0.002907498133076636
YFR014C,0,6,0.0,0.0002543883349163541,0.0,4.813042799550241e-05
YOL068C,0,14,0.2857142857142857,0.000501683382769396,0.00014333810936268456,9.491880175583543e-05
YER144C,0,5,0.1,8.704556496415021e-05,8.704556496415022e-06,1.6469073938521705e-05
YNR047W,0,11,0.05454545454545454,0.0073515206340120185,0.00040099203458247374,0.0013909121841184648
YBR061C,0,2,0.0,4.758089133137317e-06,0.0,9.002333636640568e-07
YMR259C,0,5,0.1,0.00038898438812813303,3.889843881281331e-05,7.359608328869197e-05
YPL183C,0,8,0.03571428571428571,0.0008734223052129387,3.1193653757604954e-05,0.00016525203242727195
YBR062C,0,1,0.0,0.0,0.0,0.0
YBR064W,0,1,0.0,0.0,0.0,0.0
YBR066C,0,3,0.3333333333333333,6.1816991289836185e-06,2.0605663763278727e-06,1.16958124245452e-06
YDR043C,0,7,0.09523809523809523,0.0008208729615807591,7.817837729340562e-05,0.00015530966458744482
YDR477W,0,47,0.08695652173913043,0.015139458066709223,0.0013164746144964541,0.0028643946925092736
YBR067C,0,1,0.0,0.0,0.0,0.0
YBR068C,0,2,0.0,5.326885657171481e-05,0.0,1.007850012647274e-05
YBR069C,0,11,0.0,0.0015896139639153721,0.0,0.00030075593071526244
YCL025C,0,2,0.0,8.370427517207865e-06,0.0,1.5836899873613082e-06
YBR070C,1,3,0.3333333333333333,0.009130813419157481,0.0030436044730524935,0.0017275554634045196
YPR183W,1,4,0.16666666666666666,0.010266608078549918,0.0017111013464249864,0.0019424485051375015
YBR243C,1,2,1.0,0.0,0.0,0.0
YGL047W,1,2,1.0,0.0,0.0,0.0
YMR083W,0,11,0.03636363636363636,0.003407613853276586,0.00012391323102823947,0.0006447226177078191
YDR213W,0,4,0.0,0.0011599338708524992,0.0,0.00021946019525214292
YNL085W,0,14,0.06593406593406594,0.0032561147304936314,0.00021468888332925042,0.0006160588913506951
YER070W,0,9,0.1388888888888889,0.0034639462859570305,0.0004811036508273654,0.0006553807483010679
YBR073W,0,6,0.6,7.950257181152791e-05,4.770154308691674e-05,1.5041935037195e-05
YDR076W,0,13,0.28205128205128205,0.0007999693203176641,0.00022563237239728987,0.0001513546829213711
YER179W,0,11,0.2,0.004086066940585461,0.0008172133881170923,0.0007730863552895098
YKR072C,0,11,0.2909090909090909,0.0006450001344348336,0.00018763640274467884,0.0001220344185110249
YBR077C,0,13,0.8461538461538461,0.00017213374795478192,0.00014565163288481547,3.256781001478607e-05
YML121W,0,48,0.2375886524822695,0.0061707778280416315,0.001466106788931877,0.0011675149256606373
YCR075W-A,0,12,1.0,0.0,0.0,0.0
YGR163W,0,47,0.2414431082331175,0.012098017959196863,0.0029209830595285672,0.002288952370653635
YLR039C,0,17,0.49264705882352944,0.004912652832047137,0.0024202039687291044,0.0009294769096919974
YGR083C,1,17,0.6617647058823529,0.0002273405540295249,0.0001504459548724797,4.301297136825684e-05
YKR007W,0,17,0.5588235294117647,0.000351793758798394,0.0001965906299167496,6.655959355479361e-05
YDR137W,0,15,0.6476190476190476,0.00035148877261032837,0.00022763082416668885,6.650188998214693e-05
YOR260W,1,22,0.42857142857142855,0.0009568005325585433,0.00041005737109651855,0.0001810272438534161
YBR078W,0,1,0.0,0.0,0.0,0.0
YIL071C,0,11,0.41818181818181815,0.0004605086306818542,0.0001925763364669572,8.712851356815687e-05
YJR014W,0,11,0.8181818181818182,7.111850997170316e-05,5.818787179502987e-05,1.345566542768555e-05
YNL015W,0,1,0.0,0.0,0.0,0.0
YLR043C,0,8,0.10714285714285714,0.0015705335928314684,0.00016827145637480018,0.0002971459128782289
YGL252C,0,12,0.07575757575757576,0.0013754565162970454,0.00010420125123462466,0.0002602372111140524
YPR025C,1,72,0.5046948356807511,0.003725371599774239,0.0018801758073977964,0.0007048425769930873
YEL009C,0,37,0.18768768768768768,0.003047693715049039,0.0005720145861578526,0.0005766255082126519
YGL071W,0,24,0.06159420289855073,0.006803911690035959,0.00041908151713989603,0.0012873042381943752
YML114C,1,19,0.7251461988304093,6.683989169462302e-05,4.846869339259213e-05,1.2646148242186619e-05
YGL043W,0,51,0.5905882352941176,0.002792983016564133,0.0016495029109590527,0.0005284340888335247
YBR082C,0,29,0.18472906403940886,0.006556112004316371,0.0012111044342948962,0.0012404203866421552
YDR059C,0,16,0.3416666666666667,0.0016057638069757742,0.0005486359673833895,0.0003038114908643272
YJL210W,0,12,0.8333333333333334,3.515350741079088e-05,2.9294589508992404e-05,6.65106502537062e-06
YDR266C,0,6,0.2,0.00019648038661972155,3.929607732394431e-05,3.717420888752014e-05
YLR191W,0,37,0.25225225225225223,0.006882838910634027,0.0017362116170968715,0.001302237316431353
YOL133W,1,38,0.11806543385490754,0.009626465069687937,0.0011365527749418191,0.0018213330577448894
YDR313C,0,5,0.1,0.006001714719116486,0.0006001714719116487,0.001135528082421567
YMR026C,0,30,0.31724137931034485,0.001782592207019511,0.0005655120105027415,0.0003372675319153582
YKL034W,0,7,0.6190476190476191,0.0009749778833356304,0.0006035577373030093,0.0001844664096980813
YGL153W,0,39,0.22941970310391363,0.008559606648720275,0.0019637424160356904,0.0016194827943329946
YER111C,0,25,0.19,0.0018830459101499373,0.00035777872292848807,0.0003562734337661263
YKR077W,0,8,0.35714285714285715,0.00010430741326476487,3.7252647594558885e-05,1.9735026156712853e-05
YMR199W,0,10,0.2222222222222222,0.000977974011113944,0.00021732755802532084,0.00018503327889963828
YKL126W,0,30,0.06206896551724138,0.011830554251366704,0.0007343102638779333,0.002238348074134447
YBR252W,1,3,0.0,0.00030939354429105644,0.0,5.853744713046843e-05
YLR028C,0,12,0.2727272727272727,0.0022527621437988797,0.0006143896755815126,0.0004262239704849576
YKR080W,0,2,1.0,0.0,0.0,0.0
YMR120C,0,11,0.18181818181818182,0.000518259331486576,9.422896936119564e-05,9.805498135483986e-05
YGR204W,0,12,0.15151515151515152,0.0014148397872808468,0.00021436966473952225,0.000267688549985139
YBR085W,0,4,0.5,2.451513568090309e-05,1.2257567840451544e-05,4.638278610839805e-06
YBR086C,0,4,0.0,0.0004833228927913501,0.0,9.144498586274013e-05
YKR003W,0,3,0.3333333333333333,2.0399795754923542e-05,6.799931918307847e-06,3.859653788874192e-06
YCL016C,0,13,0.24358974358974358,0.007024435349039516,0.0017110804055352666,0.001329027448869367
YHR191C,0,8,0.75,9.505157590875236e-06,7.128868193156427e-06,1.798381608826328e-06
YOR144C,0,17,0.21323529411764705,0.0004922233646266083,0.00010495939392773265,9.312896055809615e-05
YFR027W,1,17,0.22794117647058823,0.0006667243377686818,0.00015197392993256717,0.00012614465102095206
YOR368W,0,15,0.34285714285714286,0.0005598974607754951,0.00019196484369445545,0.00010593294079141031
YLR288C,0,21,0.21904761904761905,0.001112191700705832,0.0002436229439641346,0.00021042734756536216
YDR229W,0,12,0.07575757575757576,0.0024485310649564806,0.00018549477764821822,0.0004632635696734632
YER041W,0,5,0.3,0.00011019046262038082,3.3057138786114246e-05,2.0848102680043078e-05
YJL092W,0,33,0.11931818181818182,0.003966821266172391,0.0004733139010773876,0.0007505250010198632
YHR031C,0,6,0.13333333333333333,1.7794500819724175e-05,2.3726001092965566e-06,3.366730399415744e-06
YDR419W,0,16,0.25,0.0016962710387438686,0.00042406775968596716,0.00032093551427176396
YLR107W,0,3,0.6666666666666666,0.002283068645772694,0.0015220457638484626,0.00043195797912779036
YGL033W,0,6,0.6666666666666666,0.0001781206836123726,0.00011874712240824841,3.3700541889760304e-05
YIR011C,0,4,0.3333333333333333,0.0003442274535589216,0.00011474248451964053,6.512804399242802e-05
YML061C,0,5,0.3,6.687159241276055e-05,2.0061477723828164e-05,1.265214603737729e-05
YOR330C,0,10,0.28888888888888886,0.00014737233513448272,4.257423014996167e-05,2.7882935619086318e-05
YDR279W,0,4,0.3333333333333333,4.0187665888699324e-05,1.339588862956644e-05,7.603530877307543e-06
YDL064W,1,31,0.15268817204301074,0.0038005740044479894,0.0005803026974533489,0.0007190709177872072
YGR057C,0,8,0.42857142857142855,0.0006017032059326987,0.00025787280254258515,0.00011384261325240866
YDR409W,0,16,0.225,0.001058199000271373,0.00023809477506105895,0.00020021189573893338
YGR258C,0,36,0.7761904761904762,0.0032370740064429702,0.002512586014524782,0.0006124563747565128
YOR346W,0,13,0.21794871794871795,0.0023975114222775104,0.0005225345407527907,0.0004536106221862136
YOR005C,0,10,0.24444444444444444,0.0020568991283232254,0.0005027975647012329,0.0003891665685941332
YNL072W,0,3,0.6666666666666666,5.224130426506789e-06,3.4827536176711924e-06,9.88408660384426e-07
YGR276C,0,3,0.6666666666666666,0.002283068645772694,0.0015220457638484626,0.00043195797912779036
YML021C,0,2,1.0,0.0,0.0,0.0
YLR032W,0,11,0.2545454545454545,0.0004640249290237005,0.00011811543647876012,8.779379935733658e-05
YOL080C,0,6,0.26666666666666666,0.0003001729726260137,8.004612603360365e-05,5.679290935224196e-05
YGL094C,0,4,0.16666666666666666,9.069439640945819e-05,1.5115732734909698e-05,1.715943507164468e-05
YKL176C,0,7,0.5714285714285714,0.00019536063556506743,0.00011163464889432424,3.696235130558094e-05
YJL026W,1,11,0.14545454545454545,0.0019207492624537888,0.00027938171090236924,0.0003634069309991904
YGR181W,0,8,0.8214285714285714,0.0001111546848036864,9.130563394588526e-05,2.1030534104740734e-05
YJL054W,1,16,0.5666666666666667,0.0004590939924426593,0.0002601532623841736,8.686086315119241e-05
YOR297C,0,12,0.4696969696969697,7.876652416231227e-05,3.699639771260122e-05,1.4902674373401274e-05
YGR282C,0,7,0.14285714285714285,0.004986118052282748,0.0007123025788975353,0.0009433765741317465
YBR094W,0,5,0.5,0.0004631498569341126,0.0002315749284670563,8.762823518470015e-05
YKR009C,0,2,0.0,2.837218802727646e-05,0.0,5.368035265338322e-06
YCR009C,0,20,0.07368421052631578,0.004999208187904937,0.000368362708582469,0.0009458532357688546
YDR143C,0,11,0.05454545454545454,0.0016732589916797155,9.126867227343902e-05,0.00031658162094322546
YLR240W,0,17,0.40441176470588236,0.0016121613567763801,0.0006519770192845655,0.00030502191118539633
YLR211C,0,12,0.7424242424242424,0.0009204811268253976,0.0006833875032491589,0.00017415559015493425
YLR360W,0,11,0.8181818181818182,0.00013862692402322405,0.00011342202874627423,2.6228298507208108e-05
YPL120W,0,14,0.5824175824175825,0.0021382776153578767,0.0012453704792743678,0.00040456342793476335
YFR019W,0,18,0.29411764705882354,0.0029321100201775696,0.0008623853000522264,0.0005547570027039595
YFR021W,0,27,0.2022792022792023,0.006241376829503858,0.001262500726195937,0.001180872299761731
YBR128C,0,12,0.6818181818181818,0.0009532047400992923,0.000649912322794972,0.00018034691772877813
YLR386W,0,19,0.26900584795321636,0.0032621345856073476,0.0008775332803388186,0.0006171978516068301
YNL054W,0,11,0.8181818181818182,0.0004595769096480518,0.00037601747153022424,8.695223138075206e-05
YBR098W,0,11,0.21818181818181817,0.00031290616180769046,6.82704353034961e-05,5.920203650527481e-05
YDR386W,0,18,0.13725490196078433,0.001139734614927013,0.00015643416283311947,0.00021563848372121124
YLR135W,0,13,0.15384615384615385,0.0009336953221167366,0.00014364543417180563,0.00017665572395704992
YDR363W,0,8,0.39285714285714285,8.95397553046129e-05,3.517633244109793e-05,1.6940976270946616e-05
YNL209W,0,28,0.2222222222222222,0.0037486114193624634,0.0008330247598583252,0.0007092395650219892
YDR166C,1,20,0.2631578947368421,0.0021033522929264333,0.0005535137612964298,0.00039795553564654575
YNL087W,0,6,0.26666666666666666,0.00013574968833606908,3.619991688961842e-05,2.568392376175354e-05
YLR166C,1,15,0.5428571428571428,0.00040018012192460706,0.00021724063761621525,7.571432294588847e-05
YPR055W,1,20,0.3105263157894737,0.0014337769898915681,0.00044522548633475013,0.0002712714802597967
YPR032W,0,10,0.1111111111111111,0.004071956185375452,0.00045243957615282793,0.0007704165918044002
YGR262C,0,7,0.3333333333333333,0.000362201898168959,0.00012073396605631967,6.852881986663237e-05
YIL112W,0,14,0.42857142857142855,0.0006252693874130079,0.0002679725946055748,0.00011830134915018449
YLL001W,0,11,0.12727272727272726,0.0007399722140983057,9.41782817943298e-05,0.00014000319386123455
YBR105C,0,14,0.3076923076923077,0.006478000895653359,0.001993231044816418,0.0012256417172806448
YDL176W,0,5,0.6,0.00019038144582429257,0.00011422886749457554,3.602028557220874e-05
YGR066C,0,7,1.0,0.0,0.0,0.0
YOL126C,0,6,0.2,0.0012869559677700956,0.00025739119355401916,0.00024349285339875302
YBR106W,0,34,0.0855614973262032,0.01735276710531048,0.0014847287362832497,0.0032831541114473318
YCL045C,0,10,0.5333333333333333,0.0005288923883731656,0.00028207594046568836,0.00010006676219777969
YFL031W,0,6,0.0,0.0005940493505117861,0.0,0.00011239449914235975
YER083C,0,6,0.4,0.0003731406988988381,0.00014925627955953525,7.059844763104896e-05
YDR186C,0,4,0.0,0.00015511211697600853,0.0,2.934730706028052e-05
YDR297W,0,3,0.3333333333333333,7.151311287604952e-05,2.3837704292016507e-05,1.3530324537666766e-05
YOR311C,0,4,0.5,9.116850967039992e-05,4.558425483519996e-05,1.7249137589548936e-05
YDL121C,0,1,0.0,0.0,0.0,0.0
YHR007C,1,17,0.34558823529411764,0.001403675413326182,0.00048509370901713637,0.0002655762436291241
YLR065C,0,7,0.19047619047619047,0.00046680052226752796,8.891438519381484e-05,8.831894329057064e-05
YEL002C,1,20,0.3263157894736842,0.001412614814938707,0.0004609585185589465,0.0002672675838620636
YGR113W,1,31,0.3096774193548387,0.0020562978196984943,0.0006367890022292112,0.00038905280063588466
YDR201W,1,19,0.49707602339181284,0.004382422499895772,0.0021783971490709976,0.0008291570077160129
YBR233W-A,1,14,0.7802197802197802,0.00011096339548829953,8.657583604032161e-05,2.099434204969401e-05
YKL052C,1,18,0.5490196078431373,0.0003068125586727736,0.0001684461106438757,5.8049123078585165e-05
YKR037C,1,20,0.4473684210526316,0.0013066908279269138,0.0005845722124936193,0.00024722670096724065
YGL075C,1,12,0.30303030303030304,0.0009720823262386146,0.0002945704018904893,0.00018391856853071563
YDR421W,0,1,0.0,0.0,0.0,0.0
YKL138C-A,1,13,0.8846153846153846,3.2710073682413842e-06,2.893583441136609e-06,6.188765874884406e-07
YGL061C,1,20,0.41578947368421054,0.00240302557351813,0.0009991527384628014,0.0004546539029613726
YDR016C,1,14,0.8241758241758241,1.9793660920685895e-05,1.63134568027631e-05,3.7449727088457648e-06
YLR113W,0,48,0.03723404255319149,0.021984953342292474,0.0008185886882768474,0.0041595665704310635
YMR315W,0,4,0.0,0.000319128421439568,0.0,6.0379291819595234e-05
YER098W,0,2,0.0,7.636758401980147e-06,0.0,1.444879343647623e-06
YNR035C,1,18,0.42483660130718953,0.0019626632944010703,0.0008338112035037226,0.0003713370913868636
YMR111C,0,6,0.2,0.0002683890562067651,5.3677811241353026e-05,5.077937299596714e-05
YOL109W,0,7,0.09523809523809523,0.0010539792097629189,0.00010037897235837322,0.00019941350880310927
YKL129C,0,19,0.19883040935672514,0.0020954547251205696,0.00041664012078420677,0.00039646131100474087
YGL242C,0,4,0.5,2.685360796757457e-05,1.3426803983787285e-05,5.08071899258973e-06
YJR065C,1,24,0.32608695652173914,0.002277853106536398,0.0007427781869140429,0.0004309711959258294
YNL079C,0,9,0.2222222222222222,0.0012340228436311293,0.00027422729858469537,0.00023347787405315836
YLL040C,0,11,0.01818181818181818,0.003164866276913982,5.754302321661785e-05,0.0005987946283247967
YOR107W,0,4,0.5,0.00010650604420754653,5.3253022103773266e-05,2.0151008470976718e-05
YLR356W,0,4,0.16666666666666666,0.0001268492003231628,2.1141533387193798e-05,2.3999946005576648e-05
YBR110W,1,1,0.0,0.0,0.0,0.0
YNL048W,0,2,0.0,0.0010827224745712425,0.0,0.00020485175202156333
YBR111C,0,1,0.0,0.0,0.0,0.0
YLR245C,0,1,0.0,0.0,0.0,0.0
YLR314C,1,28,0.14814814814814814,0.01652247729455573,0.0024477744140082563,0.003126062773257352
YJR084W,0,16,0.25,0.0008662356869738613,0.00021655892174346532,0.00016389231987676994
YOL072W,0,13,0.32051282051282054,0.00036729381930936025,0.00011772237798376932,6.949221444951464e-05
YHR077C,0,14,0.15384615384615385,0.0007194820261222353,0.00011068954248034389,0.00013612643780903255
YPL072W,0,2,1.0,0.0,0.0,0.0
YDR123C,1,5,0.3,5.285644544959311e-05,1.585693363487793e-05,1.0000471690835746e-05
YHL020C,0,8,0.21428571428571427,0.0006085063578914499,0.00013039421954816783,0.00011512977374898096
YCR039C,1,8,0.39285714285714285,0.0024831907292694366,0.0009755392150701358,0.00046982119928376564
YPR065W,0,3,0.0,0.00014387495208564069,0.0,2.7221228614870377e-05
YGL162W,0,2,0.0,5.4745594224448224e-05,0.0,1.0357899790323299e-05
YFR034C,0,12,0.12121212121212122,0.0007788757695158251,9.440918418373639e-05,0.00014736377025483232
YCL067C,1,11,0.2545454545454545,0.0041305406708027695,0.0010514103525679777,0.0007815008121498033
YNL167C,0,7,0.14285714285714285,0.0002938731448538483,4.1981877836264044e-05,5.56009780985075e-05
YOR047C,0,8,0.03571428571428571,0.001427226459755683,5.097237356270296e-05,0.0002700321159660634
YBR114W,0,48,0.4397163120567376,0.0030534769517296754,0.0013426636241648218,0.0005777197001170482
YLR035C,0,34,0.8360071301247772,0.00029291080647884287,0.0002448755227069114,5.541890309148825e-05
YDR078C,0,33,0.8806818181818182,0.0010638224517286602,0.000936889091011036,0.00020127585618169564
YGR003W,0,14,0.27472527472527475,0.0017643757303419704,0.0004847186072368051,0.00033382096342648304
YHL006C,0,31,1.0,0.0,0.0,0.0
YLR376C,0,35,0.7915966386554621,0.0002771474685803876,0.00021938900454010512,5.2436469954607806e-05
YER162C,0,42,0.5795586527293844,0.0019708449395127777,0.0011422202378825507,0.00037288506362805643
YPL154C,0,10,0.08888888888888889,0.0021834538361283277,0.00019408478543362913,0.00041311079643582317
YDR314C,0,35,0.7983193277310925,0.0005680233976366854,0.0004534640569368497,0.0001074703729976556
YLR265C,0,37,0.7222222222222222,0.0006355743527213881,0.00045902592140989137,0.00012025105486658153
YDL154W,0,33,0.8863636363636364,0.00013030383554011942,0.00011549658150146949,2.4653565093948488e-05
YPL164C,0,34,0.8484848484848485,0.0015640529225010942,0.0013270752069706254,0.0002959197661022723
YIL132C,0,35,0.8,0.00024181276698139983,0.00019345021358511987,4.5751122878406976e-05
YMR201C,0,62,0.5134849286092015,0.0015995075687972877,0.0008213230297737527,0.0003026278067882811
YOL097C,1,9,0.2222222222222222,0.00030091093266515733,6.686909614781273e-05,5.693253184137551e-05
YDR030C,0,56,0.6136363636363636,0.000683341350106801,0.00041932310120190063,0.00012928859988206316
YJR052W,0,37,0.7237237237237237,0.000734562587443652,0.0005316203710928533,0.00013897968920143964
YOR245C,0,1,0.0,0.0,0.0,0.0
YBR222C,0,10,0.24444444444444444,0.0010975387708162141,0.0002682872550884079,0.00020765500430045857
YGL154C,0,2,0.0,7.159938047629764e-06,0.0,1.3546646420206907e-06
YOR093C,0,9,0.05555555555555555,0.0019244784855191222,0.000106915471417729,0.0003641125022758144
YBR117C,0,1,0.0,0.0,0.0,0.0
YPR074C,0,8,0.07142857142857142,0.0018934825720303555,0.0001352487551450254,0.0003582480565542115
YDL236W,0,3,0.0,0.001174589990345243,0.0,0.00022223314199190178
YMR235C,1,14,0.24175824175824176,0.0007090399916449737,0.00017141626171636727,0.00013415079852235046
YLR215C,1,7,0.19047619047619047,0.0006758892393951753,0.0001287408075038429,0.0001278786559939586
YDR508C,0,5,0.0,0.0004721789685906312,0.0,8.933654861263431e-05
YCR059C,0,3,0.3333333333333333,8.286562470369278e-06,2.7621874901230927e-06,1.5678226693904144e-06
YBR176W,0,2,1.0,0.0,0.0,0.0
YOR147W,0,5,0.3,0.002166061354900662,0.0006498184064701987,0.00040982012838822375
YPL051W,0,7,0.2857142857142857,0.001397475621296752,0.00039927874894192907,0.00026440323919887893
YIR007W,0,6,0.0,2.6599871978521144e-05,0.0,5.032711988829046e-06
YDR169C,0,4,0.16666666666666666,3.4937583976583597e-05,5.8229306627639325e-06,6.610212180030552e-06
YNL187W,0,5,0.3,8.233422998234698e-05,2.4700268994704096e-05,1.557768648878297e-05
YDL087C,1,48,0.7039007092198581,0.0023029123392896986,0.0016210216288971813,0.0004357124180343505
YKL012W,1,44,0.8012684989429175,0.00039592475993974083,0.0003172420380912511,7.490920586504926e-05
YHL024W,0,37,0.7462462462462462,0.004756887557992342,0.0035498094839672583,0.0009000060249143636
YLR116W,1,25,0.6633333333333333,0.0002436632312661213,0.00016162994340652713,4.6101231848786146e-05
YHR086W,1,72,0.3853677621283255,0.0038228166855877816,0.001473190311151786,0.0007232792466139896
YBR237W,1,35,0.8151260504201681,0.0004510292928366506,0.00036764572609374036,8.533501707094668e-05
YDR240C,1,45,0.7646464646464647,0.004771014695524647,0.0036481395197092504,0.0009026788879448354
YDR235W,1,41,0.8670731707317073,8.977341514781662e-05,7.784011971963124e-05,1.6985184855677732e-05
YDL051W,0,17,0.20588235294117646,0.00040361717563339216,8.309765380687486e-05,7.636461560219974e-05
YGR013W,1,43,0.831672203765227,0.0013563362842904448,0.0011280271866025737,0.0002566196515661526
YGR178C,0,27,0.21652421652421652,0.0032954072046643143,0.0007135354631181991,0.0006234930514094063
YPR057W,0,10,0.8444444444444444,8.326683806467947e-05,7.031421881017377e-05,1.5754136506310255e-05
YNR051C,0,25,0.20333333333333334,0.0016782005542311073,0.0003412341126936585,0.00031751656758943563
YIL061C,1,48,0.7632978723404256,0.00037074742821008473,0.0002829907231284423,7.01456393582299e-05
YML046W,1,42,0.8954703832752613,1.6324416258516173e-05,1.4618031283758385e-05,3.0885895045363192e-06
YBR120C,0,4,0.6666666666666666,0.0012490241785162953,0.0008326827856775302,0.00023631613575554464
YIR024C,0,7,0.3333333333333333,0.0001186258326917561,3.954194423058536e-05,2.2444079838230147e-05
YNR074C,0,4,0.16666666666666666,8.394758021260422e-06,1.3991263368767368e-06,1.5882933335555468e-06
YBR121C,1,5,0.1,0.0009619377564550243,9.619377564550244e-05,0.00018199920974535709
YPR081C,0,3,0.3333333333333333,9.251734483061282e-06,3.0839114943537606e-06,1.7504338023868283e-06
YMR225C,0,4,1.0,0.0,0.0,0.0
YGR211W,1,4,0.0,0.00023583252761958572,0.0,4.4619657946674533e-05
YBR125C,0,4,0.0,0.00021387225465448442,0.0,4.046476091864875e-05
YNL076W,0,5,0.3,0.0001540408984121497,4.621226952364491e-05,2.9144631855176458e-05
YDR074W,0,4,1.0,0.0,0.0,0.0
YML100W,0,4,1.0,0.0,0.0,0.0
YIL177C,0,2,0.0,2.886098285251265e-05,0.0,5.460515544154331e-06
YBR265W,1,1,0.0,0.0,0.0,0.0
YCL040W,0,3,0.3333333333333333,5.208304362784655e-05,1.7361014542615517e-05,9.854143594834791e-06
YMR251W,0,1,0.0,0.0,0.0,0.0
YMR261C,0,4,1.0,0.0,0.0,0.0
YPR035W,1,5,0.0,0.0002737865798117403,0.0,5.180058775138705e-05
YLR411W,0,1,0.0,0.0,0.0,0.0
YJR033C,0,9,0.8333333333333334,4.8223620641155564e-05,4.01863505342963e-05,9.123938413743465e-06
YNL239W,0,2,1.0,0.0,0.0,0.0
YJR069C,0,2,0.0,2.6386942025922257e-06,0.0,4.992425512033574e-07
YGR106C,0,19,0.7660818713450293,0.000590732682301336,0.00045254959872207616,0.00011176698349569881
YCR027C,0,22,0.7619047619047619,0.0005978573439825504,0.00045551035732003837,0.00011311497382769558
YNL006W,1,42,0.29732868757259,0.006692504212649558,0.001989873494121123,0.0012662258755789279
YHR186C,1,51,0.21019607843137256,0.008898800659295427,0.0018704930013264114,0.0016836585078454126
YPR170W-B,0,18,0.8562091503267973,4.713596207925495e-05,4.035824204171502e-05,8.918152750991035e-06
YDR202C,0,7,0.9047619047619048,1.611006791837e-05,1.4575775735668096e-05,3.048034667952507e-06
YPR097W,0,1,0.0,0.0,0.0,0.0
YBR129C,0,1,0.0,0.0,0.0,0.0
YLR196W,1,31,0.2989247311827957,0.0026957192477944057,0.000805817151491231,0.0005100317245078105
YHR107C,1,25,0.22333333333333333,0.0024457017541863004,0.000546206725101607,0.00046272826235150665
YIL138C,0,5,0.4,3.186793752453987e-05,1.274717500981595e-05,6.02943320060007e-06
YBR131W,0,9,0.9166666666666666,4.027688611673832e-06,3.692047894034346e-06,7.620411398825108e-07
YML001W,0,34,0.11586452762923351,0.007013929817431431,0.0008126656651212887,0.0013270397958868366
YGL124C,0,7,0.7142857142857143,5.620956407618019e-05,4.014968862584299e-05,1.0634883778443432e-05
YBR133C,0,8,0.03571428571428571,0.0008957123137630774,3.1989725491538476e-05,0.00016946931562893426
YKL183W,0,8,0.39285714285714285,0.00023279056112199232,9.145343472649698e-05,4.404411603149477e-05
YBR134W,0,1,0.0,0.0,0.0,0.0
YLL050C,1,16,0.2,0.002028830885223686,0.0004057661770447373,0.00038385603989435287
YLR210W,0,4,1.0,0.0,0.0,0.0
YDL155W,1,18,0.16339869281045752,0.0008323027751544009,0.00013599718548274524,0.00015747219228113435
YGR108W,0,7,0.3333333333333333,0.002936203670661104,0.0009787345568870345,0.0005555315238701965
YLR109W,0,8,0.10714285714285714,0.001314067931461611,0.00014079299265660117,0.0002486224534517595
YKR091W,0,9,0.6944444444444444,4.898913455987888e-05,3.402023233324922e-05,9.268774113685376e-06
YLR079W,0,22,0.19913419913419914,0.0030355758065253318,0.0006044869571435725,0.0005743327925350712
YGR109C,0,7,0.5714285714285714,7.42605754201663e-05,4.2434614525809316e-05,1.4050146125372168e-05
YKL154W,1,13,0.8461538461538461,0.00023354352443137087,0.0001976137514419292,4.418657714850006e-05
YBR137W,0,5,1.0,0.0,0.0,0.0
YOL111C,0,11,0.32727272727272727,0.0007169061137760594,0.00023462381905398308,0.0001356390736233237
YBR139W,0,4,0.0,0.00011735825926224039,0.0,2.220425417288123e-05
YBR280C,0,7,0.14285714285714285,0.0013479332123140018,0.0001925618874734288,0.00025502978522720985
YER062C,0,9,0.05555555555555555,0.0005427306311112922,3.015170172840512e-05,0.00010268496615713453
YML058W,0,22,0.008658008658008658,0.01252736107109465,0.00010846200061553809,0.002370184349074957
YLR310C,1,12,0.16666666666666666,0.0026749028684995286,0.0004458171447499214,0.0005060932528593027
YBR141C,0,2,1.0,0.0,0.0,0.0
YPL029W,0,20,0.5842105263157895,0.0007483214098051567,0.00043717724467564424,0.00014158286677713728
YER035W,0,5,0.3,6.790241623502032e-06,2.0370724870506096e-06,1.2847178532753448e-06
YKL014C,1,21,0.5476190476190477,7.033792817040409e-05,3.8518389236173674e-05,1.3307978875177636e-05
YMR163C,0,2,0.0,6.688400532058899e-06,0.0,1.2654494567103104e-06
YER176W,0,6,0.4,5.665193023593179e-05,2.266077209437272e-05,1.0718579725455202e-05
YIL129C,1,7,0.19047619047619047,0.0010001741156468445,0.0001905093553613037,0.00018923355220644983
YOR046C,1,21,0.4523809523809524,0.0006425469227508948,0.00029067598886350004,0.00012157026936538753
YJL016W,0,1,0.0,0.0,0.0,0.0
YER049W,0,11,0.14545454545454545,0.0037552384023033904,0.0005462164948804931,0.0007104933942330283
YDR140W,0,2,0.0,2.803392267916248e-05,0.0,5.3040352553295035e-06
YLR429W,0,17,0.08088235294117647,0.0015621294557722893,0.00012634870598158223,0.0002955558450249834
YLR178C,0,37,0.8423423423423423,0.0005193301435807899,0.0004374537695928275,9.825757965563937e-05
YLR284C,0,16,0.45,0.0006619568153169832,0.00029788056689264246,0.00012524263286766736
YGL143C,0,17,0.7426470588235294,0.0008712762694459968,0.0006470507589268065,0.00016484600115232952
YOR180C,0,11,0.7090909090909091,3.36527710976099e-05,2.3862874051032475e-05,6.367124800338118e-06
YLR281C,0,14,1.0,0.0,0.0,0.0
YMR228W,0,9,0.25,0.0002278064554029723,5.6951613850743074e-05,4.3101120192042686e-05
YBR148W,0,10,0.4666666666666667,0.0015490975813658757,0.0007229122046374087,0.0002930902064454056
YGR059W,0,8,0.75,0.002165444949142485,0.0016240837118568637,0.00040970350404312666
YDL225W,0,17,0.3014705882352941,0.0017698070670157235,0.0005335447775562108,0.0003348485756351221
YCR002C,0,19,0.30994152046783624,0.0014417557543722895,0.00044685997065339964,0.00027278106736196745
YDR218C,0,8,0.8214285714285714,1.9419502924130992e-05,1.5951734544821886e-05,3.6741817878782266e-06
YJR076C,1,27,0.19373219373219372,0.004552572014357201,0.0008819797634652126,0.000861349399544625
YBR150C,0,2,0.0,0.0010827224745712425,0.0,0.00020485175202156333
YOL089C,0,1,0.0,0.0,0.0,0.0
YBR151W,0,1,0.0,0.0,0.0,0.0
YKL216W,0,9,0.0,0.007132912054600102,0.0,0.0013495513076692992
YML098W,1,50,0.5869387755102041,0.0015207621143148496,0.0008925942532182669,0.00028772911881115235
YBR236C,1,33,0.7310606060606061,0.0003434949681523232,0.00025111563959620596,6.498945730710837e-05
YDL115C,0,12,0.8333333333333334,5.8043063112755825e-05,4.836921926062986e-05,1.0981782913534447e-05
YML015C,1,43,0.778516057585825,0.00011275793107215493,8.778385995982825e-05,2.133386927578525e-05
YMR277W,1,27,0.6638176638176638,0.0006053574009685404,0.0004018469356856693,0.0001145339891801293
YPL190C,1,31,0.33763440860215055,0.003028676614651025,0.0010225854376348623,0.0005730274612279472
YNL153C,0,18,0.2875816993464052,0.0010173000311731952,0.00029255687170993847,0.0001924737858609101
YLR200W,0,13,0.34615384615384615,0.00032002865826201687,0.00011077915093685198,6.0549617175024844e-05
YDR005C,0,22,0.6623376623376623,0.0005876386849388683,0.00038921523288158814,0.00011118159730917618
YJR072C,1,23,0.33992094861660077,0.003466747905624235,0.001178420236694404,0.0006559108164494659
YEL003W,0,11,0.36363636363636365,0.0002939082647814587,0.00010687573264780317,5.560762281021416e-05
YFL023W,0,9,0.1388888888888889,0.00027661023027284495,3.8418087537895136e-05,5.2334824139416986e-05
YDR289C,0,35,0.7865546218487395,0.0007227390313831482,0.0005684737255248963,0.0001367426651892813
YBR233W,0,23,0.5138339920948617,0.00018065863916597212,9.282854976907659e-05,3.418072462718209e-05
YDL108W,1,74,0.5027767493520918,0.005015389719508105,0.002521621339908185,0.0009489147914095223
YER139C,0,35,0.8571428571428571,5.972724391025499e-05,5.119478049450427e-05,1.1300430946794678e-05
YOR124C,0,49,0.4481292517006803,0.007236622468698338,0.0032429422117381157,0.0013691733812198814
YCR042C,0,37,0.8033033033033034,0.00023057208232991558,0.0001852193153851424,4.3624378492048597e-05
YJR035W,0,36,0.7904761904761904,0.00045621692502249926,0.000360628616922547,8.631652024195583e-05
YPR093C,0,26,0.3630769230769231,0.0018947979734866042,0.0006879574180659056,0.0003584969313113656
YJR031C,0,9,0.1388888888888889,0.0018087138877605402,0.00025121026218896393,0.00034220976983063446
YGR187C,0,6,0.3333333333333333,4.43769163589545e-05,1.4792305452984832e-05,8.396139619292665e-06
YBR156C,0,20,0.20526315789473684,0.0011435720335623305,0.00023473320688910995,0.0002163645256656128
YMR094W,1,8,0.5714285714285714,5.418054142629349e-05,3.096030938645342e-05,1.0250991456557971e-05
YHR199C-A,0,3,1.0,0.0,0.0,0.0
YFL008W,1,26,0.14153846153846153,0.0021801917945208356,0.00030858099245525673,0.0004124936161757324
YER016W,1,26,0.1476923076923077,0.0024101834160921445,0.0003559655506843783,0.00045600817113850825
YGR140W,1,33,0.10606060606060606,0.008369896789398104,0.0008877163261482838,0.0015835895733362654
YBR158W,1,6,0.2,0.00022279176941892524,4.455835388378505e-05,4.2152338547811264e-05
YKL055C,0,4,0.0,0.00011048277288305345,0.0,2.0903407959880446e-05
YJL123C,0,7,0.0,0.0007006657654751813,0.0,0.0001325663898276052
YIL105C,0,18,0.1568627450980392,0.0018608642599669905,0.0002919002760732534,0.0003520766520335725
YJL097W,1,7,0.7142857142857143,6.135873584008475e-05,4.3827668457203394e-05,1.1609110214182212e-05
YJL196C,0,7,0.8095238095238095,1.7061751549421557e-05,1.3811894111436499e-05,3.2280937909224597e-06
YLR372W,0,8,0.6071428571428571,0.0013501241436886132,0.000819718230096658,0.00025544431077848364
YCR034W,0,7,0.8095238095238095,1.7061751549421557e-05,1.3811894111436499e-05,3.2280937909224597e-06
YER059W,0,5,0.5,8.727737474524049e-05,4.3638687372620246e-05,1.6512932490373492e-05
YEL061C,0,10,0.2,0.0007580110762226594,0.0001516022152445319,0.00014341615756840488
YLR131C,0,16,0.1,0.0015946489970872291,0.00015946489970872292,0.0003017085620598275
YGR035C,0,1,0.0,0.0,0.0,0.0
YIL101C,0,4,0.16666666666666666,0.0001566594342690805,2.6109905711513418e-05,2.9640060435095778e-05
YJR059W,0,12,0.5454545454545454,0.0015799960262124944,0.0008618160142977242,0.0002989362110405148
YNL042W,0,3,0.0,0.0005163153408416491,0.0,9.768717714011299e-05
YKR090W,0,2,0.0,3.612206430670192e-05,0.0,6.834316580334891e-06
YOR081C,0,15,0.17142857142857143,0.0063363127930836875,0.0010862250502429178,0.0011988342419269056
YML027W,0,6,0.26666666666666666,0.00020158312921384044,5.3755501123690785e-05,3.813965089604061e-05
YLR187W,0,4,0.0,0.0002345256830709742,0.0,4.437240216166009e-05
YDR451C,0,9,0.1388888888888889,0.0024754618418051967,0.00034381414469516623,0.0004683588890653932
YKR089C,0,10,0.4,0.0012848821021552972,0.0005139528408621189,0.00024310047676057807
YOL001W,0,7,0.3333333333333333,0.00020315459479668956,6.771819826556318e-05,3.843697314199815e-05
YLR133W,0,5,0.2,0.0002719317237747395,5.438634475494791e-05,5.144964785880021e-05
YGL166W,1,2,0.0,0.0001463455328266763,0.0,2.768866399669552e-05
YPL267W,0,8,0.4642857142857143,0.00014462203020890665,6.714594259699237e-05,2.7362576251076614e-05
YGR234W,0,14,0.13186813186813187,0.004659330855111065,0.0006144172556190416,0.0008815482372762243
YML119W,0,2,0.0,0.00011497804584072208,0.0,2.1753916342980407e-05
YGR098C,1,8,0.21428571428571427,0.0006311755598408815,0.00013525190568018888,0.00011941880057287752
YOR083W,0,10,0.5111111111111111,0.0001190091329305262,6.082689016449117e-05,2.2516600476996268e-05
YNR009W,0,7,0.7619047619047619,2.5749506696901214e-05,1.961867176906759e-05,4.871822359316982e-06
YPR174C,0,4,0.16666666666666666,0.00018836377874492728,3.139396312415454e-05,3.563854173118624e-05
YNL161W,1,31,0.08172043010752689,0.01434803961645533,0.0011725279686565647,0.002714657839415039
YOR372C,1,9,0.4722222222222222,0.00010027555616386874,4.735234596627135e-05,1.897219633612912e-05
YJR090C,0,24,0.11231884057971014,0.007844569797461613,0.0008810929844975,0.0014841973863171283
YHR082C,1,13,0.15384615384615385,0.000965655029129784,0.00014856231217381293,0.00018270252000080178
YIR031C,0,2,0.0,0.004566867873512038,0.0,0.0008640541848089022
YCL051W,0,4,0.5,0.0004078497650223486,0.0002039248825111743,7.716542409401475e-05
YNL068C,0,8,0.2857142857142857,0.0001199953952633698,3.428439864667708e-05,2.2703201911418225e-05
YKL161C,0,14,0.04395604395604396,0.0010326434292025142,4.5390919964945685e-05,0.0001953767661186302
YDR113C,1,8,0.21428571428571427,0.001315621822542539,0.0002819189619734012,0.0002489164505912433
YOR066W,0,4,0.8333333333333334,8.38009564788498e-06,6.98341303990415e-06,1.5855192035773703e-06
YFL033C,0,10,0.08888888888888889,0.0009316454849511346,8.281293199565641e-05,0.00017626789351610634
YDL127W,0,7,0.23809523809523808,0.0019026329160885273,0.000453007837163935,0.0003599793072264199
YOR315W,0,2,0.0,6.400937557817201e-05,0.0,1.2110612867981077e-05
YIL050W,0,4,0.3333333333333333,0.00012619035725191795,4.206345241730598e-05,2.3875292494985004e-05
YKL048C,0,13,0.08974358974358974,0.0015129447217381688,0.00013577709041239977,0.00028625006337156927
YDR501W,0,1,0.0,0.0,0.0,0.0
YDR168W,1,20,0.13157894736842105,0.002761725610834229,0.0003633849487939775,0.00052252016862054
YER167W,0,4,0.0,0.00013866716463694002,0.0,2.6235912055846604e-05
YBR162C,0,4,0.16666666666666666,8.299732309027565e-05,1.3832887181712608e-05,1.5703144108905248e-05
YER086W,0,13,0.0641025641025641,0.00168130793258213,0.0001077761495244955,0.0003181044854671475
YBR163W,0,1,0.0,0.0,0.0,0.0
YPR095C,0,3,0.3333333333333333,3.3444204600093216e-05,1.114806820003107e-05,6.327663891903377e-06
YJL004C,0,7,0.2857142857142857,0.004889506464235955,0.0013970018469245586,0.0009250976027962634
YLR309C,0,10,0.17777777777777778,0.008079375562049067,0.0014363334332531674,0.0015286227800723935
YDR141C,1,5,0.1,0.00082450381179722,8.245038117972201e-05,0.0001559966236611118
YNL297C,0,3,0.3333333333333333,1.8565512764923382e-05,6.18850425497446e-06,3.5126063293175006e-06
YJL029C,0,9,0.2777777777777778,0.00045333998340197084,0.00012592777316721413,8.577220113408621e-05
YNL316C,0,2,0.0,8.20383968492395e-06,0.0,1.5521714679712422e-06
YIL009C-A,0,10,0.6444444444444445,0.00010860498236363633,6.99898775232323e-05,2.0548128849243707e-05
YBR168W,0,1,0.0,0.0,0.0,0.0
YLR324W,0,9,0.16666666666666666,0.00344311921544195,0.0005738532025736583,0.0006514402538671823
YMR264W,0,21,0.47619047619047616,0.0006111991368717497,0.0002910472080341665,0.00011563924917308694
YHR092C,0,1,0.0,0.0,0.0,0.0
YLR207W,0,16,0.775,0.00014647276444537446,0.00011351639244516521,2.77127362964907e-05
YDR057W,0,15,0.8571428571428571,6.762739603823714e-05,5.796633946134612e-05,1.2795144543919272e-05
YDR330W,0,9,0.4166666666666667,0.00012547163200540777,5.227984666891991e-05,2.373930924033977e-05
YMR022W,0,18,0.6013071895424836,0.0013711669978543016,0.0008244925738731748,0.00025942563161056716
YPL009C,0,21,0.44761904761904764,0.0026539436803563665,0.001187955742635707,0.0005021277616896689
YIR033W,0,6,0.13333333333333333,0.0014022729389492963,0.00018696972519323952,0.0002653108946223215
YML029W,0,20,0.4421052631578947,0.0017627403909674761,0.0007793168044277262,0.0003335115562202203
YKL020C,0,9,0.4722222222222222,0.00011104944449836422,5.244001545756088e-05,2.1010622574838237e-05
YIL030C,0,20,0.4789473684210526,0.001196645284336634,0.0005731301098664931,0.00022640601705600923
YBR201W,0,19,0.5497076023391813,0.001492995653822328,0.0008207110611654902,0.0002824756875645321
YBR171W,0,12,0.3939393939393939,0.0046070727617623835,0.0018149074516033631,0.0008716609741675288
YPL094C,1,13,0.34615384615384615,0.0030708220088404956,0.0010629768492140177,0.0005810013954928393
YJR117W,0,5,0.1,0.001276136163323698,0.00012761361633236982,0.00024144573980368984
YPL187W,0,12,0.4090909090909091,0.002651547829980652,0.0010847241122648123,0.0005016744653385047
YLR292C,0,15,0.2571428571428571,0.0029091438472794297,0.0007480655607289961,0.0005504117887955873
YCL001W,0,2,0.0,1.3421661698277682e-05,0.0,2.5393865727426368e-06
YOR254C,1,13,0.3974358974358974,0.000784905274897309,0.00031194953233098176,0.00014850455634750999
YBR172C,0,5,0.3,8.788970511641183e-06,2.636691153492355e-06,1.662878576976546e-06
YKL204W,0,14,0.16483516483516483,0.0009140123966989959,0.00015066138407126306,0.0001729317024728458
YGL096W,0,3,0.3333333333333333,3.0974847063508845e-05,1.0324949021169614e-05,5.860459941105848e-06
YHR029C,0,5,0.3,9.408521601950458e-05,2.8225564805851372e-05,1.7800980208298595e-05
YLR403W,1,8,0.14285714285714285,0.000554435930505128,7.9205132929304e-05,0.0001048996159358913
YDR470C,1,5,0.1,0.00021540603427035643,2.1540603427035645e-05,4.0754952956687645e-05
YLR368W,0,6,0.13333333333333333,0.005155834224743089,0.0006874445632990786,0.0009754869773896656
YMR187C,0,2,0.0,2.0531698695073913e-06,0.0,3.884609905534927e-07
YOR211C,0,5,0.4,0.0003479657852269195,0.00013918631409076782,6.583533862222715e-05
YBR180W,0,1,0.0,0.0,0.0,0.0
YGL017W,0,3,0.0,0.000287752393457465,0.0,5.4442928204203716e-05
YPR163C,0,20,0.4368421052631579,0.000921917369643605,0.00040273232463378534,0.00017442732817141412
YBR182C,0,2,0.0,1.559004999199157e-05,0.0,2.9496469593724055e-06
YBR183W,0,2,1.0,0.0,0.0,0.0
YKL008C,0,13,0.05128205128205128,0.004397222650248123,0.00022549859744862166,0.0008319572051821846
YHL003C,0,6,0.2,0.0003436160438357495,6.87232087671499e-05,6.501236490019858e-05
YBR185C,0,17,0.6911764705882353,0.0007153567322312459,0.0004944377413951259,0.00013534592969082095
YBR186W,0,5,0.0,0.00011501547888172688,0.0,2.1760998697150957e-05
YIL072W,0,5,0.2,8.632928603950551e-05,1.7265857207901102e-05,1.6333553529464256e-05
YBR187W,0,4,0.16666666666666666,1.1536246088490455e-06,1.9227076814150757e-07,2.1826647903609927e-07
YBR192W,1,1,0.0,0.0,0.0,0.0
YGL253W,0,13,0.1794871794871795,0.0012769541666289657,0.00022919690170263487,0.00024160050652755402
YOR192C,0,1,0.0,0.0,0.0,0.0
YLR017W,0,2,0.0,1.8291221223127824e-05,0.0,3.460710202451041e-06
YNL183C,0,9,0.0,0.004502689083707296,0.0,0.0008519115186660096
YMR099C,0,4,0.3333333333333333,0.0003126400148100311,0.00010421333827001036,5.915168133112237e-05
YJL052W,0,19,0.10526315789473684,0.0038513638443466278,0.00040540672045753974,0.0007286803864483716
YBR197C,0,1,0.0,0.0,0.0,0.0
YLR423C,0,23,0.16600790513833993,0.004815624991779842,0.000799431816817207,0.0009111191831827232
YPL011C,1,15,0.9619047619047619,1.678777120964949e-06,1.614823706832951e-06,3.1762565436684973e-07
YEL043W,0,5,0.1,0.004620499537055027,0.0004620499537055028,0.0008742013282354418
YLL021W,0,24,0.13768115942028986,0.003002071625803847,0.0004133287021034282,0.0005679937811244499
YIL140W,0,4,0.3333333333333333,8.284503304021509e-05,2.761501101340503e-05,1.5674330738625194e-05
YOL113W,0,13,0.2948717948717949,0.0003511996040912294,0.00010355885761664457,6.644717912210834e-05
YJR088C,0,8,0.8214285714285714,3.0057822110799132e-05,2.4690353876727857e-05,5.686958261199863e-06
YKL207W,0,8,0.8214285714285714,3.0057822110799132e-05,2.4690353876727857e-05,5.686958261199863e-06
YGL001C,1,17,0.36764705882352944,0.0049891939840246745,0.0018342624941267186,0.0009439585422918532
YBR204C,0,1,0.0,0.0,0.0,0.0
YBR205W,0,5,0.1,0.0013316617870234755,0.00013316617870234756,0.00025195122164611096
YOR099W,0,3,0.3333333333333333,5.7432283377450095e-05,1.914409445915003e-05,1.0866223015393242e-05
YHR181W,0,3,0.0,0.0010053796676689176,0.0,0.00019021844582139337
YHR105W,0,6,0.0,0.004770519151822755,0.0,0.000902585130774443
YDR483W,0,4,0.16666666666666666,0.0004738911089164203,7.898185148607004e-05,8.966048660568609e-05
YBR207W,0,14,0.04395604395604396,0.009653129962858767,0.0004243134049608249,0.0018263780717829284
YDR506C,0,3,1.0,0.0,0.0,0.0
YLR034C,0,3,0.3333333333333333,0.000423910650417922,0.00014130355013930733,8.020415339868132e-05
YGL006W,0,11,0.05454545454545454,0.0017956285100995978,9.794337327815988e-05,0.00033973400840269386
YOR316C,0,3,0.0,0.001312950062098981,0.0,0.00024841095188709797
YMR058W,0,3,1.0,0.0,0.0,0.0
YFL041W,0,3,0.3333333333333333,9.27839900926359e-06,3.09279966975453e-06,1.7554787469941996e-06
YER145C,0,7,0.14285714285714285,0.0015527016462102959,0.0002218145208871851,0.00029377209771035893
YDR374W-A,0,6,1.0,0.0,0.0,0.0
YDR532C,0,7,0.2857142857142857,0.0006620277140125977,0.00018915077543217075,0.00012525604694408468
YBR212W,0,12,0.30303030303030304,0.001714316549857254,0.0005194898635931072,0.00032434973597171107
YDR304C,0,10,0.022222222222222223,0.006084377975552735,0.00013520839945672746,0.0011511680209159436
YPL184C,0,2,0.0,7.08667094954282e-07,0.0,1.3408024624122091e-07
YBR214W,0,11,0.6,0.00026220698083640604,0.0001573241885018436,4.9609720568415095e-05
YNL173C,0,16,0.7416666666666667,6.269677067280751e-05,4.650010491566557e-05,1.1862267219958488e-05
YER027C,0,20,0.5263157894736842,0.00037931080373173356,0.00019963726512196503,7.176583522561781e-05
YFR040W,0,15,0.1523809523809524,0.0015951729100397642,0.00024307396724415457,0.0003018076867097301
YGL056C,0,12,0.45454545454545453,0.0038439157869260645,0.0017472344486027566,0.0007272712094454062
YDR422C,0,19,0.5497076023391813,0.0012274124831518653,0.0006747179731945925,0.00023222718982199598
YHR146W,0,29,0.23399014778325122,0.005930574218285296,0.001387695937776116,0.001122068256309865
YGL208W,0,18,0.6143790849673203,0.0005071918033301238,0.00031160803603288653,9.596099828286656e-05
YJL098W,0,23,0.1225296442687747,0.0027747020171585185,0.0003399832511142849,0.0005249753126051766
YGL115W,0,31,0.23225806451612904,0.004231053249684963,0.0009826962386365076,0.0008005178533286859
YBR216C,0,3,0.3333333333333333,6.293281598747361e-05,2.0977605329157868e-05,1.190692713734404e-05
YIR037W,0,9,0.05555555555555555,0.011814446397492413,0.0006563581331940229,0.002235300458364984
YPR049C,0,41,0.1573170731707317,0.013272604244522455,0.0020880072531017035,0.0025111848116535604
YBR218C,0,3,0.0,0.0004510660298905283,0.0,8.534196774392863e-05
YGL062W,0,2,0.0,1.0352964103038189e-05,0.0,1.958787117597767e-06
YBR219C,0,1,0.0,0.0,0.0,0.0
YHR179W,0,6,0.0,0.002389736537047024,0.0,0.00045213960916243534
YCR079W,0,6,0.4,1.7986798747488094e-05,7.194719498995238e-06,3.403113284538872e-06
YGR193C,0,10,0.5555555555555556,0.000383256071434322,0.00021292003968573445,7.251228227927241e-05
YDR430C,0,7,0.5238095238095238,0.0004158995765693206,0.00021785215915535842,7.868845334441766e-05
YLR134W,0,7,1.0,0.0,0.0,0.0
YML059C,0,7,0.19047619047619047,0.004680745595037009,0.0008915705895308589,0.0008855999191207829
YER178W,0,19,0.3157894736842105,0.0031779715989109975,0.001003569978603473,0.0006012741632332769
YDR148C,0,18,0.3660130718954248,0.0012160191203593642,0.0004450788937263032,0.00023007155863831214
YIL125W,0,20,0.3157894736842105,0.001651649344570934,0.0005215734772329265,0.00031249306254089375
YGR087C,0,9,0.5833333333333334,6.139370518891985e-05,3.581299469353658e-05,1.161572643629283e-05
YJL131C,0,3,0.3333333333333333,2.7112524213483373e-05,9.037508071161123e-06,5.129706104104403e-06
YDL080C,0,10,0.4666666666666667,0.0006351121812684056,0.0002963856845919226,0.00012016361174602074
YDL006W,0,18,0.17647058823529413,0.0012220106205217708,0.0002156489330332537,0.00023120515412037923
YBR223C,0,2,0.0,5.673060832384356e-06,0.0,1.0733465667636105e-06
YBR225W,0,4,0.5,5.184809718139818e-05,2.592404859069909e-05,9.809691583985706e-06
YGL197W,0,9,0.2222222222222222,0.0010399751959019026,0.0002311055990893117,0.00019676394084627947
YBR227C,0,2,0.0,1.0079499601072382e-05,0.0,1.9070474671711113e-06
YNL123W,0,3,0.0,9.176301429418951e-05,0.0,1.736161822667291e-05
YBR228W,0,9,0.3055555555555556,8.426571904141241e-05,2.5747858595987127e-05,1.5943125395846128e-05
YHR019C,1,13,0.1282051282051282,0.0033267034837567255,0.0004265004466354776,0.0006294143264862675
YKL013C,1,15,0.6,0.0005614309837576606,0.0003368585902545964,0.00010622308427419555
YBR229C,0,3,0.0,1.1654951656762454e-05,0.0,2.2051239562195975e-06
YDR221W,0,4,0.16666666666666666,0.00045114993529708693,7.519165588284782e-05,8.535784269798316e-05
YKL064W,0,5,0.3,0.002412038616365608,0.0007236115849096823,0.0004563591761608436
YBR230C,0,5,0.4,5.2118800587945464e-05,2.0847520235178187e-05,9.860908833476511e-06
YIL136W,0,5,0.8,1.0895271647608255e-05,8.716217318086604e-06,2.061392035523464e-06
YBR230W-A,0,1,0.0,0.0,0.0,0.0
YLR201C,0,10,0.26666666666666666,0.0017435861685950625,0.00046495631162534997,0.00032988756567439427
YHR129C,0,15,0.2761904761904762,0.0003082117770604993,8.512515747385219e-05,5.831385605025449e-05
YIL062C,1,14,0.5824175824175825,0.00029447395079903066,0.00017150680650932556,5.571465094947913e-05
YDR063W,0,5,0.6,2.897130053897626e-05,1.7382780323385755e-05,5.481387717663046e-06
YOR269W,0,18,0.12418300653594772,0.005919116220010891,0.0007350536482366466,0.0011199003960536147
YLR370C,0,17,0.4411764705882353,0.0006594751010968111,0.0002909448975427108,0.00012477309102480462
YDL029W,1,30,0.25517241379310346,0.00341630199870929,0.0008717460272568533,0.0006463664201184159
YBR235W,0,1,0.0,0.0,0.0,0.0
YNL251C,1,29,0.21674876847290642,0.0060551226832075335,0.0013124403845375936,0.0011456329017754724
YGL222C,0,5,1.0,0.0,0.0,0.0
YBR239C,0,4,0.16666666666666666,3.444733563603297e-05,5.741222606005494e-06,6.517456895231251e-06
YOL108C,0,5,0.1,0.00021055263056154707,2.1055263056154707e-05,3.9836686017219834e-05
YBR240C,0,3,0.3333333333333333,9.313848805288702e-06,3.1046162684295673e-06,1.7621858700059638e-06
YMR294W,0,15,0.1619047619047619,0.001667652497117919,0.0002700008804857583,0.0003155208687554239
YBR241C,0,2,0.0,0.00456918341382127,0.0,0.0008644922864465452
YGL104C,0,1,0.0,0.0,0.0,0.0
YBR244W,0,2,0.0,0.0002007735045894592,0.0,3.798646942370628e-05
YPR156C,0,4,0.0,0.0022330030827983744,0.0,0.00042248554410209585
YLR345W,0,9,0.027777777777777776,0.0042036078982070416,0.00011676688606130671,0.0007953251761033182
YOL017W,0,4,0.0,9.974420146143335e-05,0.0,1.8871663702610187e-05
YHR078W,0,1,0.0,0.0,0.0,0.0
YDR108W,0,16,0.45,0.0021099466957706383,0.0009494760130967872,0.00039920320068343004
YDR180W,1,16,0.3333333333333333,0.0003605224922155889,0.00012017416407186295,6.821107523679123e-05
YPL216W,0,12,0.0,0.0018477983443689638,0.0,0.0003496045728397961
YDL056W,0,15,0.2857142857142857,0.0013062633979950345,0.00037321811371286695,0.0002471458309636448
YDL106C,0,4,0.0,0.0008073409509207568,0.0,0.00015274939992389504
YDR017C,0,5,0.0,0.0009547350649490123,0.0,0.00018063645612295565
YBR246W,0,1,0.0,0.0,0.0,0.0
YGR280C,1,18,0.45098039215686275,0.00017958339799530046,8.098859125278256e-05,3.3977288342417587e-05
YGR100W,0,6,0.4,0.00013627726516890124,5.4510906067560496e-05,2.5783741620041237e-05
YKL159C,0,7,0.19047619047619047,0.0004116630068918098,7.841200131272568e-05,7.78868917795825e-05
YNR050C,0,4,0.0,0.00027286956939506904,0.0,5.1627088821708396e-05
YDR346C,0,4,1.0,0.0,0.0,0.0
YDR365C,1,28,0.5952380952380952,0.0015901997147482715,0.0009465474492549235,0.00030086675512981523
YNR054C,1,22,0.7489177489177489,1.4250055704153168e-05,1.0672119639906918e-05,2.6961192234941182e-06
YBR249C,0,2,0.0,6.153744483997631e-05,0.0,1.1642922065870527e-05
YDR035W,0,2,0.0,0.0001743284949038005,0.0,3.298305747506298e-05
YKL056C,0,8,0.21428571428571427,0.005919739135636078,0.0012685155290648737,0.0011200182520695174
YBR250W,0,1,0.0,0.0,0.0,0.0
YNL012W,0,1,0.0,0.0,0.0,0.0
YJR096W,0,3,1.0,0.0,0.0,0.0
YNL022C,0,2,0.0,5.330062305968871e-05,0.0,1.0084510365356534e-05
YDR124W,0,10,0.6222222222222222,0.00019157906371469036,0.00011920475075580734,3.6246875606924245e-05
YOR243C,0,23,0.5375494071146245,0.0019528046941400157,0.0010497290055456212,0.0003694718382094443
YBR254C,1,26,0.5784615384615385,0.006418586780940089,0.0037129055840514976,0.001214400530568747
YML077W,1,22,0.8095238095238095,0.00018003490206957963,0.00014574253977061208,3.40627131884268e-05
YDR407C,1,23,0.758893280632411,0.00023803659749344313,0.0001806443743823758,4.5036669310012524e-05
YGL210W,0,22,0.26406926406926406,0.0009237137369142239,0.0002439244067176089,0.00017476720195375728
YPR181C,1,35,0.35798319327731093,0.011238501911204037,0.004023194801825983,0.002126331410567159
YDL195W,1,35,0.346218487394958,0.005472576396066419,0.0018947071219994661,0.0010354147892330402
YGR143W,0,1,0.0,0.0,0.0,0.0
YMR218C,1,24,0.7028985507246377,0.0002783246012825071,0.00019563395887248688,5.2659184179216974e-05
YKR068C,1,25,0.63,0.0038290541000762816,0.0024123040830480572,0.0007244593692364187
YIL109C,1,33,0.3996212121212121,0.008978613907681962,0.0035880445729562387,0.0016987592230799315
YDR472W,1,23,0.7391304347826086,0.0015433587816573015,0.0011407434473119185,0.00029200442204320426
YNL049C,0,24,0.6376811594202898,0.0011531724136692753,0.0007353563217601175,0.00021818092343251
YOR115C,0,24,0.677536231884058,0.00069160780559801,0.00046858934654647776,0.00013085261829874284
YDR246W,1,22,0.8095238095238095,0.00018003490206957963,0.00014574253977061208,3.40627131884268e-05
YGR166W,0,14,0.6043956043956044,0.00028077972596407725,0.00016970203217609063,5.312369526517203e-05
YHR098C,1,20,0.8842105263157894,2.4861231093102124e-05,2.19825622296903e-05,4.703760073745314e-06
YEL048C,0,11,0.9818181818181818,3.6517273655476053e-06,3.5853323225376486e-06,6.909090429971421e-07
YBR255W,0,6,0.8,6.157047144457825e-06,4.925637715566261e-06,1.1649170719588284e-06
YBR256C,1,1,0.0,0.0,0.0,0.0
YOL143C,0,2,0.0,0.0010827224745712425,0.0,0.00020485175202156333
YBR259W,0,1,0.0,0.0,0.0,0.0
YBR260C,0,9,0.05555555555555555,0.0007724111690969681,4.291173161649822e-05,0.00014614066391592805
YIL118W,1,24,0.036231884057971016,0.005490491606040325,0.00019893085529131612,0.0010388043578779896
YGR196C,0,3,0.0,2.7831221617344876e-05,0.0,5.26568409090354e-06
YBR262C,0,16,0.9666666666666667,0.00029848082761475803,0.0002885314666942661,5.647275448488545e-05
YNL100W,0,16,0.8833333333333333,4.330433334058304e-05,3.825216111751502e-05,8.193206258563286e-06
YCL057C-A,0,19,0.7192982456140351,0.001845339534631121,0.0013273494898223854,0.0003491393645389485
YKR016W,0,29,0.31527093596059114,0.0010739763687456216,0.0003385935349739891,0.0002031969834693044
YGR235C,0,16,0.9666666666666667,0.0002986799475798113,0.00028872394932715097,5.65104281036212e-05
YFR011C,0,15,1.0,0.0,0.0,0.0
YBR263W,0,7,0.19047619047619047,0.004106328040712015,0.0007821577220403838,0.0007769197677809725
YLR058C,0,15,0.047619047619047616,0.005167328564940926,0.00024606326499718693,0.0009776617135599766
YOR074C,1,4,0.16666666666666666,0.0010934230837661818,0.00018223718062769696,0.00020687631380241064
YBR264C,0,2,0.0,4.0811542715463525e-07,0.0,7.721568753134318e-08
YOR370C,1,17,0.22058823529411764,0.0015664297289396116,0.000345535969619032,0.00029636945932891306
YER136W,1,11,0.16363636363636364,0.0008460015744688868,0.00013843662127672692,0.0001600640134597568
YMR139W,0,15,0.12380952380952381,0.0009640971148436599,0.00011936440469492932,0.00018240776166844301
YBR270C,0,13,0.5769230769230769,0.00013558146199505703,7.822007422791751e-05,2.5652095235513568e-05
YPL180W,0,24,0.2246376811594203,0.0024547849615578913,0.0005514372015093813,0.0004644468107216995
YMR068W,0,11,0.8181818181818182,1.695649679304807e-05,1.387349737613024e-05,3.2081795268722463e-06
YNL047C,0,9,0.3611111111111111,0.00022047458221093012,7.961582135394699e-05,4.1713925315918457e-05
YJL058C,0,12,0.6818181818181818,4.222575550409326e-05,2.879028784369995e-05,7.989138674592562e-06
YOL078W,1,17,0.4338235294117647,0.00039400643801676584,0.00017092926355139105,7.454625818815873e-05
YGR232W,0,32,0.7560483870967742,0.0019380877825772335,0.001465288142069481,0.0003666873895729863
YGL004C,0,20,0.9736842105263158,3.775621291395298e-07,3.67626283635858e-07,7.143498492709567e-08
YKL073W,0,11,0.45454545454545453,0.0002559010348084526,0.00011631865218566027,4.841663173695695e-05
YNL234W,0,2,0.0,4.0649983339347845e-05,0.0,7.691001620715724e-06
YPL203W,1,13,0.1282051282051282,0.001568433660268575,0.00020108123849597114,0.00029674860435758866
YLR010C,1,6,0.7333333333333333,0.00012533050715902004,9.190903858328136e-05,2.3712608333398913e-05
YBR276C,0,1,0.0,0.0,0.0,0.0
YER081W,0,4,0.0,0.006037894710319186,0.0,0.0011423733588059265
YPL084W,0,13,0.10256410256410256,0.0032303799286258167,0.0003313210183205966,0.0006111898511540027
YOR040W,0,2,0.0,0.0004976582383614547,0.0,9.415724198084961e-05
YLL063C,0,5,0.0,0.0005619071395498024,0.0,0.00010631317324024762
YNL141W,0,1,0.0,0.0,0.0,0.0
YBR281C,0,6,0.13333333333333333,0.0011029547627822,0.00014706063503762667,0.0002086797132810367
YNL119W,0,8,0.21428571428571427,0.0003736984647115294,8.007824243818487e-05,7.070397726272378e-05
YIL173W,0,3,0.0,4.394407611998721e-05,0.0,8.314245982298573e-06
YFR044C,0,5,0.2,0.0006702254770737714,0.00013404509541475429,0.00012680706871113918
YNL191W,0,2,1.0,0.0,0.0,0.0
YER038C,1,23,0.466403162055336,0.0021513914082243344,0.0010034157556145118,0.0004070445655369042
YMR272C,0,4,0.0,5.997556891311141e-05,0.0,1.1347414188669326e-05
YOR054C,0,8,0.5357142857142857,0.00022861674296672244,0.00012247325516074416,4.3254427092909625e-05
YBR284W,0,2,1.0,0.0,0.0,0.0
YML035C,0,4,0.16666666666666666,0.0034159238775361605,0.0005693206462560267,0.0006462948793620252
YJL070C,0,4,0.16666666666666666,9.954464920888731e-05,1.6590774868147886e-05,1.883390829481735e-05
YBR286W,0,1,0.0,0.0,0.0,0.0
YBR287W,0,1,0.0,0.0,0.0,0.0
YDR073W,0,14,1.0,0.0,0.0,0.0
YJL207C,0,6,0.0,0.00043971533659297493,0.0,8.319440965469251e-05
YBR290W,0,2,1.0,0.0,0.0,0.0
YPL176C,0,5,0.2,0.0003129130068816613,6.258260137633227e-05,5.920333159744162e-05
YBR291C,0,2,0.0,7.263251990045003e-06,0.0,1.3742117028872323e-06
YMR038C,0,5,0.0,0.000492681670223925,0.0,9.321567225640904e-05
YNL259C,0,2,0.0,1.804273237376282e-05,0.0,3.4136959607171186e-06
YBR296C,0,1,0.0,0.0,0.0,0.0
YBR296C-A,0,1,0.0,0.0,0.0,0.0
YBR299W,0,1,0.0,0.0,0.0,0.0
YGR292W,0,1,0.0,0.0,0.0,0.0
YNR026C,1,4,0.5,0.0005878777081992819,0.00029393885409964094,0.00011122682065571197
YCL001W-B,0,2,0.0,0.0,0.0,0.0
YOR076C,0,19,0.5263157894736842,0.00024966663662223264,0.0001314034929590698,4.723707980075745e-05
YCL005W,0,1,0.0,0.0,0.0,0.0
YLR404W,0,6,0.0,0.007435537003326889,0.0,0.0014068081323940905
YHR060W,0,11,0.8181818181818182,7.675307097853608e-05,6.279796716425679e-05,1.4521727803992266e-05
YKL119C,0,10,1.0,0.0,0.0,0.0
YGR105W,0,12,0.6818181818181818,0.00013515204608995435,9.214912233405977e-05,2.557084948457352e-05
YCL008C,0,24,0.4601449275362319,0.0034256735543867363,0.0015763063094460707,0.0006481395241638018
YLR417W,0,18,0.7189542483660131,0.0018229935348384844,0.001310648946615904,0.00034491148776008345
YPL065W,0,16,0.8833333333333333,7.689796340737472e-05,6.7926534343181e-05,1.4549141539828874e-05
YJL049W,0,20,0.6842105263157895,0.00023570814066442507,0.00016127399098092243,4.4596123858954246e-05
YJR102C,0,16,0.8833333333333333,0.00010473790573177048,9.251848339639725e-05,1.9816475593821014e-05
YOR275C,0,10,0.3111111111111111,0.00016598674760311675,5.164032147652521e-05,3.140479380214633e-05
YMR077C,0,21,0.6428571428571429,0.00031041897055067875,0.00019955505249686492,5.87314584037042e-05
YNR006W,0,21,0.5904761904761905,0.0029494715078717234,0.0017415926998861605,0.0005580418067561304
YGR136W,0,26,0.36615384615384616,0.003338496543005812,0.0012224033495928973,0.0006316455804831204
YGR058W,0,8,0.25,0.0003871957404287663,9.679893510719158e-05,7.325767005393419e-05
YLR025W,0,31,0.3247311827956989,0.004759221663278467,0.00154546767990333,0.0009004476390569488
YGR206W,0,16,0.9,3.589421238542907e-05,3.2304791146886163e-05,6.791206857972559e-06
YKR035W-A,0,19,0.7426900584795322,0.0001465407248826942,0.0001088343395327612,2.7725594452648045e-05
YKL041W,0,23,0.5296442687747036,0.0011451257258604096,0.0006065092777284383,0.00021665848519526049
YCL009C,0,4,0.0,9.05014183252539e-05,0.0,1.712292350050853e-05
YEL020C,0,6,0.6666666666666666,2.0073636828370262e-05,1.3382424552246842e-05,3.797944321202553e-06
YDL084W,1,25,0.25,0.004704594868758123,0.0011761487171895308,0.000890112216243041
YMR216C,0,3,1.0,0.0,0.0,0.0
YNL253W,0,11,0.7454545454545455,2.7151565177670484e-05,2.0240257677899816e-05,5.137092678320947e-06
YFR053C,0,10,0.0,0.003942661489588834,0.0,0.0007459539565668041
YJR092W,0,9,0.25,0.00022899619307810543,5.7249048269526356e-05,4.332621928522776e-05
YLR123C,0,1,0.0,0.0,0.0,0.0
YPL023C,0,2,0.0,0.004566867873512035,0.0,0.0008640541848089015
YOR226C,0,4,0.8333333333333334,2.756839775527559e-06,2.2973664796062993e-06,5.215957656029925e-07
YIL008W,0,4,0.8333333333333334,8.40339355184441e-06,7.002827959870342e-06,1.589927181204702e-06
YHR111W,0,9,0.19444444444444445,0.0007125614977961339,0.00013855362457147047,0.00013481706963222609
YPL135W,0,7,0.3333333333333333,9.733652717177367e-05,3.2445509057257887e-05,1.8416130259721813e-05
YPL252C,1,14,0.24175824175824176,0.0038757647217240745,0.0009369980645926334,0.0007332970473185661
YPL026C,0,5,0.0,0.005738710476590056,0.0,0.0010857675194555323
YDL120W,1,17,0.3235294117647059,0.0038672063667693777,0.0012511550010136222,0.0007316778013455052
YOR251C,0,6,0.4666666666666667,0.00011817727615872961,5.5149395540740484e-05,2.2359212668822233e-05
YCL018W,0,2,1.0,0.0,0.0,0.0
YDR162C,0,16,0.18333333333333332,0.0008916883503561454,0.00016347619756529333,0.00016870797930005913
YNL166C,0,8,0.6428571428571429,7.965167314235178e-05,5.120464702008329e-05,1.5070145099852203e-05
YKR101W,0,9,0.3333333333333333,0.00018934657942002586,6.311552647334195e-05,3.582448821785324e-05
YKL105C,0,4,0.5,6.88630756765472e-05,3.44315378382736e-05,1.302893588453537e-05
YPR008W,0,5,0.0,0.00014671927317101214,0.0,2.775937589760869e-05
YMR232W,0,5,0.2,0.0001227794631090359,2.4555892621807183e-05,2.322994924448476e-05
YER149C,0,9,0.5,0.00017629907424072987,8.814953712036494e-05,3.335589228652039e-05
YIL159W,0,17,0.18382352941176472,0.002355733441620059,0.0004330392355919227,0.00044570620278548863
YCR060W,0,9,0.4722222222222222,0.00011334938462900843,5.352609829703176e-05,2.1445772649185537e-05
YHR034C,0,17,0.25735294117647056,0.0003342817672241479,8.602839597680276e-05,6.32463140767891e-05
YCL029C,0,12,0.19696969696969696,0.0016613247617413343,0.00032723063488844463,0.00031432365736592583
YMR019W,0,1,0.0,0.0,0.0,0.0
YCL030C,0,7,0.14285714285714285,0.00022312324495886633,3.1874749279838045e-05,4.221505392197593e-05
YGR052W,0,3,0.0,0.00011807556301532273,0.0,2.2339968480103633e-05
YLR223C,1,11,0.3090909090909091,0.0003010274761564788,9.3044856266548e-05,5.695458194095746e-05
YHR061C,0,13,0.28205128205128205,0.0032539498442804805,0.0009177807253098791,0.0006156492935598421
YGL157W,0,6,0.0,0.002202558498687815,0.0,0.0004167254102348408
YPR075C,0,5,0.7,3.3512314827573584e-05,2.3458620379301507e-05,6.340550388450394e-06
YCL033C,0,1,0.0,0.0,0.0,0.0
YCL035C,0,2,0.0,0.00012148502217837922,0.0,2.2985040231546377e-05
YGL220W,0,9,0.08333333333333333,0.010647600184337249,0.0008873000153614373,0.002014532443736657
YKL198C,0,17,0.2647058823529412,0.002552246889919622,0.0006755947649787236,0.00048288666696298324
YCL036W,0,2,0.0,1.760347918990319e-05,0.0,3.3305889906412196e-06
YLR224W,0,4,0.16666666666666666,5.6995060584269825e-05,9.49917676404497e-06,1.078350019647124e-05
YDR044W,1,6,0.0,0.0002880177466890935,0.0,5.449313319733938e-05
YHR204W,0,5,0.0,0.0016506427738888002,0.0,0.0003123026187544098
YCL044C,0,6,0.3333333333333333,9.73840047084912e-05,3.2461334902830396e-05,1.8425113038602527e-05
YER017C,0,9,0.4166666666666667,0.00045606391225744947,0.00019002663010727063,8.628757013355938e-05
YPR024W,0,13,0.2692307692307692,0.0008049522698754096,0.00021671791881261028,0.00015229746001440544
YMR115W,0,5,0.7,0.00028789099087979505,0.00020152369361585654,5.44691509209726e-05
YDR056C,0,12,0.42424242424242425,0.002315861625494606,0.000982486750209833,0.0004381624308758724
YJL192C,0,11,0.38181818181818183,0.0070787125135936164,0.0027027811415539266,0.0013392967214805901
YGL231C,0,7,1.0,0.0,0.0,0.0
YLL014W,0,8,0.75,0.0002607804246271775,0.0001955853184703831,4.933981526425723e-05
YCL046W,0,2,0.0,9.663649053441205e-06,0.0,1.8283682901316697e-06
YCL047C,0,4,0.5,0.00030600534071043386,0.00015300267035521693,5.7896396948175755e-05
YGR010W,0,5,0.4,0.0016048937863937611,0.0006419575145575045,0.0003036468824400024
YLR328W,0,5,0.4,0.0005003637993008542,0.0002001455197203417,9.466913575940683e-05
YGL067W,0,6,0.2,0.0018034959745044572,0.00036069919490089146,0.0003412225374626831
YCL049C,0,3,0.3333333333333333,0.0005706415051641194,0.00019021383505470646,0.00010796572053737311
YDR517W,0,15,0.08571428571428572,0.010146579245824593,0.0008697067924992508,0.0019197389768379038
YDR530C,0,2,1.0,0.0,0.0,0.0
YGL238W,1,10,0.08888888888888889,0.0028413781207216066,0.0002525669440641428,0.000537590472033061
YJR010W,0,2,1.0,0.0,0.0,0.0
YEL071W,0,4,0.3333333333333333,0.0002611337685456603,8.70445895152201e-05,4.940666814896901e-05
YHR128W,0,3,0.3333333333333333,0.00553370005966135,0.0018445666865537834,0.0010469794236351816
YCL052C,1,1,0.0,0.0,0.0,0.0
YJR013W,1,3,0.0,0.0013626125235894136,0.0,0.000257807119866383
YCL056C,0,8,0.10714285714285714,0.000705902020305436,7.563235931843957e-05,0.0001335570924325676
YOR193W,0,3,0.3333333333333333,4.663332295002066e-05,1.554444098334022e-05,8.82305312142159e-06
YDL157C,0,2,0.0,0.00022045750100039305,0.0,4.171069354047521e-05
YPL112C,0,7,0.23809523809523808,0.0017878709602773637,0.00042568356197080084,0.0003382662752487215
YOL147C,0,17,0.4338235294117647,0.004496083932331757,0.0019505070000556885,0.0008506618200004464
YJR080C,0,1,0.0,0.0,0.0,0.0
YCL058C,0,2,1.0,0.0,0.0,0.0
YER053C-A,0,1,0.0,0.0,0.0,0.0
YHR127W,0,10,0.5333333333333333,5.210014653294014e-05,2.7786744817568073e-05,9.85737947490135e-06
YHL038C,0,2,1.0,0.0,0.0,0.0
YDL055C,1,12,0.09090909090909091,0.00274424347427966,0.00024947667947996914,0.0005192125377304526
YDL166C,1,10,0.3333333333333333,0.0011057516744543301,0.0003685838914847767,0.0002092088906738975
YLR419W,0,9,0.25,0.0015146375618443056,0.0003786593904610764,0.0002865703497513009
YEL055C,1,12,0.4090909090909091,0.0002588002932801296,0.00010587284725096213,4.8965173206664204e-05
YMR004W,0,5,0.3,0.0016255798242857933,0.00048767394728573796,0.0003075606934156592
YLR068W,0,3,1.0,0.0,0.0,0.0
YOR288C,0,3,0.3333333333333333,3.7643888043080955e-06,1.2547962681026984e-06,7.122246558687561e-07
YCL063W,0,6,0.06666666666666667,0.002309388893938138,0.00015395925959587586,0.00043693778612077685
YER150W,0,2,0.0,1.9765338204303306e-05,0.0,3.73961403364575e-06
YJL043W,0,1,0.0,0.0,0.0,0.0
YEL013W,0,21,0.1,0.009178552096057967,0.0009178552096057967,0.001736587650166994
YCL064C,0,3,0.0,3.4022652505944696e-05,0.0,6.437106588208174e-06
YGL158W,0,10,0.08888888888888889,0.0008360649417814402,7.43168837139058e-05,0.00015818399649970963
YCL066W,0,4,0.6666666666666666,3.0338172442983822e-05,2.0225448295322546e-05,5.740000714900294e-06
YCR096C,0,6,0.6,0.00016725340578172863,0.00010035204346903717,3.164444630146647e-05
YCR097W,0,3,1.0,0.0,0.0,0.0
YCL073C,0,1,0.0,0.0,0.0,0.0
YDR288W,1,11,0.45454545454545453,0.0047486585901366654,0.002158481177334848,0.0008984490991811723
YHR168W,0,7,1.0,0.0,0.0,0.0
YCR005C,0,7,0.19047619047619047,0.0006155381759595257,0.00011724536684943346,0.00011646019801279117
YPR001W,0,3,1.0,0.0,0.0,0.0
YNR001C,0,10,0.13333333333333333,0.0026994353508701724,0.0003599247134493563,0.0005107348134744129
YKL085W,0,9,0.16666666666666666,0.0002551791610314727,4.252986017191211e-05,4.8280052778428057e-05
YGR244C,1,12,0.5757575757575758,0.00025927721913601985,0.00014928082313892053,4.905540786924677e-05
YCR007C,0,2,0.0,5.963043858262599e-05,0.0,1.1282115319812173e-05
YCR008W,0,2,0.0,8.508482846608742e-06,0.0,1.6098101398176272e-06
YLR305C,1,15,0.06666666666666667,0.005034179643695732,0.0003356119762463821,0.0009524698565167761
YLR218C,0,2,0.0,0.0002454445274379256,0.0,4.643825417004895e-05
YOR216C,0,5,0.1,0.0002378085061484073,2.3780850614840733e-05,4.499351428852833e-05
YPL249C,0,7,0.3333333333333333,0.00013132651860944114,4.377550620314705e-05,2.4847057353907628e-05
YHR042W,1,18,0.09803921568627451,0.004653290166645486,0.00045620491829857703,0.0008804053353372206
YPR062W,0,3,0.0,2.0166941551039338e-05,0.0,3.815597631593302e-06
YML011C,0,13,0.5512820512820513,0.0013401559624817631,0.0007388039280348182,0.00025355832481933904
YMR192W,0,7,0.3333333333333333,9.410697429439856e-05,3.136899143146618e-05,1.7805096887168464e-05
YGR086C,0,25,0.06666666666666667,0.017290216685726757,0.0011526811123817838,0.003271319533942617
YCR010C,0,1,0.0,0.0,0.0,0.0
YNR002C,0,1,0.0,0.0,0.0,0.0
YHR174W,0,17,0.1323529411764706,0.0064461438595056425,0.0008531660990522174,0.0012196143466271833
YDR050C,1,7,0.14285714285714285,0.0016078191266524163,0.0002296884466646309,0.0003042003585997007
YMR173W,0,9,0.05555555555555555,0.000611768587946425,3.398714377480139e-05,0.00011574698966345035
YKL060C,1,12,0.24242424242424243,0.0009581535472250811,0.00023227964781214087,0.0001812832350528792
YEL031W,0,2,1.0,0.0,0.0,0.0
YCR014C,0,5,0.0,0.00012825261897055917,0.0,2.4265473668935372e-05
YCR015C,0,1,0.0,0.0,0.0,0.0
YCR016W,0,4,0.16666666666666666,4.0308354558385053e-05,6.718059093064175e-06,7.626365247162166e-06
YLR022C,1,10,0.06666666666666667,0.001386958386812582,9.246389245417213e-05,0.0002624133720250614
YOL076W,0,8,0.75,3.0316278110104477e-05,2.2737208582578356e-05,5.735858293776679e-06
YPR051W,0,8,0.8214285714285714,1.1457540409476507e-05,9.411551050641416e-06,2.1677736279267425e-06
YPR131C,0,8,0.75,2.0744278056042415e-06,1.5558208542031812e-06,3.924830050180272e-07
YIL119C,0,2,0.0,4.2726311648075014e-06,0.0,8.083844202082813e-07
YEL053C,0,9,0.6388888888888888,0.00025802288311099503,0.00016484795309869125,4.881808672889467e-05
YDR520C,0,4,0.16666666666666666,4.79881265660949e-05,7.99802109434915e-06,9.079382791227199e-06
YCR021C,0,1,0.0,0.0,0.0,0.0
YLR138W,0,5,0.1,0.0012527088557227548,0.00012527088557227548,0.0002370132789285226
YCR023C,0,1,0.0,0.0,0.0,0.0
YCR024C,0,4,0.16666666666666666,4.9214249007628854e-05,8.202374834604809e-06,9.311365904388909e-06
YCR024C-A,0,7,0.047619047619047616,0.00015374685004385124,7.3212785735167254e-06,2.9088997724695447e-05
YCR026C,0,1,0.0,0.0,0.0,0.0
YEL016C,0,1,0.0,0.0,0.0,0.0
YFR009W,0,17,0.16911764705882354,0.0021942300940719995,0.00037108303061511756,0.00041514967100603255
YMR287C,0,18,0.7058823529411765,0.0015425719888326084,0.0010888743450583119,0.0002918555603612851
YCR037C,0,1,0.0,0.0,0.0,0.0
YML123C,0,4,0.0,0.005657869933117657,0.0,0.001070472439364714
YKL092C,0,12,0.015151515151515152,0.001509333811566603,2.28686941146455e-05,0.0002855668769665483
YGR041W,0,4,0.16666666666666666,0.00014454768531643467,2.4091280886072445e-05,2.7348510152113654e-05
YPR122W,0,3,0.3333333333333333,0.0005150917946375861,0.00017169726487919535,9.745568145265079e-05
YDL053C,0,13,0.08974358974358974,0.002153358920265593,0.00019325015951101476,0.0004074168200141515
YMR098C,0,5,0.5,3.7113615059536276e-05,1.8556807529768138e-05,7.021918587041968e-06
YNR046W,1,18,0.1568627450980392,0.008467609375004355,0.0013282524509810752,0.0016020768540809679
YCR048W,0,1,0.0,0.0,0.0,0.0
YNR019W,0,1,0.0,0.0,0.0,0.0
YCR051W,0,1,0.0,0.0,0.0,0.0
YER184C,0,1,0.0,0.0,0.0,0.0
YCR053W,0,2,0.0,2.6944280252913983e-06,0.0,5.097874244233447e-07
YML126C,1,12,0.09090909090909091,0.00453558681613721,0.00041232607419429185,0.000858135789690284
YOR209C,0,7,0.14285714285714285,0.0017369977017723365,0.0002481425288246195,0.00032864102373639134
YNR043W,1,4,0.0,8.419235116057125e-05,0.0,1.592924414807913e-05
YNL286W,0,21,0.9095238095238095,2.6366701408973096e-05,2.3981142710066007e-05,4.988595974971757e-06
YDR092W,0,18,0.2549019607843137,0.002619241598890346,0.0006676498193249902,0.0004955621067281569
YCR067C,0,3,1.0,0.0,0.0,0.0
YPL218W,1,22,0.3116883116883117,0.00398017464573288,0.0012405739155531054,0.0007530514685705236
YCR068W,0,7,0.47619047619047616,0.0002856711491106337,0.00013603388052887318,5.40491555054314e-05
YMR313C,0,6,0.6666666666666666,1.3494397016731429e-05,8.996264677820952e-06,2.55314813932044e-06
YNL111C,0,7,0.0,0.0008534043142931295,0.0,0.00016146461634588088
YNR008W,0,5,1.0,0.0,0.0,0.0
YDR058C,0,5,1.0,0.0,0.0,0.0
YGL250W,0,4,0.0,0.0005782602769831796,0.0,0.00010940719680857088
YCR073C,0,3,1.0,0.0,0.0,0.0
YLR006C,0,9,0.1388888888888889,0.00186973001045058,0.0002596847236736917,0.0003537540574280329
YNR034W,0,13,0.24358974358974358,0.0007672822167795368,0.0001869020784462974,0.00014517026301178417
YLR389C,0,10,0.26666666666666666,0.0007428234570349784,0.0001980862552093276,0.0001405426507624574
YCR075C,0,1,0.0,0.0,0.0,0.0
YPL246C,0,12,0.015151515151515152,0.010028328433691532,0.00015194437020744746,0.0018973658511179238
YNL256W,1,1,0.0,0.0,0.0,0.0
YOR323C,0,5,0.0,0.0011640095113302125,0.0,0.0002202313089143029
YCR083W,0,2,1.0,0.0,0.0,0.0
YDR353W,1,6,0.13333333333333333,0.0056930628862784044,0.0007590750515037872,0.0010771309675500153
YHR106W,0,2,1.0,0.0,0.0,0.0
YPR068C,0,4,0.3333333333333333,3.795068652508508e-05,1.2650228841695026e-05,7.1802930184518594e-06
YDR259C,0,6,0.0,0.0005231597511009858,0.0,9.89821437322997e-05
YLL029W,0,6,0.13333333333333333,0.0004462208211759649,5.9496109490128655e-05,8.442525130236635e-05
YNL154C,0,5,0.4,0.0005230369372357194,0.00020921477489428778,9.895890727414607e-05
YKR010C,0,11,0.4,9.743901405032426e-05,3.897560562012971e-05,1.8435520839601132e-05
YDL089W,0,8,0.32142857142857145,0.00043539456528351414,0.00013994825312684385,8.237691708977826e-05
YGR126W,0,5,0.0,0.00017146097168014305,0.0,3.244052033362111e-05
YDR110W,0,10,0.4222222222222222,0.000591338905392785,0.0002496764267213981,0.0001118816812740454
YHR152W,0,3,0.3333333333333333,1.1724960097342711e-05,3.90832003244757e-06,2.218369595841923e-06
YOR264W,0,1,0.0,0.0,0.0,0.0
YER106W,1,3,1.0,0.0,0.0,0.0
YOR284W,0,3,0.6666666666666666,2.1115046014236587e-07,1.407669734282439e-07,3.994979573824003e-08
YNL138W,0,18,0.13725490196078433,0.0017905071153005504,0.0002457558785706638,0.0003387650373856339
YOR367W,0,6,0.26666666666666666,0.0001696891353508894,4.5250436093570505e-05,3.2105287820333896e-05
YCR089W,0,2,0.0,1.7621197257734306e-05,0.0,3.333941259872611e-06
YCR090C,0,1,0.0,0.0,0.0,0.0
YER128W,0,4,0.3333333333333333,0.00020659722657326778,6.886574219108925e-05,3.908832117213526e-05
YHR120W,0,2,1.0,0.0,0.0,0.0
YMR162C,0,5,0.1,0.0037991552183570775,0.00037991552183570777,0.0007188024825941701
YDR093W,0,4,0.6666666666666666,3.0355033738494576e-05,2.0236689158996384e-05,5.743190882286539e-06
YCR095C,0,4,1.0,0.0,0.0,0.0
YNL099C,0,4,1.0,0.0,0.0,0.0
YHL029C,0,5,0.6,0.004566867873512035,0.0027401207241072208,0.0008640541848089015
YNL056W,0,4,1.0,0.0,0.0,0.0
YNL032W,0,5,0.6,0.01932681534568667,0.011596089207412003,0.0036566452415509013
YCR105W,0,3,0.0,5.743556344364497e-06,0.0,1.0866843605916251e-06
YMR318C,0,2,0.0,0.001118480609566948,0.0,0.0002116172129544719
YDR222W,0,1,0.0,0.0,0.0,0.0
YPL034W,0,1,0.0,0.0,0.0,0.0
YNL171C,0,1,0.0,0.0,0.0,0.0
YHR130C,0,1,0.0,0.0,0.0,0.0
YMR141C,0,1,0.0,0.0,0.0,0.0
YJL077W-B,0,1,0.0,0.0,0.0,0.0
YJL135W,0,2,0.0,1.521260652810872e-05,0.0,2.878234425984191e-06
YGL247W,1,4,0.0,0.0013163381687921008,0.0,0.0002490519837382161
YEL072W,0,1,0.0,0.0,0.0,0.0
YOR278W,0,1,0.0,0.0,0.0,0.0
YDL001W,0,2,0.0,0.0002352466475526681,0.0,4.4508809080966715e-05
YDL003W,1,22,0.24675324675324675,0.0010481754253672828,0.0002586406893763425,0.0001983154292585129
YLR383W,0,19,0.24561403508771928,0.004751620543271216,0.0011670646948385441,0.0008990095025193027
YMR076C,1,19,0.2222222222222222,0.001876124172369159,0.00041691648274870194,0.0003549638367597579
YPR007C,0,14,0.26373626373626374,0.001463889969409032,0.0003860808710529315,0.0002769688743359515
YGR184C,0,32,0.5745967741935484,0.0025335437690041608,0.0014557660769479552,0.00047934802508772274
YDR014W,0,6,0.6666666666666666,1.421265101046248e-05,9.475100673641652e-06,2.689042232652673e-06
YIL026C,1,15,0.3333333333333333,0.0007559721950524344,0.0002519907316841448,0.00014303040000846344
YER147C,1,7,0.3333333333333333,7.673588702832483e-05,2.557862900944161e-05,1.4518476590140056e-05
YPR199C,0,1,0.0,0.0,0.0,0.0
YER157W,1,17,0.3382352941176471,0.0014884979308161597,0.0005034625354231128,0.0002816247156307629
YDL036C,0,2,1.0,0.0,0.0,0.0
YDR177W,1,13,0.2948717948717949,0.0019630808179291162,0.0005788571642611497,0.000371416087092817
YER047C,0,8,0.07142857142857142,0.0006234369608565874,4.453121148975624e-05,0.00011795465292899242
YOR191W,0,11,0.14545454545454545,0.0005279276160447964,7.678947142469766e-05,9.98842266853007e-05
YOR156C,0,12,0.2727272727272727,0.0006425183026209287,0.00017523226435116234,0.00012156485441935625
YHR134W,0,8,0.14285714285714285,0.0010212819816829504,0.0001458974259547072,0.0001932271733240359
YPR045C,0,5,0.1,0.00012786981949425177,1.2786981949425178e-05,2.4193047774732375e-05
YJR055W,0,5,0.4,2.3867990243121548e-05,9.54719609724862e-06,4.515838299628192e-06
YOR381W,0,1,0.0,0.0,0.0,0.0
YDR117C,0,12,0.6666666666666666,6.85144330331476e-06,4.5676288688765065e-06,1.296297248393438e-06
YKR092C,0,14,0.21978021978021978,0.0006600410018269158,0.000145063956445476,0.00012488015978781163
YOL144W,1,11,0.43636363636363634,0.00016061223757116567,7.008534003105411e-05,3.038793322876751e-05
YLR369W,0,10,0.37777777777777777,0.0008740915941741087,0.0003302123800213299,0.00016537866230660337
YDL020C,0,12,0.5303030303030303,0.00019035584841710666,0.00010094628325149595,3.60154425271696e-05
YDL021W,0,2,1.0,0.0,0.0,0.0
YOL056W,0,2,1.0,0.0,0.0,0.0
YKL152C,1,14,0.08791208791208792,0.004822778723506527,0.000423980547121453,0.0009124726735850388
YDL022W,0,7,0.09523809523809523,0.0010822948489980135,0.0001030756999045727,0.00020477084500250485
YIL155C,0,3,0.3333333333333333,2.233617415535735e-05,7.445391385119116e-06,4.226017762303911e-06
YOL059W,0,7,0.19047619047619047,0.0004778491838510028,9.101889216209576e-05,9.040935679543896e-05
YGL037C,0,2,1.0,0.0,0.0,0.0
YDL023C,0,1,0.0,0.0,0.0,0.0
YOR227W,0,3,0.0,3.1554284052534535e-05,0.0,5.970089772549974e-06
YPL260W,0,5,0.3,9.87699169104595e-05,2.9630975073137846e-05,1.8687328471817484e-05
YOR026W,0,12,0.2727272727272727,0.001766930579488304,0.0004818901580422647,0.00033430434244194546
YJR064W,1,25,0.47,0.0027068578005101144,0.0012722231662397536,0.0005121391454696788
YNL051W,0,9,0.6111111111111112,0.0005039099578309533,0.00030794497423002705,9.534007111440135e-05
YJL008C,1,29,0.3497536945812808,0.0052548739757286725,0.001837911587570127,0.0009942253586329387
YOR122C,1,10,0.28888888888888886,0.0001669658820179716,4.8234588138525125e-05,3.159004663014092e-05
YDL033C,0,1,0.0,0.0,0.0,0.0
YGL236C,0,3,0.3333333333333333,0.0010827224745712425,0.0003609074915237475,0.00020485175202156333
YDL035C,0,3,0.3333333333333333,7.863355210168916e-05,2.6211184033896385e-05,1.4877515978495553e-05
YDL194W,0,4,0.16666666666666666,5.4064883869861954e-05,9.010813978310326e-06,1.0229108976397101e-05
YDL138W,0,3,0.0,2.455467409668674e-05,0.0,4.645759303201571e-06
YOR279C,0,5,0.5,2.917038924281508e-05,1.458519462140754e-05,5.51905542175798e-06
YKR097W,0,1,0.0,0.0,0.0,0.0
YFL036W,0,10,0.17777777777777778,0.00043508859957799975,7.734908436942218e-05,8.231902819183333e-05
YMR257C,0,6,0.5333333333333333,0.0006708259222372027,0.0003577738251931748,0.00012692067330198365
YLR067C,0,7,0.38095238095238093,0.0007330442516096628,0.0002792549529941572,0.0001386924191363447
YLR139C,0,4,0.5,7.235381996726586e-06,3.617690998363293e-06,1.3689386831668576e-06
YDL045C,1,2,0.0,7.205714651991044e-05,0.0,1.3633256034630212e-05
YKL001C,0,5,0.0,0.0013052264480412422,0.0,0.00024694963940044925
YGR077C,0,12,0.7424242424242424,0.004443869548695345,0.0032992364831223014,0.0008407828267959498
YNR016C,1,11,0.0,0.003185480312366532,0.0,0.0006026948163950238
YDL219W,0,1,0.0,0.0,0.0,0.0
YGL229C,0,9,0.4444444444444444,0.00012596608582112796,5.598492703161242e-05,2.3832860203604055e-05
YKR028W,0,10,0.4444444444444444,0.0002517167018821951,0.00011187408972542003,4.762495339729302e-05
YLR248W,0,5,0.0,0.000754797884452891,0.0,0.0001428082197273815
YLR097C,1,10,0.4666666666666667,0.0005194990733016874,0.0002424329008741208,9.828954126178232e-05
YIL142W,1,28,0.4021164021164021,0.004213413240077794,0.0016942825727296947,0.0007971803527608355
YKL110C,0,7,0.6666666666666666,7.662686865914506e-05,5.10845791060967e-05,1.4497850248253272e-05
YGR233C,0,16,0.175,0.007861627565800992,0.0013757848240151735,0.0014874247264822832
YNL101W,0,2,0.0,0.0045668678735120375,0.0,0.000864054184808902
YDL048C,0,2,0.0,0.00036275698697884495,0.0,6.863384300774498e-05
YHR006W,0,4,0.16666666666666666,0.0010920032125006965,0.00018200053541678275,0.00020660767329368291
YPL145C,0,10,0.08888888888888889,0.0017647124216926202,0.00015686332637267734,0.0003338846656352124
YPR139C,0,5,0.6,9.05093928662298e-05,5.430563571973788e-05,1.7124432288521017e-05
YOR175C,0,5,0.6,5.5310113377886504e-05,3.31860680267319e-05,1.046470715818306e-05
YOR086C,0,5,0.2,8.772520170571351e-05,1.7545040341142704e-05,1.6597661624209674e-05
YGL126W,0,1,0.0,0.0,0.0,0.0
YGL012W,0,11,0.509090909090909,0.00038678261478446223,0.00019690751298118074,7.317950643026484e-05
YPL239W,0,9,0.5555555555555556,0.0003062247291614262,0.00017012484953412568,5.79379053768032e-05
YMR144W,0,4,0.16666666666666666,4.496991151063306e-05,7.494985251772177e-06,8.508334663373328e-06
YGR120C,1,18,0.2549019607843137,0.0019629176632165067,0.0005003515612120507,0.00037138521812176155
YFL059W,0,6,0.6666666666666666,0.00013651139919207249,9.100759946138165e-05,2.582803991991118e-05
YGR049W,0,1,0.0,0.0,0.0,0.0
YGL087C,0,15,0.3142857142857143,0.0006490451376606487,0.00020398561469334674,0.00012279973558645483
YIL063C,1,10,0.1111111111111111,0.0011313582331050876,0.00012570647034500972,0.0002140536671757687
YGL016W,0,12,0.15151515151515152,0.00034632820158606405,5.247396993728243e-05,6.552550679940114e-05
YDR390C,1,5,0.4,0.00010071112063906274,4.02844482556251e-05,1.905460540027751e-05
YML023C,1,12,0.5151515151515151,0.00021869555143104366,0.00011266134467659824,4.137733160818708e-05
YPR180W,1,7,0.14285714285714285,0.0001382077352557543,1.9743962179393473e-05,2.6148987736940837e-05
YEL019C,1,11,0.5636363636363636,0.0001801929177484239,0.00010156328091274802,3.409260985116205e-05
YKL188C,0,7,0.3333333333333333,0.0007079651799599507,0.00023598839331998353,0.00013394744349653242
YNL214W,0,18,0.5424836601307189,0.003046897303972196,0.0016528920015012566,0.0005764748267515644
YMR110C,0,9,0.027777777777777776,0.0006391214000213101,1.775337222281417e-05,0.00012092215837736819
YDR329C,0,14,0.2967032967032967,0.0007576904587346267,0.00022480925698719693,0.0001433554965442784
YDL066W,0,19,0.15204678362573099,0.004957477955021819,0.0007537685779565338,0.0009379578502761317
YNL009W,0,9,0.2222222222222222,0.0005595957466301662,0.00012435461036225916,0.00010587585629124346
YLR174W,0,5,0.8,3.1351996779131075e-06,2.5081597423304863e-06,5.931816897144138e-07
YDL069C,0,1,0.0,0.0,0.0,0.0
YDL072C,0,6,0.2,0.00012713507475476977,2.5427014950953953e-05,2.405403362225427e-05
YKL065C,0,6,0.2,0.00026749014413302344,5.349802882660469e-05,5.060929828380025e-05
YDL073W,0,2,1.0,0.0,0.0,0.0
YDR420W,0,4,0.6666666666666666,1.638874204829622e-05,1.0925828032197479e-05,3.1007599831641243e-06
YFL034C-B,1,7,0.38095238095238093,0.00010722752821181438,4.084858217592929e-05,2.0287513684270946e-05
YOR365C,0,1,0.0,0.0,0.0,0.0
YLR098C,0,2,0.0,1.3419547808803099e-05,0.0,2.538986623565799e-06
YLR262C,0,29,0.07142857142857142,0.0049437449477568104,0.00035312463912548644,0.0009353595569324235
YNL304W,0,9,0.1388888888888889,0.0002654448686060557,3.6867342861952186e-05,5.022233090766623e-05
YDL078C,0,7,0.14285714285714285,0.0005235676806938953,7.479538295627076e-05,9.90593242598786e-05
YDL079C,0,2,0.0,7.832845107860398e-07,0.0,1.4819790678993185e-07
YKR021W,0,4,0.0,0.00018445915662180888,0.0,3.4899784845937595e-05
YOR166C,0,2,1.0,0.0,0.0,0.0
YKL214C,0,7,0.6666666666666666,1.317236663703392e-05,8.781577758022613e-06,2.4922197952299313e-06
YNL140C,0,6,0.6666666666666666,0.004566867873512037,0.0030445785823413575,0.0008640541848089019
YER063W,0,5,0.4,0.0010918417943272922,0.00043673671773091687,0.00020657713287690338
YDL085C-A,0,2,1.0,0.0,0.0,0.0
YDL085W,0,4,0.0,0.0011351152414558112,0.0,0.00021476449544532145
YPR054W,0,5,0.0,0.0014190373077024602,0.0,0.00026848272340696097
YKL093W,0,1,0.0,0.0,0.0,0.0
YDL086W,0,1,0.0,0.0,0.0,0.0
YPR028W,0,12,0.18181818181818182,0.0014546898809161418,0.0002644890692574803,0.00027522821198637916
YDL090C,0,4,0.16666666666666666,0.000967719089440991,0.0001612865149068318,0.00018309304146956167
YKL019W,1,2,0.0,7.665753031380858e-06,0.0,1.4503651452001435e-06
YDL091C,0,7,0.6190476190476191,0.0037431922321188435,0.0023172142389307126,0.0007082142514929355
YOR223W,0,7,0.6190476190476191,0.00012170093430572205,7.533867361782794e-05,2.3025890937620802e-05
YOL073C,0,6,0.8666666666666667,4.62579720868967e-05,4.009024247531047e-05,8.75203650937223e-06
YPR109W,0,5,1.0,0.0,0.0,0.0
YIR014W,0,5,1.0,0.0,0.0,0.0
YML019W,0,11,0.8,2.4961027034457952e-05,1.9968821627566363e-05,4.722641526667474e-06
YJL117W,0,5,0.1,0.001606423661513628,0.00016064236615136282,0.00030393633574501766
YOR085W,0,13,0.5641025641025641,0.00021803990245472833,0.00012299686805138522,4.1253282422302646e-05
YGR266W,0,1,0.0,0.0,0.0,0.0
YLR073C,0,14,0.5494505494505495,0.00013341778532432064,7.330647545292343e-05,2.5242726290822504e-05
YDL216C,0,20,0.35789473684210527,0.0006013309315622682,0.00021521317550649596,0.00011377217871465178
YDL099W,0,1,0.0,0.0,0.0,0.0
YGL020C,0,3,1.0,0.0,0.0,0.0
YJR104C,0,11,0.09090909090909091,0.005632338646513957,0.0005120307860467234,0.0010656419043800181
YMR031C,0,8,0.2857142857142857,0.0008025739754104666,0.00022930685011727617,0.00015184748525225812
YKL025C,0,6,0.06666666666666667,0.0003841348859238847,2.560899239492565e-05,7.267855451626477e-05
YMR086W,0,5,0.6,8.076962172743936e-05,4.846177303646361e-05,1.5281661653450953e-05
YDL103C,1,1,0.0,0.0,0.0,0.0
YDL104C,0,2,1.0,0.0,0.0,0.0
YKR095W-A,0,7,0.38095238095238093,0.0026289575176009256,0.0010015076257527335,0.0004974003644692733
YDL105W,1,11,0.45454545454545453,0.0002178073638436032,9.900334720163782e-05,4.12092859753641e-05
YLR007W,1,7,1.0,0.0,0.0,0.0
YKR099W,0,3,0.0,3.255412101571174e-05,0.0,6.159259535303701e-06
YDL107W,0,1,0.0,0.0,0.0,0.0
YDL125C,0,3,0.0,5.648121516918229e-05,0.0,1.0686280330789027e-05
YGL134W,0,7,0.3333333333333333,0.0012665049650474921,0.00042216832168249737,0.00023962351122038724
YOR352W,0,17,0.9705882352941176,6.76468845369741e-07,6.565727028588662e-07,1.2798831779756986e-07
YDL110C,0,4,0.3333333333333333,0.00027010197630645687,9.003399210215229e-05,5.1103458522716515e-05
YLR125W,0,3,0.0,1.6884557196053335e-05,0.0,3.1945685112794164e-06
YDR336W,0,19,0.7192982456140351,3.0169045956912692e-05,2.17005418286565e-05,5.7080018806665805e-06
YPR185W,0,26,0.3630769230769231,0.0016058659980501828,0.0005830528854459125,0.00030383082547788255
YDR425W,0,4,0.16666666666666666,0.00011320894835079343,1.886815805846557e-05,2.141920201976259e-05
YPL075W,1,6,0.26666666666666666,0.0001674851593942883,4.466270917181022e-05,3.168829422619804e-05
YOR176W,1,3,0.0,0.00015844804807808253,0.0,2.997846725777591e-05
YPL089C,0,9,0.08333333333333333,0.0005827402321500706,4.856168601250589e-05,0.00011025480705632076
YDL123W,0,7,0.19047619047619047,0.0005987934226915504,0.00011405589003648579,0.00011329208048990342
YGL023C,0,8,0.5714285714285714,5.8576553948735653e-05,3.3472316542134654e-05,1.1082719704821792e-05
YHL018W,0,3,0.0,0.0001642696325970163,0.0,3.107991459654797e-05
YKL077W,0,4,0.16666666666666666,0.00037219506177490645,6.203251029581773e-05,7.041953251091095e-05
YJL197W,0,3,0.3333333333333333,8.497772903940312e-06,2.832590967980104e-06,1.6077838121379074e-06
YGL108C,0,2,0.0,4.690058805568351e-05,0.0,8.873619842289691e-06
YLR450W,0,13,0.15384615384615385,0.000903978650639967,0.00013907363855999492,0.00017103331160371244
YJL048C,0,4,0.0,0.0006390314200088491,0.0,0.00012090513410417494
YKL039W,0,4,0.16666666666666666,0.0017301545972172542,0.000288359099536209,0.0003273463041842453
YGR078C,0,13,0.3333333333333333,0.0007877685096154029,0.0002625895032051343,0.00014904628210108575
YDL179W,0,5,0.4,0.00042420276293844814,0.00016968110517537926,8.025942126558407e-05
YNL289W,0,3,1.0,0.0,0.0,0.0
YDL129W,0,1,0.0,0.0,0.0,0.0
YDL130W-A,0,1,0.0,0.0,0.0,0.0
YDL131W,0,4,0.0,0.0003106922272392821,0.0,5.8783158735716035e-05
YHR079C,0,5,0.2,0.00011835499100789005,2.367099820157801e-05,2.2392836426586364e-05
YDR131C,0,2,1.0,0.0,0.0,0.0
YOL025W,0,6,0.5333333333333333,4.2815567621425986e-05,2.283496939809386e-05,8.100731486635189e-06
YLR306W,0,8,0.32142857142857145,0.000866691658616065,0.0002785794616980209,0.0001639785899893531
YLR267W,0,2,1.0,0.0,0.0,0.0
YML088W,0,12,0.3787878787878788,0.0001930789044870925,7.313594866935322e-05,3.653064639509563e-05
YLR352W,0,5,0.9,5.4636927030902295e-06,4.917323432781206e-06,1.0337339891080453e-06
YDR306C,0,5,0.9,5.4636927030902295e-06,4.917323432781206e-06,1.0337339891080453e-06
YLR063W,0,5,0.4,9.12021183833038e-06,3.648084735332152e-06,1.725549637851217e-06
YLR128W,0,6,0.5333333333333333,1.0317517403216705e-05,5.5026759483822425e-06,1.952080580389616e-06
YHR124W,0,7,0.0,0.0013910293320784127,0.0,0.00026318359735027184
YGL249W,0,5,0.3,0.0008483956654126863,0.00025451869962380585,0.00016051697692533043
YPR040W,1,8,0.21428571428571427,0.001942301698181029,0.00041620750675307763,0.0003674846649732687
YNL157W,0,4,0.16666666666666666,4.3586669031833696e-05,7.264444838638949e-06,8.246624343408916e-06
YOR386W,0,2,0.0,0.00456918341382127,0.0,0.0008644922864465453
YDR523C,0,7,0.047619047619047616,0.0010469208898200957,4.985337570571884e-05,0.00019807807036844607
YDL135C,0,6,0.13333333333333333,0.0031229050925169273,0.00041638734566892366,0.0005908555466648908
YNL267W,1,14,0.13186813186813187,0.0014175827930846385,0.0001869339946924798,0.00026820752835485885
YHR188C,1,6,0.4666666666666667,0.00849525284105356,0.0039644513258249945,0.0016073070147039573
YDR358W,0,5,0.1,0.00019829552303897156,1.982955230389716e-05,3.7517633804222606e-05
YDR277C,0,4,0.0,0.0001849748921907504,0.0,3.499736232988088e-05
YPL228W,1,5,0.4,0.00039280826601928296,0.0001571233064077132,7.431956331604505e-05
YJR110W,0,6,0.06666666666666667,0.0007926009555412271,5.284006370274847e-05,0.00014996058381524065
YOR262W,1,8,0.25,0.000489368577854246,0.0001223421444635615,9.258883316100117e-05
YDL141W,1,3,0.0,4.503652579930196e-06,0.0,8.52093812738556e-07
YDL142C,0,1,0.0,0.0,0.0,0.0
YML094W,0,12,0.4090909090909091,0.0003074384611131034,0.00012577027954626958,5.8167544201733014e-05
YKL142W,0,13,0.02564102564102564,0.0040797139272414394,0.00010460804941644716,0.0007718843612931677
YER072W,0,15,0.8666666666666667,0.00023553782438787873,0.00020413278113616158,4.456389991563754e-05
YLR260W,0,12,0.4696969696969697,0.004930941322846567,0.0023160481970945996,0.0009329371032966209
YJL012C,0,14,1.0,0.0,0.0,0.0
YJL111W,1,26,0.4646153846153846,0.003283408150687456,0.001525521940780941,0.0006212228230845217
YPL019C,0,15,0.8666666666666667,0.00015678688360962233,0.00013588196579500603,2.9664173927996462e-05
YFL004W,0,14,1.0,0.0,0.0,0.0
YDR089W,0,14,1.0,0.0,0.0,0.0
YJL014W,1,23,0.5612648221343873,0.0023726970908971826,0.0013317114107011855,0.00044891573556670675
YDR212W,1,29,0.37192118226600984,0.0027325532210941673,0.0010162944245941362,0.0005170007347034838
YGL121C,0,5,0.1,0.00046020328946190834,4.602032894619084e-05,8.707074282326208e-05
YOR281C,1,9,0.7777777777777778,0.0010827137017390882,0.0008421106569081797,0.00020485009219637338
YDL144C,0,1,0.0,0.0,0.0,0.0
YDR372C,0,11,0.38181818181818183,0.0034858737042501907,0.0013309699598046184,0.0006595294292051401
YFL042C,0,5,0.3,0.00013358989407540313,4.007696822262094e-05,2.527528937141382e-05
YMR025W,0,7,0.7142857142857143,6.088981436891778e-05,4.349272454922699e-05,1.1520389986067318e-05
YOL117W,0,9,0.5,0.00016476440199329832,8.238220099664916e-05,3.117352526784687e-05
YIR012W,1,7,0.42857142857142855,1.2709238669480582e-05,5.446816572634535e-06,2.4045957015294136e-06
YPL100W,0,5,0.5,6.128230907590675e-05,3.064115453795338e-05,1.159465022382374e-05
YPL250C,0,1,0.0,0.0,0.0,0.0
YLR431C,0,3,1.0,0.0,0.0,0.0
YNL242W,0,8,0.2857142857142857,0.00248187998747424,0.0007091085678497829,0.00046957320613732226
YKL179C,0,4,0.16666666666666666,3.542437284263412e-05,5.904062140439019e-06,6.702312930146161e-06
YDL151C,0,2,0.0,1.1834787345483103e-05,0.0,2.239148978121002e-06
YNL212W,0,5,0.4,4.90960546418992e-05,1.963842185675968e-05,9.289003458362852e-06
YDR505C,1,1,0.0,0.0,0.0,0.0
YOR087W,0,1,0.0,0.0,0.0,0.0
YDR104C,0,4,0.16666666666666666,0.000939993230159871,0.00015666553835997848,0.00017784729199688177
YPL105C,0,7,0.47619047619047616,1.4405721302728245e-05,6.85986728701345e-06,2.7255712496102453e-06
YDL160C-A,0,2,1.0,0.0,0.0,0.0
YOL086W-A,0,3,0.3333333333333333,0.00024353830516584231,8.117943505528077e-05,4.60775957544809e-05
YDR226W,0,7,0.14285714285714285,0.002755519205712806,0.0003936456008161151,0.0005213459129892596
YER170W,0,4,0.6666666666666666,0.0005741761432336578,0.0003827840954891052,0.00010863447621420876
YDL167C,0,3,0.0,1.3998304613863043e-05,0.0,2.6484877637890877e-06
YJL068C,0,1,0.0,0.0,0.0,0.0
YLR257W,0,2,0.0,1.7595365686343223e-05,0.0,3.329053910823143e-06
YDR376W,1,6,0.2,0.0025510479694130883,0.0005102095938826176,0.0004826598304725009
YDL173W,0,3,0.3333333333333333,0.0004746204359820118,0.00015820681199400392,8.979847573096247e-05
YGR121C,0,4,0.16666666666666666,0.001275651240462696,0.00021260854007711599,0.00024135399210286658
YPR138C,0,5,0.1,0.00629542455300439,0.000629542455300439,0.0011910981619857929
YDL174C,0,11,0.6727272727272727,9.493982589680711e-05,6.386861014876115e-05,1.7962672917900552e-05
YDL178W,0,3,0.3333333333333333,0.00011798969818182501,3.932989939394167e-05,2.2323722801278123e-05
YNL299W,0,5,1.0,0.0,0.0,0.0
YPR067W,0,8,0.14285714285714285,0.005760726636091518,0.0008229609480130739,0.0010899329902502959
YDL183C,0,1,0.0,0.0,0.0,0.0
YNL264C,0,2,0.0,4.486797296354899e-05,0.0,8.489047828141637e-06
YPL201C,0,8,0.25,0.0002760148058900399,6.900370147250998e-05,5.2222169483326776e-05
YMR237W,0,6,0.7333333333333333,2.8336071617685467e-05,2.077978585296934e-05,5.361202018633646e-06
YOR299W,0,9,0.2777777777777778,0.0005724380749023847,0.00015901057636177353,0.00010830563262671836
YPR176C,1,15,0.29523809523809524,0.0010793346473100664,0.0003186607053963053,0.00020421077303913926
YDR373W,1,7,0.2857142857142857,0.0003909002982790619,0.00011168579950830339,7.39585746568416e-05
YHR035W,0,8,1.0,0.0,0.0,0.0
YDL197C,0,1,0.0,0.0,0.0,0.0
YDL198C,0,1,0.0,0.0,0.0,0.0
YDL200C,0,2,1.0,0.0,0.0,0.0
YDL201W,0,5,1.0,0.0,0.0,0.0
YOL124C,0,6,0.6666666666666666,6.155906664803321e-05,4.1039377765355474e-05,1.1647012925131653e-05
YDR165W,0,6,0.6666666666666666,0.0002736648372644356,0.00018244322484295704,5.177755398724466e-05
YNL062C,1,7,0.5238095238095238,0.0015020091205176264,0.0007867666821758996,0.000284181040956269
YJL125C,1,8,0.35714285714285715,0.002955260685444809,0.0010554502448017174,0.0005591371226809986
YDL204W,0,1,0.0,0.0,0.0,0.0
YDR233C,1,14,0.10989010989010989,0.004845300486614547,0.0005324506029246754,0.000916733804890288
YDL205C,0,2,0.0,0.00010139490007402879,0.0,1.918397688608192e-05
YDL206W,0,1,0.0,0.0,0.0,0.0
YMR255W,0,7,0.5238095238095238,8.17272809880516e-05,4.280952813659846e-05,1.5462851369175454e-05
YGR283C,0,4,1.0,0.0,0.0,0.0
YNL292W,0,7,0.5714285714285714,1.83120821405496e-05,1.0464046937456914e-05,3.4646571007403007e-06
YOL008W,0,1,0.0,0.0,0.0,0.0
YDR381C-A,0,2,1.0,0.0,0.0,0.0
YNR067C,0,1,0.0,0.0,0.0,0.0
YIL104C,1,7,0.5714285714285714,6.238111682189805e-05,3.5646352469656025e-05,1.180254531900066e-05
YGR191W,1,1,0.0,0.0,0.0,0.0
YDR307W,0,3,0.0,0.0009364530810535546,0.0,0.0001771774936285292
YKR039W,0,5,0.1,0.0013332476260332414,0.00013332476260332414,0.0002522512633532006
YOR057W,1,10,0.13333333333333333,0.0009902652339665399,0.00013203536452887198,0.00018735878575386593
YKR066C,0,8,0.14285714285714285,0.00027183679861945525,3.883382837420789e-05,5.143168796157114e-05
YNL083W,0,9,0.5,0.0005384936146549253,0.00026924680732746264,0.00010188332006146751
YDL224C,0,3,1.0,0.0,0.0,0.0
YNL116W,0,7,0.23809523809523808,6.750605030857312e-05,1.6072869121088837e-05,1.2772185857916331e-05
YMR208W,0,3,0.0,1.9328298515320026e-05,0.0,3.656925858149405e-06
YDL231C,0,7,1.0,0.0,0.0,0.0
YDL232W,0,12,0.8333333333333334,1.026321640193464e-05,8.552680334945534e-06,1.9418067978549355e-06
YOR103C,1,11,0.8909090909090909,6.38825262595568e-06,5.691352339487787e-06,1.2086612899594573e-06
YMR149W,1,11,0.7272727272727273,0.0010865974383472217,0.000790252682434343,0.00020558489752945882
YGL226C-A,0,10,0.8,0.0019685478882149224,0.001574838310571938,0.0003724504601226333
YDL235C,1,5,0.4,0.00010595194591405221,4.238077836562088e-05,2.0046172736169035e-05
YIL147C,1,13,0.07692307692307693,0.0019908590174396858,0.0001531430013415143,0.00037667173936880595
YLR420W,0,1,0.0,0.0,0.0,0.0
YDL238C,0,1,0.0,0.0,0.0,0.0
YDL239C,0,8,0.25,0.0003298975153998639,8.247437884996598e-05,6.2416810959784e-05
YHR184W,0,3,0.0,0.00020007916409119872,0.0,3.785509977829044e-05
YPL070W,0,12,0.07575757575757576,0.0016262623521290805,0.00012320169334311217,0.0003076898280995552
YDR273W,0,3,0.0,5.080939012668531e-05,0.0,9.613167576225223e-06
YOL091W,0,6,0.26666666666666666,0.0004055800396223142,0.00010815467723261712,7.673599066511228e-05
YDL240W,0,2,0.0,1.010398832747052e-05,0.0,1.9116807491295577e-06
YDL246C,0,4,0.0,0.0011509374950026178,0.0,0.00021775807545877435
YJR159W,0,3,0.0,9.364642829600725e-05,0.0,1.7717961303606907e-05
YJR037W,0,1,0.0,0.0,0.0,0.0
YLR270W,0,6,0.06666666666666667,0.0009548741213198241,6.365827475465493e-05,0.00018066276567305697
YDR002W,1,12,0.3484848484848485,0.001425414221729258,0.0004967352590874687,0.0002696892394270498
YDR003W,0,1,0.0,0.0,0.0,0.0
YDR004W,0,9,0.3333333333333333,9.345036590635701e-05,3.115012196878567e-05,1.7680866180000748e-05
YHR079C-A,0,5,0.3,0.0007721116734331636,0.00023163350202994908,0.00014608399915381763
YHR205W,0,11,0.12727272727272726,0.0006132117491911437,7.804513171523646e-05,0.0001160200366504424
YDR006C,0,3,0.6666666666666666,4.595981326130653e-08,3.063987550753768e-08,8.69562467786663e-09
YDR007W,0,1,0.0,0.0,0.0,0.0
YGL026C,0,6,0.13333333333333333,0.005529818124028645,0.0007373090832038193,0.0010462449590477446
YDR011W,0,5,0.1,0.0003820452694771785,3.820452694771785e-05,7.228319781109399e-05
YIL121W,0,3,0.0,6.549391867082628e-05,0.0,1.2391489325821452e-05
YPL265W,0,2,0.0,3.3840144873948277e-06,0.0,6.402576033010659e-07
YDR014W-A,0,3,0.6666666666666666,2.3634367454194728e-05,1.575624496946315e-05,4.471636725588848e-06
YOR351C,0,7,0.09523809523809523,0.0005722212465996433,5.449726158091841e-05,0.00010826460857970019
YMR196W,0,3,0.0,2.687300887750247e-05,0.0,5.08438965657139e-06
YDR018C,0,1,0.0,0.0,0.0,0.0
YDR020C,0,1,0.0,0.0,0.0,0.0
YNR012W,0,3,0.0,0.00466333350773767,0.0,0.0008823055415924744
YIR001C,0,15,0.21904761904761905,0.0014178797191829865,0.0003105831765829399,0.000268263706953619
YGR072W,0,8,0.35714285714285715,8.318149071449897e-05,2.9707675255178205e-05,1.5737988735643725e-05
YDR023W,1,9,0.16666666666666666,0.0017521983219429807,0.00029203305365716343,0.0003315169903362385
YHR011W,0,8,0.25,0.0018565355532294658,0.00046413388830736645,0.0003512576580808325
YKR071C,1,7,0.19047619047619047,0.000883368821868931,0.00016826072797503447,0.00016713391944019146
YGR239C,0,7,0.3333333333333333,0.00015903372856173622,5.301124285391207e-05,3.0089278362208564e-05
YDR026C,0,5,0.3,2.0976790031740183e-05,6.293037009522055e-06,3.968821457679728e-06
YDR027C,0,10,0.2222222222222222,0.001308885575876942,0.0002908634613059871,0.0002476419486169092
YDR484W,0,7,0.3333333333333333,5.02981636949839e-05,1.676605456499463e-05,9.516443223795725e-06
YKR020W,0,5,0.5,0.00012146456350228586,6.073228175114293e-05,2.298116943756159e-05
YNL220W,0,2,0.0,1.9791407146360213e-05,0.0,3.7445462933698506e-06
YER129W,0,8,0.7142857142857143,4.029138805851861e-05,2.8779562898941865e-05,7.6231551750477115e-06
YDR031W,0,1,0.0,0.0,0.0,0.0
YDR033W,0,1,0.0,0.0,0.0,0.0
YIL160C,0,15,0.3523809523809524,0.0008412570278581683,0.0002964429526738308,0.00015916634234958745
YPL028W,1,7,0.2857142857142857,0.0006886248948539805,0.00019674996995828014,0.00013028824976812713
YIL082W,0,9,0.16666666666666666,0.00048181644389881423,8.030274064980237e-05,9.115996481421233e-05
YDR038C,0,1,0.0,0.0,0.0,0.0
YHL027W,0,5,0.1,8.255277788697373e-05,8.255277788697372e-06,1.5619035885525804e-05
YDR047W,1,2,0.0,2.9695387908298208e-05,0.0,5.618385489212053e-06
YGL155W,1,2,0.0,0.0001339756098493733,0.0,2.5348267030911863e-05
YOL063C,0,8,0.32142857142857145,5.5695732447595754e-05,1.7902199715298636e-05,1.0537666521176007e-05
YPR164W,0,11,0.21818181818181817,0.000319217344308913,6.96474205764901e-05,6.039611608066668e-05
YNL103W,1,9,0.3333333333333333,0.0018373604557501673,0.0006124534852500557,0.0003476297179520622
YPL141C,0,7,0.23809523809523808,0.0013008826283573403,0.00030973395913270004,0.0002461277860690446
YDR061W,0,1,0.0,0.0,0.0,0.0
YOL020W,0,1,0.0,0.0,0.0,0.0
YDR065W,0,1,0.0,0.0,0.0,0.0
YPR116W,0,5,0.1,0.006730851658721227,0.0006730851658721228,0.0012734812357453867
YDR067C,0,1,0.0,0.0,0.0,0.0
YDR068W,0,2,0.0,7.843285991744339e-06,0.0,1.4839544894930433e-06
YKL004W,1,5,0.1,0.0019033557416021,0.00019033557416021002,0.0003601160662540921
YER089C,0,8,0.03571428571428571,0.0004878274691362332,1.7422409612008327e-05,9.229725445237074e-05
YDR072C,0,4,0.16666666666666666,0.0027042906522227847,0.00045071510870379745,0.0005116534394492447
YDR367W,0,2,1.0,0.0,0.0,0.0
YDR077W,0,2,0.0,0.0001450708514211139,0.0,2.7447493497946826e-05
YIL152W,0,3,0.0,0.0003211798516558668,0.0,6.076742366670149e-05
YER123W,0,2,0.0,0.0010827137017390882,0.0,0.00020485009219637338
YDR081C,1,2,0.0,1.4563167028905205e-05,0.0,2.755360076953494e-06
YDR084C,0,6,0.4666666666666667,0.00010506535914188604,4.9030500932880154e-05,1.987842997857152e-05
YGL161C,0,11,0.2,0.0016179407066433933,0.00032358814132867867,0.0003061153677022864
YGL198W,0,7,0.42857142857142855,0.0006561682461321487,0.0002812149626280637,0.00012414743205022707
YDR208W,1,7,0.14285714285714285,0.0015981439127270415,0.0002283062732467202,0.00030236980222875134
YPR071W,0,2,0.0,7.465049867483977e-05,0.0,1.4123919842783399e-05
YHL032C,0,6,0.06666666666666667,0.00016878143498074645,1.1252095665383096e-05,3.193355035713213e-05
YDR111C,0,8,0.14285714285714285,0.0003290599604149734,4.7008565773567625e-05,6.225834504621999e-05
YGR207C,0,10,0.08888888888888889,0.002640437813450617,0.00023470558341783264,0.0004995724434403563
YJL044C,0,7,0.19047619047619047,0.0006470227236520014,0.00012324242355276217,0.0001224170936235193
YGR068C,0,4,0.0,0.00011486138637016858,0.0,2.1731844300057072e-05
YPL170W,0,7,0.047619047619047616,0.0012863324767361988,6.125392746362851e-05,0.00024337488851517187
YNL260C,1,2,1.0,0.0,0.0,0.0
YJR067C,1,2,1.0,0.0,0.0,0.0
YMR140W,0,7,0.19047619047619047,0.00029083382124004813,5.539691833143774e-05,5.5025936218552034e-05
YPL128C,1,9,0.2222222222222222,0.000405152684500331,9.003392988896244e-05,7.665513481559432e-05
YPL202C,0,2,1.0,0.0,0.0,0.0
YLR177W,0,4,0.5,0.00015803738061431551,7.901869030715776e-05,2.9900768723362243e-05
YMR275C,0,5,0.1,0.00030771333113366534,3.0771333113366536e-05,5.821954977713461e-05
YKR098C,0,1,0.0,0.0,0.0,0.0
YPL074W,0,5,0.0,0.00033587641978595885,0.0,6.354802331329682e-05
YML006C,0,4,0.3333333333333333,0.0002266288229537781,7.55429409845927e-05,4.287831141498243e-05
YNR014W,0,2,0.0,9.492650494669643e-06,0.0,1.7960152586021558e-06
YPR030W,0,4,0.16666666666666666,0.0011774609051360984,0.00019624348418934972,0.00022277632081992436
YKL062W,0,15,0.14285714285714285,0.0010178670510582754,0.00014540957872261076,0.00019258106636872052
YKL168C,0,2,1.0,0.0,0.0,0.0
YJL042W,0,2,0.0,1.448712044963151e-05,0.0,2.7409720178106077e-06
YOR018W,0,11,0.05454545454545454,0.0016946309630786844,9.243441616792823e-05,0.0003206252109564163
YGR097W,0,5,0.3,0.00016844790889679304,5.053437266903791e-05,3.1870447018790695e-05
YDR100W,0,4,0.5,1.7578217846072775e-05,8.789108923036387e-06,3.325809528993738e-06
YDR264C,0,10,0.15555555555555556,0.001679336888025901,0.0002612301825818068,0.0003177315626359151
YEL023C,0,11,0.0,0.004348508902048495,0.0,0.0008227405343356847
YLL049W,0,6,0.4,0.0001509058007155385,6.0362320286215405e-05,2.8551469460386515e-05
YDR107C,0,1,0.0,0.0,0.0,0.0
YPR078C,0,1,0.0,0.0,0.0,0.0
YIL078W,1,4,0.0,0.0005276849835923544,0.0,9.983832047743363e-05
YLR089C,0,7,0.19047619047619047,0.0004153510290292211,7.911448171985163e-05,7.858466781553501e-05
YKL106W,0,7,0.47619047619047616,0.0001875759415295518,8.932187691883419e-05,3.548948244991348e-05
YFL030W,0,3,0.3333333333333333,4.410119058635621e-05,1.4700396862118736e-05,8.34397213508428e-06
YIL005W,0,2,0.0,5.816050943255874e-06,0.0,1.100400382881529e-06
YOR335C,1,5,0.0,0.001092646802616995,0.0,0.00020672944093590327
YDR120C,0,4,0.0,0.0004660111351810001,0.0,8.816959077273133e-05
YHR155W,0,3,0.0,6.645857368982939e-05,0.0,1.2574002643296862e-05
YDR125C,0,1,0.0,0.0,0.0,0.0
YDR126W,0,1,0.0,0.0,0.0,0.0
YKL211C,0,10,0.24444444444444444,0.0012572964980016737,0.00030733914395596467,0.0002378812636434948
YMR299C,0,4,0.5,1.102617715035384e-05,5.51308857517692e-06,2.086159436419355e-06
YDR214W,0,13,0.2564102564102564,0.0005261687803948425,0.00013491507189611346,9.955145390845989e-05
YDR158W,0,7,0.14285714285714285,0.000443672113007517,6.338173042964528e-05,8.394303416366238e-05
YIL002W-A,0,3,0.3333333333333333,2.608361500409208e-05,8.69453833469736e-06,4.935035854649764e-06
YDR132C,0,2,0.0,1.761074671915936e-05,0.0,3.331964011605465e-06
YJL218W,0,3,0.0,0.00014239757036578243,0.0,2.694170709312729e-05
YDR135C,0,9,0.027777777777777776,0.0011728810059981726,3.258002794439368e-05,0.00022190980111194686
YDR150W,0,12,0.07575757575757576,0.0007829493258025094,5.931434286382648e-05,0.0001481344895867795
YPR115W,0,5,0.1,0.0002960884110071464,2.9608841100714642e-05,5.60201078047389e-05
YLL015W,0,2,1.0,0.0,0.0,0.0
YNL307C,0,17,0.022058823529411766,0.002946816248772115,6.500329960526725e-05,0.0005575394301163167
YNL044W,0,12,0.18181818181818182,0.0030722651627360783,0.0005585936659520143,0.0005812744410893703
YKL171W,0,5,0.0,0.00039927346725786094,0.0,7.554278333040666e-05
YJR099W,0,5,0.7,1.1876004271976875e-07,8.313202990383812e-08,2.2469472457320413e-08
YPR066W,0,4,0.6666666666666666,0.0002608612594181753,0.00017390750627878352,4.935510925597634e-05
YNL281W,0,9,0.25,0.0013454781635734829,0.0003363695408933707,0.000254565288509348
YHR160C,0,6,0.9333333333333333,3.56438538272279e-07,3.3267596905412707e-07,6.743838866187396e-08
YJR154W,0,8,0.5714285714285714,0.00027183002972191317,0.00015533144555537895,5.143040728203108e-05
YJR012C,1,1,0.0,0.0,0.0,0.0
YER023W,1,6,0.06666666666666667,0.0015948305013576056,0.00010632203342384037,0.00030174290277839503
YDR144C,0,1,0.0,0.0,0.0,0.0
YLR120C,0,1,0.0,0.0,0.0,0.0
YGL140C,0,8,0.75,2.1362257701997284e-05,1.6021693276497965e-05,4.041752175804063e-06
YDR147W,0,3,0.3333333333333333,2.7533364300180716e-05,9.177788100060239e-06,5.209329304975888e-06
YHR087W,0,4,0.0,0.0005244695322375836,0.0,9.922995512155077e-05
YOR142W,0,11,0.6181818181818182,0.0004197769875655127,0.00025949850140413516,7.942206186786885e-05
YFR049W,0,8,1.0,0.0,0.0,0.0
YPR083W,0,3,0.0,6.383542907122065e-05,0.0,1.2077702082859406e-05
YLR084C,0,3,0.0,9.207829432795671e-05,0.0,1.742126940119961e-05
YKL023W,0,5,0.5,2.9417805182180163e-05,1.4708902591090082e-05,5.565866668266065e-06
YHR008C,0,16,0.65,0.00018933315954475168,0.0001230665537040886,3.582194916927303e-05
YLR299W,0,1,0.0,0.0,0.0,0.0
YMR097C,0,14,0.9340659340659341,2.236463297907393e-06,2.0890041793640487e-06,4.2314021890944637e-07
YMR212C,0,3,0.3333333333333333,4.74744337368163e-05,1.582481124560543e-05,8.982191794873025e-06
YDR160W,1,2,1.0,0.0,0.0,0.0
YJL156C,1,4,0.16666666666666666,0.0007988731171022865,0.00013314551951704775,0.00015114728060497352
YFR029W,1,4,0.16666666666666666,0.0006769058509593105,0.00011281764182655175,0.00012807099952143633
YNL272C,1,16,0.125,0.001264533261584144,0.000158066657698018,0.00023925046372352634
YPR105C,1,14,0.31868131868131866,0.0007181695280696551,0.00022886721224197798,0.00013587811237762189
YPR114W,0,3,0.0,0.00012675671694144255,0.0,2.398244809339396e-05
YML071C,0,12,0.3939393939393939,0.005848050575952136,0.0023037774996175083,0.0011064547328888765
YJL165C,0,1,0.0,0.0,0.0,0.0
YGR123C,0,5,0.6,3.720045479160047e-05,2.2320272874960285e-05,7.038348717270381e-06
YER090W,0,9,0.2222222222222222,0.002304123978425428,0.0005120275507612061,0.00043594166089722753
YHR201C,0,1,0.0,0.0,0.0,0.0
YER031C,0,16,0.21666666666666667,0.001306212000921152,0.0002830126001995829,0.0002471361066059438
YJR148W,0,3,0.3333333333333333,8.30463665625574e-05,2.7682122187519133e-05,1.5712423163749024e-05
YGL221C,0,4,0.0,0.0006775804183802105,0.0,0.00012819862808856547
YOL011W,0,4,0.5,0.0011183798296444413,0.0005591899148222207,0.00021159814533171632
YML005W,0,4,0.16666666666666666,0.0012652757004897788,0.00021087928341496313,0.0002393909336169295
YDR173C,0,4,0.5,0.0001149287182882586,5.74643591441293e-05,2.174458353999312e-05
YML099C,0,7,0.14285714285714285,0.0006054412528086348,8.649160754409067e-05,0.00011454985399937614
YMR042W,0,3,1.0,0.0,0.0,0.0
YOR172W,0,2,0.0,9.92548214324039e-06,0.0,1.8779072702879859e-06
YDR178W,0,8,0.8214285714285714,9.311655254077129e-06,7.648859672991927e-06,1.7617708487799402e-06
YJR051W,0,8,0.5714285714285714,0.0004332263055941078,0.0002475578889109187,8.196668103516185e-05
YJL045W,0,9,0.6666666666666666,0.0003465766228880144,0.00023105108192534294,6.557250826112305e-05
YEL047C,0,10,0.35555555555555557,0.0027033345034828404,0.0009611856012383433,0.0005114725355249511
YMR118C,0,11,0.6363636363636364,6.350552818682568e-05,4.041260884616179e-05,1.2015284634483696e-05
YLR164W,0,8,0.8214285714285714,9.311655254077129e-06,7.648859672991927e-06,1.7617708487799402e-06
YDR179W-A,0,1,0.0,0.0,0.0,0.0
YDR181C,0,22,0.7619047619047619,0.0003932930496895746,0.000299651847382533,7.441128468190106e-05
YNL136W,0,21,0.8238095238095238,0.00022814752137281138,0.0001879501009404589,4.316565008138865e-05
YEL018W,0,22,0.8398268398268398,3.904161776800003e-05,3.278819847182687e-05,7.386697874446639e-06
YDR184C,0,1,0.0,0.0,0.0,0.0
YDR185C,0,1,0.0,0.0,0.0,0.0
YLR440C,1,7,0.7619047619047619,7.570280054508032e-06,5.767832422482309e-06,1.4323015997926672e-06
YIL107C,0,8,0.07142857142857142,0.001911549520851624,0.0001365392514894017,0.00036166633428155466
YJR136C,0,6,1.0,0.0,0.0,0.0
YKL033W,0,15,0.3904761904761905,0.0006196074090179089,0.00024194194066413588,0.00011723009938730913
YPR085C,0,6,1.0,0.0,0.0,0.0
YDR191W,0,5,0.0,5.132263592848592e-05,0.0,9.710273994708133e-06
YOR201C,0,12,0.6818181818181818,0.00014929575890717544,0.00010179256289125598,2.824684856905261e-05
YDR196C,0,6,0.6666666666666666,0.0001821798681753678,0.0001214532454502452,3.4468542082827075e-05
YKL088W,0,12,0.3939393939393939,0.0011691747476687958,0.00046058399150588925,0.000221208574777361
YIL083C,0,5,1.0,0.0,0.0,0.0
YGR277C,0,7,0.47619047619047616,0.0002957764234164551,0.00014084591591259765,5.596107956244863e-05
YDR197W,0,1,0.0,0.0,0.0,0.0
YDR198C,0,1,0.0,0.0,0.0,0.0
YDR200C,0,5,1.0,0.0,0.0,0.0
YFR008W,0,8,0.35714285714285715,0.00042476624125818864,0.00015170222902078167,8.03660317070739e-05
YMR052W,0,7,0.47619047619047616,0.0007807150941336172,0.0003717690924445796,0.00014771177159343972
YLR238W,0,5,1.0,0.0,0.0,0.0
YDR204W,0,5,1.0,0.0,0.0,0.0
YGR255C,0,9,0.3888888888888889,0.0036117109507255935,0.0014045542586155087,0.0006833379129260157
YOL096C,0,6,0.8,2.3691852773715052e-06,1.8953482218972042e-06,4.4825129830747937e-07
YOR125C,0,6,0.8,0.0016207843753298387,0.001296627500263871,0.0003066533915507503
YDR205W,0,1,0.0,0.0,0.0,0.0
YNR039C,0,1,0.0,0.0,0.0,0.0
YJR094C,0,4,0.16666666666666666,9.033125266070808e-06,1.505520877678468e-06,1.709072805307411e-06
YLR227C,0,2,0.0,2.6276576217836318e-05,0.0,4.971544233884588e-06
YDR210W,0,1,0.0,0.0,0.0,0.0
YLL019C,0,5,0.0,0.00011731968034172475,0.0,2.2196955017608908e-05
YGR198W,1,10,0.15555555555555556,0.0004498026400271641,6.996929955978108e-05,8.510293361184513e-05
YLR228C,0,1,0.0,0.0,0.0,0.0
YMR280C,0,4,0.0,8.396004556268334e-05,0.0,1.588529178738707e-05
YDR219C,0,1,0.0,0.0,0.0,0.0
YDR223W,0,1,0.0,0.0,0.0,0.0
YOL116W,0,3,0.0,0.00017037808266159537,0.0,3.2235637071377706e-05
YDR397C,1,5,0.8,9.753324998473691e-06,7.802659998778952e-06,1.8453350335821266e-06
YDR423C,0,3,0.0,3.0756982242118575e-05,0.0,5.819239784127639e-06
YGR071C,0,5,0.4,0.00020222040996938429,8.088816398775372e-05,3.826022480336112e-05
YER159C,1,4,1.0,0.0,0.0,0.0
YIL130W,0,2,1.0,0.0,0.0,0.0
YNL050C,0,2,0.0,0.0010827137017390882,0.0,0.00020485009219637338
YLR278C,0,6,0.2,0.00015533332749860933,3.106666549972187e-05,2.93891602259667e-05
YER078C,0,2,0.0,0.00018500092275250177,0.0,3.500228732802778e-05
YGR208W,0,3,0.0,0.004567343147954883,0.0,0.0008641441070231302
YDR232W,1,1,0.0,0.0,0.0,0.0
YDR479C,0,4,0.6666666666666666,2.4076840924928143e-05,1.6051227283285426e-05,4.555352975903773e-06
YHR192W,0,3,1.0,0.0,0.0,0.0
YLL023C,0,5,0.1,0.00027110447318105666,2.711044731810567e-05,5.129313154233239e-05
YDR234W,0,4,0.0,5.115006253364996e-05,0.0,9.677623003235498e-06
YLR172C,0,4,0.16666666666666666,7.190473128654228e-05,1.1984121881090379e-05,1.360441897959207e-05
YNL210W,0,1,0.0,0.0,0.0,0.0
YKL197C,0,10,0.8222222222222222,4.9356780417514114e-05,4.0582241676622717e-05,9.338332934000686e-06
YDR256C,0,7,0.47619047619047616,0.004711255462032022,0.0022434549819200103,0.0008913724045495611
YOL044W,0,9,0.8055555555555556,0.00025727541433601906,0.00020724963932623757,4.867666518114683e-05
YNL202W,0,5,1.0,0.0,0.0,0.0
YMR177W,0,1,0.0,0.0,0.0,0.0
YJR019C,0,8,0.4642857142857143,0.00036717815725861353,0.00017047557301292773,6.94703311190266e-05
YLR151C,0,5,1.0,0.0,0.0,0.0
YLR251W,0,5,1.0,0.0,0.0,0.0
YDR248C,0,1,0.0,0.0,0.0,0.0
YDR249C,0,1,0.0,0.0,0.0,0.0
YDR251W,0,3,0.0,0.0004589442202457496,0.0,8.683252616026294e-05
YDR466W,0,4,0.16666666666666666,6.582811563227563e-05,1.097135260537927e-05,1.2454719594593968e-05
YJR011C,0,4,0.5,7.363322858853295e-05,3.681661429426648e-05,1.3931451722509458e-05
YDR253C,0,5,0.7,3.797454482135572e-05,2.6582181374949003e-05,7.184807022645986e-06
YJR060W,0,12,0.16666666666666666,0.0014777402167465987,0.0002462900361244331,0.0002795893495728363
YIR017C,0,4,1.0,0.0,0.0,0.0
YPL038W,0,4,1.0,0.0,0.0,0.0
YNR013C,0,5,0.0,0.0014346481016837827,0.0,0.0002714362951417566
YNR062C,0,1,0.0,0.0,0.0,0.0
YGR088W,0,1,0.0,0.0,0.0,0.0
YDR257C,0,1,0.0,0.0,0.0,0.0
YDR258C,0,5,0.0,0.0009948405674705164,0.0,0.00018822444164111785
YKL071W,0,3,0.0,0.0002266902986792465,0.0,4.288994265970558e-05
YHL010C,0,2,0.0,4.05463598780195e-05,0.0,7.671395998682196e-06
YMR016C,0,6,0.06666666666666667,0.0005267877742041307,3.5119184946942046e-05,9.96685679144044e-05
YDR261C,0,3,1.0,0.0,0.0,0.0
YOR190W,0,3,1.0,0.0,0.0,0.0
YLR300W,0,4,0.5,0.0009805824552707935,0.0004902912276353968,0.00018552679812375216
YDR262W,0,2,1.0,0.0,0.0,0.0
YDR263C,0,1,0.0,0.0,0.0,0.0
YMR291W,0,3,0.0,0.0010846562916298778,0.0,0.0002052176313875638
YKR088C,0,1,0.0,0.0,0.0,0.0
YDR267C,1,3,1.0,0.0,0.0,0.0
YHR122W,1,5,0.6,0.0001156326708045431,6.937960248272586e-05,2.187777178507686e-05
YNL240C,1,8,0.21428571428571427,0.002613954741720669,0.0005601331589401434,0.0004945618301297378
YDR268W,0,6,0.5333333333333333,0.0001638880697329862,8.74069705242593e-05,3.100772267014145e-05
YPL097W,0,7,0.5238095238095238,0.00012164077050214595,6.371659407255265e-05,2.301450790931918e-05
YDR270W,0,3,0.0,8.820476672179242e-05,0.0,1.6688395617508297e-05
YDR272W,0,3,0.0,3.450279163365074e-05,0.0,6.527949203776524e-06
YLR154C,0,3,0.3333333333333333,0.001817688978080631,0.000605896326026877,0.00034390786238879483
YER055C,0,2,0.0,4.602720084945333e-06,0.0,8.708374450611347e-07
YLL005C,0,4,0.0,0.0011508677954214538,0.0,0.00021774488825554181
YDR284C,0,7,0.14285714285714285,0.0004145110890723356,5.921586986747651e-05,7.842575066381611e-05
YDR503C,0,5,0.3,0.00044304402641591613,0.00013291320792477483,8.3824199797763e-05
YLR394W,0,5,0.3,0.005235599811335371,0.0015706799434006113,0.0009905786749836657
YLR263W,0,8,0.10714285714285714,0.0008768885839018013,9.395234827519298e-05,0.00016590785446762417
YDR286C,0,1,0.0,0.0,0.0,0.0
YDR287W,0,2,0.0,0.0010827224745712425,0.0,0.00020485175202156333
YNL035C,0,1,0.0,0.0,0.0,0.0
YHR046C,0,3,0.0,0.002186692607828954,0.0,0.0004137235740153538
YLR110C,0,3,0.0,0.0016531625007571876,0.0,0.0003127793526134805
YLR286C,0,3,0.0,0.0015979277763951436,0.0,0.00030232890910303844
YER033C,0,2,1.0,0.0,0.0,0.0
YNL066W,0,2,0.0,1.398426251807975e-05,0.0,2.6458309907093555e-06
YLR190W,0,6,0.13333333333333333,0.0004971395350326813,6.628527133769083e-05,9.405910299493752e-05
YKR042W,0,3,0.0,1.0043229689055633e-05,0.0,1.900185177713934e-06
YOR247W,0,4,0.16666666666666666,7.621143966056961e-05,1.2701906610094934e-05,1.4419250828552073e-05
YIL123W,0,1,0.0,0.0,0.0,0.0
YDR294C,0,1,0.0,0.0,0.0,0.0
YHR033W,0,2,0.0,6.378888885235902e-07,0.0,1.2068896645088248e-07
YDR302W,1,2,0.0,0.0010827224745712425,0.0,0.00020485175202156333
YJL062W,0,1,0.0,0.0,0.0,0.0
YLL031C,1,2,0.0,0.0021654274034781764,0.0,0.00040970018439274677
YHR097C,0,1,0.0,0.0,0.0,0.0
YHL008C,0,2,0.0,6.119310707995044e-05,0.0,1.1577773151827328e-05
YFR030W,0,3,0.0,5.5801502492439e-05,0.0,1.0557678278118725e-05
YHR185C,0,6,0.06666666666666667,0.0015923719306705304,0.0001061581287113687,0.00030127773970609837
YNL142W,0,2,0.0,3.894007314354365e-05,0.0,7.3674855696161706e-06
YKL007W,0,9,0.1388888888888889,0.001544408718760509,0.00021450121093895958,0.00029220307078298374
YMR238W,0,4,0.16666666666666666,0.004715741865102216,0.000785956977517036,0.0008922212347445454
YER168C,1,4,0.0,3.990338729180786e-05,0.0,7.549745193530627e-06
YLR083C,0,2,0.0,0.0010827137017390882,0.0,0.00020485009219637338
YDR317W,0,3,1.0,0.0,0.0,0.0
YDR321W,0,3,1.0,0.0,0.0,0.0
YPR145W,0,4,0.6666666666666666,0.0019456549587262876,0.001297103305817525,0.0003681191039119755
YLR155C,0,5,0.3,0.0004143060906696529,0.00012429182720089587,7.838696484109842e-05
YDR323C,0,7,0.38095238095238093,4.3045070678250076e-05,1.6398122163142884e-05,8.14415360485005e-06
YDR326C,0,5,0.0,0.00022760626794532884,0.0,4.306324460305831e-05
YMR258C,0,2,1.0,0.0,0.0,0.0
YNL311C,0,3,0.0,0.0015212750721329178,0.0,0.00028782617074293756
YER066W,0,1,0.0,0.0,0.0,0.0
YMR204C,0,4,0.3333333333333333,6.370269401303113e-05,2.1234231337677042e-05,1.2052588528958556e-05
YDR331W,1,4,1.0,0.0,0.0,0.0
YDR434W,1,7,0.3333333333333333,0.0019016362292722736,0.0006338787430907578,0.00035979073347338383
YLR088W,1,4,1.0,0.0,0.0,0.0
YLR459W,1,4,1.0,0.0,0.0,0.0
YDR332W,0,1,0.0,0.0,0.0,0.0
YGR202C,0,5,0.5,0.0002791786344000022,0.0001395893172000011,5.282076776551187e-05
YNL027W,0,9,0.05555555555555555,0.0005949471946870455,3.3052621927058086e-05,0.00011256437180748301
YML078W,0,19,0.672514619883041,0.0015362075706045332,0.0010331220504065574,0.0002906514085539298
YOR221C,0,10,0.35555555555555557,8.209707087539839e-05,2.9190069644586095e-05,1.5532815841218804e-05
YDR338C,0,1,0.0,0.0,0.0,0.0
YDR342C,0,2,0.0,4.438582822271783e-05,0.0,8.397825749347754e-06
YDR343C,0,1,0.0,0.0,0.0,0.0
YDR345C,0,2,0.0,0.004566867873512035,0.0,0.0008640541848089015
YHR096C,0,1,0.0,0.0,0.0,0.0
YDR350C,0,1,0.0,0.0,0.0,0.0
YDR352W,0,1,0.0,0.0,0.0,0.0
YGR209C,0,13,0.10256410256410256,0.004737832435063721,0.00048593153180140727,0.0008964007840436963
YDR354W,0,4,0.5,1.046377615381057e-05,5.231888076905285e-06,1.9797528251349768e-06
YNR033W,0,4,0.3333333333333333,0.0010598828474152656,0.00035329428247175517,0.00020053048064472788
YDR357C,0,6,0.9333333333333333,6.884607393654836e-06,6.4256335674111805e-06,1.302571914496639e-06
YNL086W,0,7,0.6666666666666666,0.0011962133371002234,0.0007974755580668156,0.0002263242923756431
YLR408C,0,6,0.6666666666666666,0.00014444262258660437,9.62950817244029e-05,2.7328632219602435e-05
YEL005C,0,7,0.6666666666666666,0.000190750932497533,0.00012716728833168865,3.609019267595838e-05
YGL079W,0,6,0.9333333333333333,6.884607393654836e-06,6.4256335674111805e-06,1.302571914496639e-06
YKL061W,0,9,0.4444444444444444,0.0006521962381293102,0.00028986499472413783,0.0001233959257154691
YHR022C,0,4,0.5,2.6440426702063678e-05,1.3220213351031839e-05,5.00254484535416e-06
YKL015W,0,4,0.0,0.0010456519498944572,0.0,0.00019783798616119797
YJR021C,0,6,0.06666666666666667,0.0011389750104802555,7.593166736535036e-05,0.0002154947660969666
YGL090W,0,7,0.14285714285714285,0.00011567834624845056,1.6525478035492936e-05,2.188641360689968e-05
YDR370C,0,1,0.0,0.0,0.0,0.0
YDR371W,0,2,0.0,4.815377346882025e-05,0.0,9.110723286171362e-06
YER001W,0,4,0.16666666666666666,0.0011011465799366372,0.00018352442998943952,0.00020833760398471352
YLR149C,0,1,0.0,0.0,0.0,0.0
YDR374C,0,3,0.0,0.0005086599699798378,0.0,9.623877630772251e-05
YDR375C,0,3,0.3333333333333333,0.00021866621797330722,7.288873932443574e-05,4.137178170010695e-05
YOR320C,0,3,1.0,0.0,0.0,0.0
YDR379C-A,0,3,0.3333333333333333,3.2905255227162664e-05,1.096841840905422e-05,6.225694342098412e-06
YDR380W,0,2,0.0,0.0006213997133112301,0.0,0.00011756920445187149
YJR129C,0,1,0.0,0.0,0.0,0.0
YPR159W,0,5,0.0,0.00012506366879678612,0.0,2.366212235264763e-05
YLR143W,0,1,0.0,0.0,0.0,0.0
YNL024C,0,5,0.0,7.289548512828872e-05,0.0,1.3791870210235662e-05
YPL024W,0,6,0.3333333333333333,1.9697527634846972e-05,6.56584254494899e-06,3.726784232579497e-06
YJR115W,0,1,0.0,0.0,0.0,0.0
YIL156W,0,9,0.19444444444444445,0.0013119692404152971,0.0002551051300807522,0.0002482253798268127
YIL015W,0,2,0.0,1.2829294409845023e-05,0.0,2.42731032077073e-06
YJR083C,0,3,0.3333333333333333,2.7472378928488168e-06,9.157459642829389e-07,5.197790835485955e-07
YGL060W,0,5,0.0,0.00015583473981610357,0.0,2.948402774200728e-05
YDR389W,1,1,0.0,0.0,0.0,0.0
YDR393W,0,1,0.0,0.0,0.0,0.0
YDR396W,0,1,0.0,0.0,0.0,0.0
YDR399W,0,3,0.3333333333333333,0.00011082162821539964,3.6940542738466544e-05,2.0967519595265547e-05
YJR133W,0,3,0.0,0.000886241765092723,0.0,0.00016767748204896184
YDR441C,0,2,1.0,0.0,0.0,0.0
YML022W,0,3,0.3333333333333333,0.001405919192285653,0.0004686397307618843,0.0002660007679756597
YDR400W,0,2,0.0,0.00012238406389397717,0.0,2.3155139472031473e-05
YKL121W,0,1,0.0,0.0,0.0,0.0
YOR328W,0,3,0.6666666666666666,2.0759456881229947e-06,1.3839637920819963e-06,3.9277018931560325e-07
YDR410C,0,1,0.0,0.0,0.0,0.0
YER100W,0,6,0.13333333333333333,0.004613901427916409,0.0006151868570555212,0.0008729529619653958
YDR415C,0,1,0.0,0.0,0.0,0.0
YDR465C,0,1,0.0,0.0,0.0,0.0
YPL150W,0,10,0.8,0.0003745946282309082,0.0002996757025847266,7.087353194673018e-05
YMR191W,0,5,0.6,0.0007566303293854419,0.0004539781976312651,0.00014315491942534865
YDR428C,0,1,0.0,0.0,0.0,0.0
YOR160W,1,7,0.047619047619047616,8.346529923311889e-05,3.974538058719947e-06,1.579168548032519e-05
YDR437W,1,5,1.0,0.0,0.0,0.0
YPL076W,1,6,0.6666666666666666,0.015848514602479064,0.010565676401652709,0.002998548621190131
YGR216C,1,5,1.0,0.0,0.0,0.0
YPL096C-A,0,5,1.0,0.0,0.0,0.0
YPL175W,1,5,1.0,0.0,0.0,0.0
YNL038W,1,5,1.0,0.0,0.0,0.0
YHR109W,0,5,0.3,0.0006801487406681,0.00020404462220043,0.00012868455623062103
YDR446W,0,2,0.0,0.004566867873512036,0.0,0.0008640541848089017
YLR445W,0,1,0.0,0.0,0.0,0.0
YGR223C,0,2,0.0,1.1967045773773387e-05,0.0,2.2641723533544492e-06
YDR452W,0,6,0.0,0.0003038049438562408,0.0,5.748008052239667e-05
YDR453C,0,4,0.3333333333333333,6.485625680920117e-05,2.1618752269733724e-05,1.2270843312998117e-05
YDR454C,1,2,0.0,1.929189054260938e-05,0.0,3.6500374475248057e-06
YKL029C,0,5,0.1,0.0004362582578541089,4.3625825785410894e-05,8.254032825048629e-05
YNL280C,0,12,0.42424242424242425,0.00043606549499743575,0.00018499748272618488,8.250385740053019e-05
YDR461W,0,1,0.0,0.0,0.0,0.0
YNL145W,0,4,0.0,0.0017965989876876196,0.0,0.000339917623353776
YNL263C,1,17,0.16911764705882354,0.002412353300080005,0.00040797151398411853,0.00045641871451138213
YOL026C,0,4,0.16666666666666666,8.31260228141893e-05,1.3854337135698217e-05,1.572749417510189e-05
YDR475C,0,2,1.0,0.0,0.0,0.0
YDR476C,0,1,0.0,0.0,0.0,0.0
YHR211W,0,2,0.0,0.004569183413821269,0.0,0.0008644922864465451
YFR022W,0,5,0.0,0.0007374912217573018,0.0,0.0001395337885983504
YGL209W,0,3,0.3333333333333333,1.7800147354530313e-05,5.933382451510104e-06,3.367798727242176e-06
YJL089W,0,8,0.25,0.0007877571966940278,0.00019693929917350694,0.00014904414168946724
YNL257C,0,1,0.0,0.0,0.0,0.0
YMR104C,0,9,0.16666666666666666,0.0005597186614245001,9.328644357075001e-05,0.00010589911184523817
YOL129W,0,2,0.0,0.0010827224745712425,0.0,0.00020485175202156333
YLR181C,0,6,0.7333333333333333,1.6806772047876965e-05,1.2324966168443106e-05,3.1798515138406256e-06
YDR487C,1,1,0.0,0.0,0.0,0.0
YPL077C,0,1,0.0,0.0,0.0,0.0
YPL005W,0,2,0.0,7.733708888455678e-06,0.0,1.4632224347723548e-06
YPL004C,0,11,0.18181818181818182,0.0019839586974324517,0.0003607197631695367,0.00037536619461824456
YDR493W,0,2,0.0,2.2349743442806665e-05,0.0,4.228585079758716e-06
YKL021C,1,16,0.8666666666666667,1.9875953104331087e-06,1.722582602375361e-06,3.760542440141934e-07
YHL014C,0,4,0.16666666666666666,0.00019753135836414164,3.292189306069027e-05,3.737305338204758e-05
YER113C,0,2,0.0,1.391685712645437e-05,0.0,2.6330778495356427e-06
YIR022W,1,6,0.3333333333333333,0.0004793838741199176,0.0001597946247066392,9.069972112958852e-05
YPL058C,0,9,0.027777777777777776,0.0022526600105320423,6.257388918144562e-05,0.00042620464680862984
YDR511W,0,1,0.0,0.0,0.0,0.0
YDR512C,0,1,0.0,0.0,0.0,0.0
YDR513W,0,1,0.0,0.0,0.0,0.0
YPR188C,0,7,0.3333333333333333,7.958328867018168e-05,2.652776289006056e-05,1.5057206716042758e-05
YNL193W,0,1,0.0,0.0,0.0,0.0
YEL011W,0,1,0.0,0.0,0.0,0.0
YIL172C,0,3,0.0,0.001561922116127644,0.0,0.0002955166162378596
YOL088C,0,2,0.0,0.00015216866045070627,0.0,2.8790403291892185e-05
YKL189W,1,6,0.3333333333333333,0.00018166789003416835,6.055596334472278e-05,3.437167550650244e-05
YGL202W,0,6,0.4,0.0010247125738415644,0.0004098850295366258,0.00019387624345111698
YDR525W-A,0,2,0.0,1.1634215312891406e-05,0.0,2.2012006273220534e-06
YDR527W,1,4,0.6666666666666666,7.995432985161842e-07,5.330288656774561e-07,1.512740793369049e-07
YDR528W,0,1,0.0,0.0,0.0,0.0
YLR031W,0,2,0.0,1.434954067952334e-05,0.0,2.7149418414622844e-06
YDR533C,0,2,0.0,0.010210613565862137,0.0,0.0019318543092127997
YMR322C,0,3,0.0,0.009132274583090778,0.0,0.0017278319165111617
YDR538W,0,1,0.0,0.0,0.0,0.0
YDR545W,0,1,0.0,0.0,0.0,0.0
YEL001C,0,2,0.0,2.8480253713573742e-05,0.0,5.388481359043155e-06
YHR039C,0,6,0.06666666666666667,0.00033692052229830144,2.2461368153220095e-05,6.374556814492895e-05
YJL179W,0,9,0.4444444444444444,6.276166172221383e-05,2.7894071876539477e-05,1.1874544646052063e-05
YEL004W,0,1,0.0,0.0,0.0,0.0
YEL012W,0,1,0.0,0.0,0.0,0.0
YLR072W,0,8,0.03571428571428571,0.0006425241573469752,2.294729133382054e-05,0.00012156596213709225
YNL326C,0,1,0.0,0.0,0.0,0.0
YPR149W,0,4,0.0,0.005053452157923123,0.0,0.0009561162279536533
YEL017C-A,0,2,0.0,1.4154204852106575e-05,0.0,2.6779841838734806e-06
YEL017W,0,1,0.0,0.0,0.0,0.0
YOR371C,0,4,0.16666666666666666,4.816053707057364e-05,8.02675617842894e-06,9.112002963744979e-06
YJR135W-A,0,7,0.9523809523809523,3.67488755763992e-06,3.499892912038019e-06,6.952909654552914e-07
YLR262C-A,0,2,0.0,3.177818789299303e-05,0.0,6.01245251561619e-06
YOR305W,0,3,0.3333333333333333,2.837556520047139e-05,9.458521733490463e-06,5.36867422856492e-06
YPL193W,0,6,0.6666666666666666,2.854926657234687e-06,1.903284438156458e-06,5.401538633980844e-07
YHR040W,1,7,0.47619047619047616,5.1813171444766e-05,2.4672938783221903e-05,9.803083613330456e-06
YEL029C,0,1,0.0,0.0,0.0,0.0
YNR027W,0,1,0.0,0.0,0.0,0.0
YPL144W,0,13,0.47435897435897434,0.0004829753755821228,0.0002291037038017762,9.137923539497041e-05
YHR068W,1,4,0.3333333333333333,0.00015674950971522736,5.224983657174245e-05,2.9657102764400533e-05
YKL047W,0,1,0.0,0.0,0.0,0.0
YLR069C,0,3,0.3333333333333333,1.6576734521151678e-05,5.5255781737172256e-06,3.1363282735947415e-06
YJR070C,0,5,0.3,0.0033528505083074865,0.001005855152492246,0.0006343613594657901
YPL096W,0,4,0.5,0.00013916035669875792,6.958017834937896e-05,2.6329224294503636e-05
YML054C,0,12,0.5454545454545454,0.00018229761638601058,9.943506348327849e-05,3.44908201160388e-05
YEL041W,0,1,0.0,0.0,0.0,0.0
YJR049C,0,2,0.0,0.0010827137017390882,0.0,0.00020485009219637338
YGR089W,0,1,0.0,0.0,0.0,0.0
YOL071W,0,8,0.5714285714285714,0.0015908375093334859,0.0009090500053334205,0.00030098742625402254
YEL052W,0,1,0.0,0.0,0.0,0.0
YOR032C,0,3,0.0,0.000386612442073814,0.0,7.314730964970355e-05
YEL058W,1,2,0.0,0.000887057343105913,0.0,0.00016783178990608692
YEL059C-A,0,2,1.0,0.0,0.0,0.0
YMR150C,0,3,0.3333333333333333,0.000666627070069832,0.00022220902335661066,0.0001261262479130528
YMR035W,0,3,0.3333333333333333,0.0006355827315844745,0.00021186091052815816,0.00012025264015258373
YEL065W,0,1,0.0,0.0,0.0,0.0
YEL066W,0,1,0.0,0.0,0.0,0.0
YPR193C,0,1,0.0,0.0,0.0,0.0
YEL070W,0,1,0.0,0.0,0.0,0.0
YNR059W,0,1,0.0,0.0,0.0,0.0
YER003C,1,1,0.0,0.0,0.0,0.0
YKL024C,1,2,0.0,3.430611172470374e-05,0.0,6.490737245143091e-06
YJR057W,1,4,0.16666666666666666,0.0013004962259380486,0.00021674937098967477,0.0002460546784958333
YER007C-A,0,4,0.0,1.2972006638664264e-05,0.0,2.4543115614350106e-06
YER007W,0,4,0.3333333333333333,4.122253587985371e-05,1.3740845293284569e-05,7.799328910304377e-06
YOR349W,0,7,0.09523809523809523,0.0023345919701780486,0.00022234209239790939,0.0004417062235046256
YFL005W,1,23,0.1067193675889328,0.005003487440355943,0.0005339690153739543,0.0009466628729404466
YJR074W,0,8,0.21428571428571427,0.00024969754380721796,5.350661653011813e-05,4.7242927458992126e-05
YER011W,0,7,0.3333333333333333,8.894875051800806e-05,2.9649583506002685e-05,1.682915780515087e-05
YLR021W,0,8,1.0,0.0,0.0,0.0
YJL132W,0,1,0.0,0.0,0.0,0.0
YLR290C,0,5,0.3,0.00026912670556656585,8.073801166996976e-05,5.091893670437968e-05
YER015W,0,3,0.0,0.0008603489476212917,0.0,0.0001627785452037673
YMR089C,0,8,0.32142857142857145,0.001141305727473999,0.000366848269545214,0.00021593573917256834
YER019W,0,1,0.0,0.0,0.0,0.0
YPL268W,0,4,0.16666666666666666,0.00017717870041505354,2.952978340250892e-05,3.3522318094764174e-05
YLR452C,0,11,0.16363636363636364,0.003783011647237487,0.0006190382695479523,0.0007157481091001291
YLR142W,0,1,0.0,0.0,0.0,0.0
YER026C,0,2,0.0,0.00012506900660062687,0.0,2.366313226838727e-05
YER028C,0,1,0.0,0.0,0.0,0.0
YNL092W,0,4,1.0,0.0,0.0,0.0
YPL157W,0,4,0.16666666666666666,0.000800851100066918,0.00013347518334448633,0.00015152151618730408
YJL031C,1,13,0.3717948717948718,0.0003946850902787993,0.0001467418925395536,7.467465960971969e-05
YER042W,0,2,0.0,1.893370786141297e-05,0.0,3.5822690659587705e-06
YER043C,1,4,0.0,0.000731862994059458,0.0,0.00013846892448796406
YER044C,0,12,0.7272727272727273,1.7906644600051045e-05,1.3023014254582578e-05,3.3879480709962453e-06
YMR202W,0,10,0.4222222222222222,0.0014126971828130202,0.0005964721438543863,0.00026728316791408026
YLR056W,0,9,0.8888888888888888,5.10283419924565e-06,4.535852621551689e-06,9.654593402662769e-07
YGR175C,1,10,0.3333333333333333,0.001204124061361497,0.000401374687120499,0.00022782100622682931
YML008C,0,14,0.5384615384615384,0.0015883293999257176,0.000855254292267694,0.0003005128904255809
YHR190W,1,9,0.6388888888888888,0.0009308651170566914,0.000594719380341775,0.0001761202474349059
YER044C-A,0,3,0.6666666666666666,8.027360174547044e-06,5.351573449698029e-06,1.5187814370577955e-06
YHR157W,0,5,0.5,0.0008257530627556835,0.00041287653137784175,0.00015623298270377157
YMR133W,0,4,0.5,1.1397158390428189e-05,5.698579195214094e-06,2.156349313124793e-06
YER045C,0,1,0.0,0.0,0.0,0.0
YER046W,0,1,0.0,0.0,0.0,0.0
YER048C,0,2,0.0,4.165560435021599e-05,0.0,7.88126572881749e-06
YJR153W,0,1,0.0,0.0,0.0,0.0
YPL230W,0,1,0.0,0.0,0.0,0.0
YOR051C,0,3,0.0,0.00027050849811469476,0.0,5.118037269657762e-05
YER052C,0,5,0.0,0.00057605519377311,0.0,0.000108989993721404
YJR139C,0,4,0.0,5.275275300522693e-05,0.0,9.98085301716942e-06
YFR015C,0,10,0.5333333333333333,0.0007430561717988045,0.0003962966249593624,0.00014058668053759432
YLR258W,0,14,0.4175824175824176,0.0015603104931785003,0.0006515582279206924,0.0002952116961937264
YJL137C,0,9,0.8333333333333334,6.554224477845258e-06,5.461853731537715e-06,1.2400632654835244e-06
YKR058W,0,9,0.8333333333333334,6.549854994860028e-06,5.4582124957166905e-06,1.2392365566398686e-06
YJL146W,0,10,0.4666666666666667,0.0003186812928555042,0.00014871793666590196,6.029469481900128e-05
YPR033C,1,2,0.0,0.0002501240816872276,0.0,4.732362868583065e-05
YER056C,0,1,0.0,0.0,0.0,0.0
YER058W,0,2,0.0,0.0007713589424540985,0.0,0.0001459415819938492
YMR311C,0,3,0.3333333333333333,7.654535054755502e-05,2.5515116849185007e-05,1.4482426971861673e-05
YKL069W,0,3,0.0,5.26324071496881e-05,0.0,9.958083507960308e-06
YIL053W,0,5,0.2,0.00038423736112775753,7.684747222555151e-05,7.269794288728794e-05
YOR333C,0,1,0.0,0.0,0.0,0.0
YKL128C,0,1,0.0,0.0,0.0,0.0
YKR038C,1,5,0.6,0.00010357332922327305,6.214399753396383e-05,1.9596137008697136e-05
YKL157W,0,5,0.2,0.00030156468105589147,6.03129362111783e-05,5.705622143530972e-05
YPR006C,0,1,0.0,0.0,0.0,0.0
YER067W,0,2,0.0,0.0010827224745712425,0.0,0.00020485175202156333
YGR228W,0,1,0.0,0.0,0.0,0.0
YNL278W,0,2,0.0,3.863628184199642e-05,0.0,7.3100080702269525e-06
YNL091W,0,8,0.21428571428571427,0.0014484749126010034,0.00031038748127164354,0.00027405233619362925
YER069W,0,4,0.0,0.0003607586112715014,0.0,6.825574910606554e-05
YIL066C,0,3,1.0,0.0,0.0,0.0
YER071C,0,3,0.3333333333333333,4.2424041813289416e-05,1.414134727109647e-05,8.026654565132108e-06
YER073W,0,4,0.5,0.0002601192477232535,0.00013005962386162674,4.92147201911004e-05
YPL061W,0,12,0.09090909090909091,0.001012685010842487,9.206227371295337e-05,0.00019160062120185463
YER074W-A,1,2,1.0,0.0,0.0,0.0
YIL074C,0,3,0.0,8.120265564326417e-05,0.0,1.5363591934224515e-05
YLR355C,1,5,0.1,0.00033272003180805836,3.3272003180805834e-05,6.295083278431223e-05
YER087C-A,0,1,0.0,0.0,0.0,0.0
YML055W,0,6,0.4,0.00010348574794304447,4.1394299177217793e-05,1.9579566577104108e-05
YER091C,0,6,0.06666666666666667,0.0034323547347840525,0.0002288236489856035,0.0006494036075666187
YPL273W,0,2,1.0,0.0,0.0,0.0
YLL062C,0,3,0.3333333333333333,7.131881813202965e-05,2.3772939377343214e-05,1.3493563853691112e-05
YNR030W,0,2,0.0,1.9398610891087837e-05,0.0,3.6702290024944402e-06
YER093C-A,0,1,0.0,0.0,0.0,0.0
YGL183C,0,2,0.0,1.5181060614987209e-05,0.0,2.872265919996892e-06
YML075C,0,5,0.1,0.00024629594339059367,2.462959433905937e-05,4.659934258716363e-05
YER101C,0,1,0.0,0.0,0.0,0.0
YPL147W,0,4,0.0,3.9236089903222e-05,0.0,7.423492120945836e-06
YER104W,1,1,0.0,0.0,0.0,0.0
YMR290W-A,0,1,0.0,0.0,0.0,0.0
YER115C,0,2,0.0,1.7348476168322868e-05,0.0,3.2823422635542924e-06
YLL038C,0,2,0.0,1.031521666892413e-05,0.0,1.9516452800593474e-06
YMR079W,1,5,0.1,0.0020753041099964694,0.00020753041099964695,0.00039264880234307414
YPL236C,0,1,0.0,0.0,0.0,0.0
YML111W,0,4,0.16666666666666666,0.0005129409968138583,8.549016613564304e-05,9.704874919366237e-05
YOR138C,0,5,0.4,0.00033079183622365584,0.00013231673448946233,6.25860170046624e-05
YHR131C,0,6,0.4,9.84545097187577e-05,3.938180388750308e-05,1.8627653238932066e-05
YOR322C,0,3,0.0,0.005321418323705812,0.0,0.0010068155898236672
YOR385W,0,1,0.0,0.0,0.0,0.0
YGL144C,0,3,0.0,0.00010327127483036942,0.0,1.9538988133481792e-05
YMR171C,0,2,0.0,0.0001551257320880548,0.0,2.9349883047776997e-05
YNR069C,0,3,0.0,0.0011524671946395175,0.0,0.00021804749556230527
YLR392C,0,1,0.0,0.0,0.0,0.0
YNL305C,0,1,0.0,0.0,0.0,0.0
YMR316W,0,2,0.0,8.133709506440508e-05,0.0,1.538902795463444e-05
YJL172W,0,3,0.0,0.00033976380326322035,0.0,6.428351863624377e-05
YGR295C,0,1,0.0,0.0,0.0,0.0
YJR161C,0,1,0.0,0.0,0.0,0.0
YER132C,0,2,0.0,2.2513156148133384e-05,0.0,4.259502863193495e-06
YPL137C,1,1,0.0,0.0,0.0,0.0
YIL154C,0,3,0.0,0.0002792159105405798,0.0,5.282782043402598e-05
YER134C,0,3,0.0,3.143306516253293e-05,0.0,5.94715508468846e-06
YNL093W,0,13,0.24358974358974358,0.0003997210914256713,9.736795816779172e-05,7.562747409574748e-05
YER140W,0,1,0.0,0.0,0.0,0.0
YOR154W,0,2,0.0,0.004566867873512034,0.0,0.0008640541848089013
YLR326W,0,1,0.0,0.0,0.0,0.0
YFL066C,0,2,1.0,0.0,0.0,0.0
YMR205C,0,9,0.1111111111111111,0.005831839497679016,0.0006479821664087795,0.0011033875870002476
YHR036W,1,3,0.0,0.0005719248483281702,0.0,0.00010820852984610645
YPL115C,0,10,0.15555555555555556,0.0006852833055076464,0.00010659962530118944,0.0001296560190273695
YOL112W,0,8,0.4642857142857143,0.00018139986704663984,8.422136684308279e-05,3.432096539392349e-05
YLR313C,0,3,0.3333333333333333,6.97892725418374e-06,2.3263090847279134e-06,1.320417289589113e-06
YER153C,0,3,1.0,0.0,0.0,0.0
YGL223C,0,9,0.7777777777777778,4.996234547465659e-05,3.885960203584401e-05,9.452906211855473e-06
YGL005C,0,8,0.75,9.888047032295794e-05,7.416035274221845e-05,1.8708245244835644e-05
YER161C,0,9,0.05555555555555555,0.0021510138522412934,0.00011950076956896074,0.00040697313171482273
YJL056C,0,2,0.0,1.5318551414558906e-05,0.0,2.8982792630654944e-06
YJL141C,0,5,0.2,0.00032594823642206514,6.518964728441303e-05,6.166960497041505e-05
YOR220W,0,2,0.0,1.5112436925756155e-05,0.0,2.8592822761737307e-06
YOL060C,0,1,0.0,0.0,0.0,0.0
YPL121C,0,2,1.0,0.0,0.0,0.0
YER182W,0,1,0.0,0.0,0.0,0.0
YOR355W,0,6,0.06666666666666667,0.00020667894695902477,1.3778596463934985e-05,3.910378271892252e-05
YPR017C,0,3,0.3333333333333333,0.00019824394910632537,6.608131636877512e-05,3.750787598473576e-05
YFL012W,0,1,0.0,0.0,0.0,0.0
YPL111W,0,5,0.3,0.0011086119531217595,0.0003325835859365278,0.00020975005714088605
YFL017C,1,2,0.0,1.4216744436520485e-05,0.0,2.6898167113574634e-06
YGR044C,0,1,0.0,0.0,0.0,0.0
YLR014C,0,4,0.0,0.0022880513876487865,0.0,0.0004329007169273294
YPR064W,0,2,1.0,0.0,0.0,0.0
YFL022C,1,5,0.4,0.00019436837588263962,7.774735035305585e-05,3.677461516896275e-05
YPR047W,0,8,0.10714285714285714,0.0020897491070873417,0.0002239016900450723,0.0003953818045957367
YFL025C,0,1,0.0,0.0,0.0,0.0
YFL026W,0,14,0.12087912087912088,0.005308890120311091,0.000641733970587055,0.0010044452461064489
YKL178C,0,5,0.9,1.40228004416859e-06,1.262052039751731e-06,2.6531223893414187e-07
YNL276C,0,1,0.0,0.0,0.0,0.0
YFL027C,0,2,1.0,0.0,0.0,0.0
YHR132W-A,0,2,0.0,5.348753808016642e-06,0.0,1.011987480114066e-06
YFL034W,0,3,1.0,0.0,0.0,0.0
YOR265W,0,3,0.0,0.0009555242676202327,0.0,0.00018078577374930642
YKL166C,1,7,0.38095238095238093,0.00037818140398687526,0.00014406910628071438,7.155215210561187e-05
YGR080W,0,6,0.26666666666666666,0.00022836034084173717,6.089609089112991e-05,4.320591565460584e-05
YGL015C,0,2,1.0,0.0,0.0,0.0
YOR239W,0,4,0.16666666666666666,0.002204101008241906,0.0003673501680403176,0.00041701725398251096
YMR092C,0,3,1.0,0.0,0.0,0.0
YFL045C,1,6,0.13333333333333333,0.0035770650550465753,0.00047694200733954336,0.0006767828883496452
YFL046W,0,1,0.0,0.0,0.0,0.0
YLR080W,0,1,0.0,0.0,0.0,0.0
YLR250W,0,1,0.0,0.0,0.0,0.0
YFL050C,0,1,0.0,0.0,0.0,0.0
YOL130W,1,4,0.0,0.001126486509798691,0.0,0.00021313193415727305
YFL053W,0,1,0.0,0.0,0.0,0.0
YML070W,0,2,0.0,0.0010827137017390882,0.0,0.00020485009219637338
YFL054C,0,2,0.0,4.3892550259974044e-06,0.0,8.304497258183195e-07
YLL043W,0,7,0.19047619047619047,0.0006980008224865405,0.0001329525376164839,0.0001320621809900849
YMR095C,0,7,0.5714285714285714,0.0007188317025110874,0.00041076097286347845,0.00013600339618548318
YFL060C,0,6,0.8,0.0002646669970378375,0.00021173359763027,5.007515713290889e-05
YNL334C,0,6,0.8,0.000264843559410778,0.00021187484752862242,5.010856284146987e-05
YMR096W,0,5,1.0,0.0,0.0,0.0
YOR126C,0,3,1.0,0.0,0.0,0.0
YFL061W,0,2,0.0,0.004566867873512034,0.0,0.0008640541848089014
YNL335W,0,1,0.0,0.0,0.0,0.0
YMR217W,0,2,0.0,8.693541487020553e-05,0.0,1.6448233473619706e-05
YHR208W,0,3,0.3333333333333333,0.0004739474016184089,0.00015798246720613628,8.967113721920822e-05
YHR063C,0,1,0.0,0.0,0.0,0.0
YHR104W,0,1,0.0,0.0,0.0,0.0
YPL262W,0,5,0.0,0.0011761754408691231,0.0,0.00022253311019722506
YOR184W,0,3,0.3333333333333333,0.00045471258846195204,0.00015157086282065066,8.603189884792757e-05
YGR061C,0,3,0.0,0.00013814227425731836,0.0,2.6136602476143513e-05
YJL167W,1,2,0.0,0.0010827137017390882,0.0,0.00020485009219637338
YJR025C,0,2,0.0,2.1217803211246212e-05,0.0,4.014421298120511e-06
YOL058W,0,2,0.0,3.8810725194419024e-05,0.0,7.34301285881457e-06
YJL101C,0,2,1.0,0.0,0.0,0.0
YLR359W,1,4,0.16666666666666666,0.0022292938473572224,0.00037154897455953705,0.0004217837544961478
YML106W,0,5,0.0,0.0017567168381828683,0.0,0.00033237189636249923
YJR105W,0,1,0.0,0.0,0.0,0.0
YNL241C,0,2,0.0,0.00014195958217141916,0.0,2.685883945983501e-05
YOR303W,0,3,0.6666666666666666,2.804098211847933e-05,1.8693988078986217e-05,5.305370905550415e-06
YJL088W,0,3,0.3333333333333333,0.00021200498947303366,7.066832982434455e-05,4.01114732083696e-05
YNL010W,0,2,0.0,0.00014195958217141916,0.0,2.685883945983501e-05
YHR183W,0,3,0.0,0.004605182873275897,0.0,0.0008713034061141498
YMR226C,0,1,0.0,0.0,0.0,0.0
YML086C,0,4,0.3333333333333333,0.0005296577324610577,0.00017655257748701924,0.00010021156576562483
YKL120W,0,1,0.0,0.0,0.0,0.0
YJR137C,0,5,0.0,0.0012941844796433043,0.0,0.00024486049225036353
YHR074W,1,2,1.0,0.0,0.0,0.0
YLR354C,0,2,0.0,0.0016603016409756073,0.0,0.00031413008229354007
YPR069C,0,3,0.0,0.00025967491921709843,0.0,4.913065296695321e-05
YGL009C,0,7,0.047619047619047616,0.0017735629222477437,8.445537724989256e-05,0.00033555918573391347
YGL148W,0,1,0.0,0.0,0.0,0.0
YNL104C,0,4,0.3333333333333333,0.0001858430485682197,6.194768285607322e-05,3.516161804556989e-05
YFR007W,0,1,0.0,0.0,0.0,0.0
YOR111W,0,4,0.16666666666666666,0.0001225483279337465,2.042472132229108e-05,2.3186218328461617e-05
YHL039W,0,2,0.0,5.4688517562790586e-06,0.0,1.0347100851154018e-06
YFR016C,0,2,1.0,0.0,0.0,0.0
YFR017C,0,1,0.0,0.0,0.0,0.0
YLR094C,0,1,0.0,0.0,0.0,0.0
YFR025C,0,1,0.0,0.0,0.0,0.0
YFR041C,0,1,0.0,0.0,0.0,0.0
YFR048W,0,3,0.0,0.00013154717591598263,0.0,2.4888805850778247e-05
YGR067C,0,3,0.0,0.0002913759255778039,0.0,5.512850268962462e-05
YLR231C,0,3,0.0,3.371523766379737e-05,0.0,6.37894351272916e-06
YNL291C,0,5,0.1,0.00015194735927309382,1.5194735927309383e-05,2.8748532974222552e-05
YPL036W,0,1,0.0,0.0,0.0,0.0
YKR070W,0,2,1.0,0.0,0.0,0.0
YIR030C,0,1,0.0,0.0,0.0,0.0
YMR015C,0,7,0.5238095238095238,4.509555755718108e-05,2.3621482529951996e-05,8.532106971951422e-06
YGL018C,1,12,0.7272727272727273,0.00014244173439475872,0.00010359398865073362,2.6950062954324043e-05
YMR172W,0,8,0.5,5.751059698662443e-05,2.8755298493312216e-05,1.0881039997974903e-05
YGL024W,0,2,0.0,0.0001508126822191692,0.0,2.8533851384125177e-05
YGL032C,0,1,0.0,0.0,0.0,0.0
YIL162W,0,2,0.0,2.2629792418212105e-06,0.0,4.2815705165728596e-07
YGL040C,1,1,0.0,0.0,0.0,0.0
YGL041W-A,0,1,0.0,0.0,0.0,0.0
YNL294C,0,5,0.3,0.0020318471899456914,0.0006095541569837074,0.0003844267265859526
YMR063W,0,3,1.0,0.0,0.0,0.0
YOR030W,0,3,1.0,0.0,0.0,0.0
YGL050W,0,3,0.3333333333333333,0.00011227073122843672,3.7423577076145574e-05,2.124169076844446e-05
YOL141W,0,2,1.0,0.0,0.0,0.0
YML018C,0,2,0.0,0.00010393611460494878,0.0,1.9664776223998835e-05
YGL053W,0,1,0.0,0.0,0.0,0.0
YMR073C,0,1,0.0,0.0,0.0,0.0
YMR100W,0,3,0.6666666666666666,5.091570327297409e-06,3.3943802181982723e-06,9.633282088292412e-07
YML101C,0,2,0.0,0.0010827224745712425,0.0,0.00020485175202156333
YGL059W,0,1,0.0,0.0,0.0,0.0
YIL042C,0,1,0.0,0.0,0.0,0.0
YOR304C-A,0,4,0.16666666666666666,0.00048625574682446056,8.104262447074343e-05,9.199988363314441e-05
YGL063W,0,1,0.0,0.0,0.0,0.0
YPL200W,0,4,0.6666666666666666,2.3705898203161334e-05,1.5803932135440887e-05,4.485170386885596e-06
YGL077C,0,1,0.0,0.0,0.0,0.0
YGL080W,0,2,1.0,0.0,0.0,0.0
YHR162W,0,2,1.0,0.0,0.0,0.0
YGR243W,0,2,1.0,0.0,0.0,0.0
YGL081W,0,1,0.0,0.0,0.0,0.0
YGL082W,0,1,0.0,0.0,0.0,0.0
YGL083W,0,1,0.0,0.0,0.0,0.0
YGL084C,0,2,0.0,9.187227729888028e-06,0.0,1.7382290853747457e-06
YMR323W,0,6,0.4,0.00018149105134661252,7.259642053864501e-05,3.4338217519047854e-05
YGL089C,0,2,1.0,0.0,0.0,0.0
YGL091C,1,4,0.3333333333333333,3.868107270366922e-05,1.2893690901223074e-05,7.318482528551892e-06
YIL003W,1,3,0.6666666666666666,3.249442894256611e-05,2.1662952628377404e-05,6.147965758687006e-06
YPR048W,1,4,0.3333333333333333,7.033110388274164e-05,2.3443701294247215e-05,1.3306687715793044e-05
YKL050C,0,1,0.0,0.0,0.0,0.0
YKL205W,1,6,0.3333333333333333,0.0001800624640707589,6.002082135691964e-05,3.406792793584675e-05
YGL107C,0,1,0.0,0.0,0.0,0.0
YGL110C,0,4,0.3333333333333333,0.0004900952940231166,0.00016336509800770553,9.272632830302682e-05
YKR023W,0,4,0.3333333333333333,5.948803413006554e-06,1.9829344710021844e-06,1.1255172310603619e-06
YOR241W,0,4,0.16666666666666666,0.002361464758075359,0.00039357745967922653,0.00044679057135161004
YGL119W,0,3,1.0,0.0,0.0,0.0
YMR269W,0,3,0.6666666666666666,3.580017944306065e-07,2.3866786295373764e-07,6.773415767970903e-08
YIL092W,0,1,0.0,0.0,0.0,0.0
YNR004W,0,2,0.0,7.409222556881612e-05,0.0,1.4018294230900952e-05
YOL022C,0,1,0.0,0.0,0.0,0.0
YGL125W,0,1,0.0,0.0,0.0,0.0
YOR286W,0,12,0.9848484848484849,8.485444550887369e-05,8.356877209207256e-05,1.605451280227146e-05
YOR285W,0,11,1.0,0.0,0.0,0.0
YMR180C,1,2,1.0,0.0,0.0,0.0
YKR064W,0,2,0.0,2.3976009856141707e-06,0.0,4.536275676240914e-07
YGL142C,1,1,0.0,0.0,0.0,0.0
YNL063W,0,2,0.0,9.095317450398012e-06,0.0,1.7208396044832761e-06
YMR018W,0,1,0.0,0.0,0.0,0.0
YGL156W,0,5,0.3,0.0008626403655951479,0.0002587921096785444,0.00016321208288085675
YMR034C,0,2,0.0,1.053303851850716e-05,0.0,1.992857306745439e-06
YJL023C,0,3,0.3333333333333333,0.00026798598484719765,8.932866161573255e-05,5.070311164909724e-05
YPL095C,0,2,1.0,0.0,0.0,0.0
YGL164C,0,1,0.0,0.0,0.0,0.0
YNL169C,0,2,0.0,1.5267856514668067e-05,0.0,2.888687757111664e-06
YGL170C,0,2,0.0,5.2358236753579356e-05,0.0,9.906210301931622e-06
YPL109C,0,2,0.0,0.0001347572715871261,0.0,2.5496157908054956e-05
YHR115C,0,6,0.3333333333333333,0.00018649050433117747,6.216350144372582e-05,3.528411707049397e-05
YOR359W,0,4,0.0,5.586755971102957e-05,0.0,1.057017634413265e-05
YHR071W,0,2,1.0,0.0,0.0,0.0
YHR177W,0,1,0.0,0.0,0.0,0.0
YIL122W,0,4,0.0,9.680758103716925e-05,0.0,1.8316053328704326e-05
YMR145C,0,5,0.2,0.000363656935778259,7.27313871556518e-05,6.880411386904088e-05
YNR048W,0,2,0.0,2.122469401791871e-05,0.0,4.015725042942342e-06
YHR137W,0,7,0.2857142857142857,0.0021529883623909642,0.000615139532111704,0.00040734671023844634
YIL116W,0,4,1.0,0.0,0.0,0.0
YNL128W,0,2,0.0,1.1559198510266199e-05,0.0,2.1870074025486274e-06
YGR149W,0,2,0.0,0.0010827224745712425,0.0,0.00020485175202156333
YMR194C-B,0,2,0.0,6.508285624915934e-07,0.0,1.2313716065132424e-07
YGL211W,0,4,0.6666666666666666,3.547466562692307e-05,2.3649777084615382e-05,6.711828355583057e-06
YML108W,0,1,0.0,0.0,0.0,0.0
YHL022C,0,5,0.3,0.00012752767465708478,3.825830239712543e-05,2.4128313763030487e-05
YLR329W,0,4,0.6666666666666666,0.0003028104714878079,0.0002018736476585386,5.729192574423787e-05
YGL215W,0,3,0.0,8.59463267428446e-05,0.0,1.6261097397152974e-05
YLR364W,0,1,0.0,0.0,0.0,0.0
YGL224C,0,1,0.0,0.0,0.0,0.0
YOR155C,0,2,0.0,0.004566867873512036,0.0,0.0008640541848089017
YGL232W,0,2,0.0,1.631630351611896e-05,0.0,3.0870545687306997e-06
YPL212C,0,4,0.0,0.0001048733630728461,0.0,1.984210420530293e-05
YLR114C,0,1,0.0,0.0,0.0,0.0
YGL243W,0,1,0.0,0.0,0.0,0.0
YNL045W,0,5,0.1,0.00011985209643521683,1.1985209643521684e-05,2.2676089685802517e-05
YPL245W,0,4,0.16666666666666666,3.7213236452878386e-05,6.2022060754797305e-06,7.040767015373562e-06
YMR207C,0,3,0.0,0.0004937097637014182,0.0,9.341018816889144e-05
YOR097C,0,3,0.3333333333333333,7.584591496239077e-05,2.5281971654130254e-05,1.4350093332898593e-05
YLL035W,1,12,0.6818181818181818,4.835870078550281e-05,3.2971841444661005e-05,9.1494956593745e-06
YIL040W,0,1,0.0,0.0,0.0,0.0
YGL248W,0,1,0.0,0.0,0.0,0.0
YOR360C,0,4,0.16666666666666666,0.0012223668534539754,0.0002037278089089959,0.0002312725536082478
YHR153C,0,3,1.0,0.0,0.0,0.0
YIL073C,0,3,1.0,0.0,0.0,0.0
YLR082C,0,4,0.16666666666666666,5.602253830931673e-05,9.337089718219455e-06,1.059949838937563e-05
YOR028C,0,3,0.0,4.0309047754140563e-05,0.0,7.626496400221556e-06
YNL208W,0,2,0.0,1.1721065485533344e-05,0.0,2.2176327329141365e-06
YGL255W,0,1,0.0,0.0,0.0,0.0
YLR130C,0,1,0.0,0.0,0.0,0.0
YIL001W,0,2,1.0,0.0,0.0,0.0
YGR004W,0,2,1.0,0.0,0.0,0.0
YLR438W,0,2,1.0,0.0,0.0,0.0
YGR012W,0,3,0.0,2.844013688352012e-05,0.0,5.380891230349012e-06
YGR019W,0,1,0.0,0.0,0.0,0.0
YGR021W,0,3,0.0,0.00047271646440847086,0.0,8.943824314893025e-05
YLR269C,0,2,0.0,5.651154405409949e-07,0.0,1.0692018574298389e-07
YGR070W,0,4,0.6666666666666666,8.436506558870715e-06,5.62433770591381e-06,1.596192182313806e-06
YGR024C,1,2,0.0,0.004569183413821269,0.0,0.0008644922864465451
YHR112C,0,1,0.0,0.0,0.0,0.0
YGR026W,0,1,0.0,0.0,0.0,0.0
YGR289C,0,1,0.0,0.0,0.0,0.0
YGR029W,1,4,0.3333333333333333,5.728175239363635e-06,1.9093917464545448e-06,1.0837742461519095e-06
YGR031W,0,2,0.0,3.417425518387102e-05,0.0,6.465789907261532e-06
YMR306W,0,3,1.0,0.0,0.0,0.0
YIL043C,0,9,0.05555555555555555,0.002765192150987025,0.00015362178616594582,0.0005231760401300278
YNL328C,0,11,1.0,0.0,0.0,0.0
YNR041C,0,10,0.9777777777777777,1.7252553718048606e-05,1.6869163635425303e-05,3.2641936775053465e-06
YPL098C,0,14,0.7252747252747253,0.0003061175166993573,0.0002220192978259075,5.791762071364236e-05
YOR301W,0,8,0.25,0.0003867871436969824,9.66967859242456e-05,7.318036330327367e-05
YGR042W,0,1,0.0,0.0,0.0,0.0
YGR043C,0,2,0.0,1.865045467660895e-05,0.0,3.5286773907737063e-06
YGR046W,1,1,0.0,0.0,0.0,0.0
YGR055W,0,3,0.0,0.0011670300350583335,0.0,0.00022080279384443084
YOL157C,0,2,0.0,1.7005814716663075e-05,0.0,3.2175105080755326e-06
YMR154C,0,7,0.23809523809523808,0.0006149987436933052,0.0001464282723079298,0.00011635813709928147
YMR065W,0,2,0.0,0.0010827224745712425,0.0,0.00020485175202156333
YMR134W,0,2,1.0,0.0,0.0,0.0
YIL067C,0,1,0.0,0.0,0.0,0.0
YOL045W,0,2,0.0,1.3400338043342081e-05,0.0,2.5353521242337602e-06
YJR156C,0,2,1.0,0.0,0.0,0.0
YGR267C,1,3,0.0,0.0011001563385684252,0.0,0.00020815024971437493
YNL176C,0,1,0.0,0.0,0.0,0.0
YPR111W,1,2,1.0,0.0,0.0,0.0
YKL149C,0,1,0.0,0.0,0.0,0.0
YGR101W,0,5,0.2,0.00019018978473859835,3.8037956947719676e-05,3.5984023177993304e-05
YOR013W,0,1,0.0,0.0,0.0,0.0
YOR171C,0,4,0.5,0.001052718405510059,0.0005263592027550295,0.0001991749638701089
YPL189C-A,0,1,0.0,0.0,0.0,0.0
YGR115C,0,1,0.0,0.0,0.0,0.0
YPL125W,0,6,0.2,0.00015808627613865889,3.161725522773178e-05,2.9910019786365915e-05
YGR122W,0,4,0.5,6.47739295902845e-05,3.238696479514225e-05,1.2255266953007231e-05
YGR125W,0,1,0.0,0.0,0.0,0.0
YOR273C,0,2,0.0,3.52525494093945e-05,0.0,6.6698038318645954e-06
YGR177C,0,1,0.0,0.0,0.0,0.0
YGR138C,0,1,0.0,0.0,0.0,0.0
YJR127C,0,1,0.0,0.0,0.0,0.0
YGR144W,0,1,0.0,0.0,0.0,0.0
YGR147C,0,1,0.0,0.0,0.0,0.0
YNL181W,1,1,0.0,0.0,0.0,0.0
YML076C,0,1,0.0,0.0,0.0,0.0
YGR157W,0,1,0.0,0.0,0.0,0.0
YJR073C,0,1,0.0,0.0,0.0,0.0
YHR132C,0,1,0.0,0.0,0.0,0.0
YGR161W-C,0,1,0.0,0.0,0.0,0.0
YMR283C,0,1,0.0,0.0,0.0,0.0
YGR203W,0,4,0.0,0.0007578820909376019,0.0,0.0001433917534738658
YIL096C,0,2,0.0,7.622812351932452e-06,0.0,1.442240742479598e-06
YML058W-A,0,2,0.0,2.2821031711084033e-05,0.0,4.31775310732927e-06
YPL191C,0,2,0.0,2.785889702929192e-06,0.0,5.27092029570987e-07
YPL177C,0,1,0.0,0.0,0.0,0.0
YGR194C,0,2,0.0,8.041542321721291e-05,0.0,1.5214647079460468e-05
YGR197C,0,1,0.0,0.0,0.0,0.0
YLR380W,0,3,0.0,5.300127154918246e-06,0.0,1.0027872877137967e-06
YNL314W,0,2,0.0,3.660147034069274e-05,0.0,6.92502049412556e-06
YIL108W,0,4,0.0,0.0001336678238569156,0.0,2.5290033733567938e-05
YPR004C,0,5,0.3,0.001317569399427987,0.00039527081982839606,0.0002492849333248623
YOR356W,0,3,0.3333333333333333,4.457752156462368e-06,1.485917385487456e-06,8.434094246458089e-07
YKL177W,0,1,0.0,0.0,0.0,0.0
YLR443W,0,3,0.3333333333333333,0.0004377908974479062,0.00014593029914930207,8.28303045956539e-05
YHR080C,0,2,0.0,6.840939211067095e-06,0.0,1.2943098677387764e-06
YML014W,0,2,0.0,6.584924737578254e-05,0.0,1.245871773334358e-05
YGR237C,0,2,0.0,1.8495007518456782e-06,0.0,3.4992666937187155e-07
YOL136C,0,5,0.3,0.0010009857816244596,0.0003002957344873379,0.00018938711990406005
YGR247W,0,1,0.0,0.0,0.0,0.0
YML002W,0,1,0.0,0.0,0.0,0.0
YOR393W,0,4,1.0,0.0,0.0,0.0
YPL281C,0,4,1.0,0.0,0.0,0.0
YGR256W,0,1,0.0,0.0,0.0,0.0
YGR257C,0,2,0.0,0.00041956569185799055,0.0,7.938208459123783e-05
YNL199C,0,5,0.1,0.000142998839640584,1.4299883964058401e-05,2.7055467606345244e-05
YJL184W,0,7,0.3333333333333333,0.00400747988113802,0.0013358266270460065,0.0007582176357495314
YML036W,0,4,1.0,0.0,0.0,0.0
YGR263C,0,2,0.0,7.057053366133233e-06,0.0,1.335198797581569e-06
YIR034C,0,3,0.0,8.49672394935155e-05,0.0,1.6075853492904597e-05
YPL251W,0,1,0.0,0.0,0.0,0.0
YKL201C,0,1,0.0,0.0,0.0,0.0
YLR059C,1,2,1.0,0.0,0.0,0.0
YPL221W,0,3,0.0,2.6048112202488564e-05,0.0,4.928318702950263e-06
YGR286C,0,1,0.0,0.0,0.0,0.0
YMR298W,1,3,0.3333333333333333,2.9180272445773565e-05,9.72675748192452e-06,5.5209253297807465e-06
YPL087W,0,4,0.16666666666666666,0.002465489378491001,0.00041091489641516683,0.0004664720929289292
YHL009C,0,1,0.0,0.0,0.0,0.0
YNL163C,1,5,0.5,2.1773356589568562e-05,1.0886678294784281e-05,4.119532335864415e-06
YHL021C,0,2,1.0,0.0,0.0,0.0
YHL036W,0,2,0.0,6.041590095238584e-05,0.0,1.143072527884718e-05
YHL044W,0,1,0.0,0.0,0.0,0.0
YKR035C,0,1,0.0,0.0,0.0,0.0
YHL045W,0,1,0.0,0.0,0.0,0.0
YHR001W,0,4,0.16666666666666666,0.0002566327541097999,4.277212568496665e-05,4.85550734746962e-05
YHR003C,0,1,0.0,0.0,0.0,0.0
YIL090W,0,2,0.0,9.371343892796784e-06,0.0,1.7730639756011468e-06
YLR375W,1,1,0.0,0.0,0.0,0.0
YOR357C,0,7,0.47619047619047616,0.0013725260817910334,0.0006535838484719207,0.0002596827711196497
YOR132W,0,7,0.6190476190476191,0.00010473248536583685,6.483439570266091e-05,1.9815450057283093e-05
YKR078W,0,4,0.5,2.7721498741594476e-05,1.3860749370797238e-05,5.244924455944254e-06
YHR014W,1,1,0.0,0.0,0.0,0.0
YHR025W,0,1,0.0,0.0,0.0,0.0
YOR271C,1,1,0.0,0.0,0.0,0.0
YIL113W,0,2,0.0,6.705790278660619e-06,0.0,1.2687396073650145e-06
YHR037W,0,1,0.0,0.0,0.0,0.0
YMR027W,0,2,1.0,0.0,0.0,0.0
YLR205C,0,1,0.0,0.0,0.0,0.0
YHR045W,0,1,0.0,0.0,0.0,0.0
YOR108W,0,4,0.3333333333333333,0.00013691172219592224,4.563724073197408e-05,2.5903781276204382e-05
YOR128C,0,1,0.0,0.0,0.0,0.0
YMR062C,0,2,0.0,3.5848699524662404e-05,0.0,6.7825957969790605e-06
YLR351C,0,1,0.0,0.0,0.0,0.0
YKR079C,1,4,0.16666666666666666,0.0001142475594845785,1.9041259914096416e-05,2.1615707879225078e-05
YMR303C,0,2,0.0,3.168565376840672e-05,0.0,5.994945002852318e-06
YHR053C,0,1,0.0,0.0,0.0,0.0
YHR055C,0,1,0.0,0.0,0.0,0.0
YHR067W,0,2,0.0,7.102583212013522e-06,0.0,1.3438130721689163e-06
YHR076W,0,4,0.16666666666666666,8.118926115508051e-05,1.3531543525846751e-05,1.53610576888973e-05
YHR101C,1,1,0.0,0.0,0.0,0.0
YMR200W,1,4,0.0,0.0011248604460185616,0.0,0.00021282428189911686
YOR353C,1,4,0.5,3.9261830058993534e-05,1.9630915029496767e-05,7.428362174104375e-06
YOR034C,0,1,0.0,0.0,0.0,0.0
YHR113W,0,1,0.0,0.0,0.0,0.0
YHR116W,0,1,0.0,0.0,0.0,0.0
YLL032C,0,2,0.0,1.728775407501162e-05,0.0,3.2708536064945486e-06
YJL051W,0,2,0.0,5.807888308507506e-05,0.0,1.098856007412665e-05
YHR123W,0,1,0.0,0.0,0.0,0.0
YNL130C,0,1,0.0,0.0,0.0,0.0
YHR133C,0,2,0.0,3.373150402136739e-05,0.0,6.382021117494451e-06
YHR138C,0,1,0.0,0.0,0.0,0.0
YIR021W,0,2,0.0,7.0289762122657384e-06,0.0,1.3298865829590609e-06
YHR143W,0,1,0.0,0.0,0.0,0.0
YNR032C-A,0,4,0.5,2.6485209948775943e-05,1.3242604974387971e-05,5.011017862923925e-06
YIR004W,1,3,0.3333333333333333,0.0001530892865587702,5.102976218625673e-05,2.89645863125858e-05
YHR175W,0,1,0.0,0.0,0.0,0.0
YHR176W,0,1,0.0,0.0,0.0,0.0
YPL171C,0,1,0.0,0.0,0.0,0.0
YLR146C,0,3,0.0,4.7800210178221544e-05,0.0,9.043828896121562e-06
YHR194W,0,2,1.0,0.0,0.0,0.0
YPL103C,0,2,1.0,0.0,0.0,0.0
YHR198C,0,2,0.0,0.0004965495213696981,0.0,9.394747205033499e-05
YJL073W,0,4,0.16666666666666666,0.00012942323192373714,2.1570538653956188e-05,2.448695435307154e-05
YKR019C,0,1,0.0,0.0,0.0,0.0
YIL009W,0,2,0.0,5.050232556648377e-05,0.0,9.55507077430382e-06
YIL010W,0,1,0.0,0.0,0.0,0.0
YIL013C,0,1,0.0,0.0,0.0,0.0
YOR011W,0,1,0.0,0.0,0.0,0.0
YLR173W,0,2,0.0,1.2540115035937852e-06,0.0,2.3725974069958114e-07
YIL020C,0,2,0.0,2.1373357304232616e-06,0.0,4.043852227311307e-07
YMR185W,1,2,0.0,1.4071267331042227e-06,0.0,2.6622923543443256e-07
YNL149C,1,1,0.0,0.0,0.0,0.0
YIL041W,0,1,0.0,0.0,0.0,0.0
YJR130C,0,3,0.6666666666666666,0.0022830686457726945,0.0015220457638484629,0.0004319579791277904
YML082W,0,3,0.6666666666666666,0.0022830686457726945,0.0015220457638484629,0.0004319579791277904
YIL047C,0,1,0.0,0.0,0.0,0.0
YJL112W,0,3,1.0,0.0,0.0,0.0
YPL032C,0,5,0.2,0.00045719528852378253,9.143905770475652e-05,8.650162721263287e-05
YNL168C,0,3,0.0,0.005651932592359451,0.0,0.0010693490908749272
YNL295W,0,2,1.0,0.0,0.0,0.0
YKL151C,0,1,0.0,0.0,0.0,0.0
YKL194C,0,2,0.0,0.00041561563996381717,0.0,7.863473236561977e-05
YIL098C,0,4,0.5,1.2504252370805752e-05,6.252126185402876e-06,2.3658121688973945e-06
YJL155C,0,3,0.6666666666666666,8.068663112148519e-06,5.379108741432346e-06,1.5265959780228292e-06
YNL254C,0,3,0.0,3.464857321944939e-05,0.0,6.5555311686518365e-06
YIL114C,0,2,1.0,0.0,0.0,0.0
YJR126C,0,7,0.09523809523809523,0.0007548717359191307,7.189254627801244e-05,0.00014282219246980062
YMR178W,0,2,0.0,0.00020590143513547703,0.0,3.895667700807606e-05
YIL134W,0,1,0.0,0.0,0.0,0.0
YIL135C,0,1,0.0,0.0,0.0,0.0
YOR043W,0,4,0.16666666666666666,0.002243133789886626,0.000373855631647771,0.0004244022800570482
YMR105C,0,6,0.06666666666666667,0.002383323318132245,0.00015888822120881633,0.00045092622423541554
YJL153C,0,3,0.3333333333333333,0.0001426900569329687,4.7563352310989564e-05,2.6997045729886084e-05
YKL090W,0,5,0.6,0.0008875973107734636,0.0005325583864640781,0.00016793395211785455
YLR099W-A,1,2,0.0,0.0003840555491377309,0.0,7.266354394797505e-05
YLR146W-A,0,1,0.0,0.0,0.0,0.0
YLR219W,0,1,0.0,0.0,0.0,0.0
YIL158W,0,1,0.0,0.0,0.0,0.0
YOR077W,1,3,1.0,0.0,0.0,0.0
YLR013W,0,1,0.0,0.0,0.0,0.0
YIR019C,0,1,0.0,0.0,0.0,0.0
YLR066W,1,4,0.5,0.0001386790394979737,6.933951974898685e-05,2.6238158786790955e-05
YPL099C,0,2,1.0,0.0,0.0,0.0
YJL083W,0,1,0.0,0.0,0.0,0.0
YNL117W,0,1,0.0,0.0,0.0,0.0
YIR035C,0,1,0.0,0.0,0.0,0.0
YIR038C,0,3,0.0,8.183351083340684e-05,0.0,1.5482950120655253e-05
YNL231C,0,1,0.0,0.0,0.0,0.0
YOL104C,0,3,0.3333333333333333,4.827048429044976e-05,1.6090161430149918e-05,9.132805044749571e-06
YLR316C,1,1,0.0,0.0,0.0,0.0
YMR087W,0,2,0.0,0.00047637191197427703,0.0,9.012985605608347e-05
YJL057C,0,2,0.0,2.37089243582464e-07,0.0,4.485742937271889e-08
YJL059W,0,1,0.0,0.0,0.0,0.0
YJL060W,0,1,0.0,0.0,0.0,0.0
YJL064W,0,1,0.0,0.0,0.0,0.0
YOR059C,0,1,0.0,0.0,0.0,0.0
YMR131C,1,8,0.14285714285714285,0.0016340811828085705,0.00023344016897265291,0.0003091691556290662
YJL071W,0,2,0.0,0.00046179888969453644,0.0,8.737263135966594e-05
YPL110C,0,1,0.0,0.0,0.0,0.0
YOR173W,0,4,0.16666666666666666,6.0478601297768554e-05,1.0079766882961425e-05,1.1442588222404431e-05
YJL079C,0,1,0.0,0.0,0.0,0.0
YLL027W,0,5,0.2,0.000481480924376184,9.629618487523681e-05,9.109648431605839e-05
YJL082W,0,3,0.0,0.001138329800632454,0.0,0.0002153726920005588
YKR046C,0,1,0.0,0.0,0.0,0.0
YJL087C,1,2,0.0,2.147779617233369e-05,0.0,4.063612124803161e-06
YJL100W,0,5,0.3,0.00041471673617931795,0.00012441502085379537,7.846465922178262e-05
YJL102W,0,2,0.0,0.00019329501761324947,0.0,3.657153513026818e-05
YJL103C,0,3,0.0,0.00459670495586286,0.0,0.0008696993789729912
YOR379C,0,1,0.0,0.0,0.0,0.0
YJR041C,1,13,0.3717948717948718,0.00017864893436198047,6.6420757647403e-05,3.380048725351266e-05
YKR041W,0,1,0.0,0.0,0.0,0.0
YJL116C,0,1,0.0,0.0,0.0,0.0
YJL127W-A,0,1,0.0,0.0,0.0,0.0
YJL129C,0,4,0.0,9.668983606580393e-05,0.0,1.829377590836587e-05
YJL133W,0,1,0.0,0.0,0.0,0.0
YJL134W,0,3,1.0,0.0,0.0,0.0
YKR053C,0,3,1.0,0.0,0.0,0.0
YLR023C,0,2,0.0,1.703412407972331e-05,0.0,3.22286665681882e-06
YPL247C,0,3,0.0,1.3643182942370221e-05,0.0,2.5812985271244122e-06
YJL144W,0,2,1.0,0.0,0.0,0.0
YJL145W,0,1,0.0,0.0,0.0,0.0
YLR266C,0,1,0.0,0.0,0.0,0.0
YJL147C,0,1,0.0,0.0,0.0,0.0
YJL152W,0,1,0.0,0.0,0.0,0.0
YJL158C,0,2,0.0,0.004566867873512035,0.0,0.0008640541848089015
YKL163W,0,1,0.0,0.0,0.0,0.0
YJL162C,0,1,0.0,0.0,0.0,0.0
YPL069C,0,1,0.0,0.0,0.0,0.0
YJL181W,0,1,0.0,0.0,0.0,0.0
YJL198W,0,1,0.0,0.0,0.0,0.0
YJL199C,0,3,0.0,0.0011221741722297906,0.0,0.00021231603726121253
YLR198C,0,1,0.0,0.0,0.0,0.0
YLR011W,0,1,0.0,0.0,0.0,0.0
YJL205C,0,1,0.0,0.0,0.0,0.0
YJL208C,0,3,0.3333333333333333,0.0001787540941423939,5.958469804746463e-05,3.382038354805335e-05
YJL209W,0,1,0.0,0.0,0.0,0.0
YJL217W,0,1,0.0,0.0,0.0,0.0
YPR118W,0,1,0.0,0.0,0.0,0.0
YJR003C,1,1,0.0,0.0,0.0,0.0
YJR008W,0,1,0.0,0.0,0.0,0.0
YML053C,0,1,0.0,0.0,0.0,0.0
YPL003W,0,3,0.3333333333333333,1.5688118746357124e-05,5.2293729154523744e-06,2.9682016274634247e-06
YJR023C,0,2,0.0,0.0007166787274507348,0.0,0.00013559605199199852
YMR316C-B,0,2,0.0,0.0001099716641967177,0.0,2.0806705884945887e-05
YKR030W,0,2,0.0,8.520929538026198e-06,0.0,1.6121650614190719e-06
YJR034W,0,1,0.0,0.0,0.0,0.0
YJR039W,0,2,1.0,0.0,0.0,0.0
YJR044C,0,1,0.0,0.0,0.0,0.0
YNL310C,1,2,0.0,5.048985518432101e-05,0.0,9.552711370398927e-06
YKR093W,0,2,1.0,0.0,0.0,0.0
YLR168C,0,2,0.0,7.625519674606244e-07,0.0,1.442752969579376e-07
YLR243W,1,3,0.3333333333333333,0.0010827224745712425,0.0003609074915237475,0.00020485175202156333
YOR344C,0,3,0.0,0.000549359143449958,0.0,0.00010393908473115781
YJR091C,0,2,0.0,2.0058899752985125e-06,0.0,3.795156057558617e-07
YJR100C,0,1,0.0,0.0,0.0,0.0
YMR274C,0,1,0.0,0.0,0.0,0.0
YJR118C,0,1,0.0,0.0,0.0,0.0
YJR122W,0,3,0.6666666666666666,0.0006279134250497996,0.00041860895003319973,0.00011880160268239477
YOR256C,1,3,0.3333333333333333,8.05323781659924e-05,2.6844126055330798e-05,1.5236775027044225e-05
YLL058W,0,2,1.0,0.0,0.0,0.0
YJR131W,0,4,0.0,0.0011360964183125897,0.0,0.00021495013470457274
YLR057W,0,2,0.0,9.149174929330666e-05,0.0,1.731029472319157e-05
YOL064C,0,3,0.3333333333333333,0.0006293712511265106,0.0002097904170421702,0.0001190774242645368
YPR167C,0,1,0.0,0.0,0.0,0.0
YNR028W,0,1,0.0,0.0,0.0,0.0
YLL010C,0,3,0.3333333333333333,0.000180486543207367,6.0162181069122326e-05,3.414816396693529e-05
YKL096W-A,0,1,0.0,0.0,0.0,0.0
YKL036C,0,1,0.0,0.0,0.0,0.0
YKL037W,0,1,0.0,0.0,0.0,0.0
YKL040C,0,2,1.0,0.0,0.0,0.0
YKL046C,0,1,0.0,0.0,0.0,0.0
YKL051W,0,1,0.0,0.0,0.0,0.0
YLR193C,0,2,1.0,0.0,0.0,0.0
YNL144C,0,1,0.0,0.0,0.0,0.0
YLR285W,0,3,0.0,0.0010959175752620252,0.0,0.0002073482731136171
YKL075C,0,2,0.0,0.0002151707131071522,0.0,4.0710430049199995e-05
YNL164C,0,2,0.0,3.0440611467375563e-05,0.0,5.759382240743598e-06
YKL084W,0,1,0.0,0.0,0.0,0.0
YKL091C,0,1,0.0,0.0,0.0,0.0
YKL096W,0,1,0.0,0.0,0.0,0.0
YKL100C,0,1,0.0,0.0,0.0,0.0
YMR170C,0,2,0.0,0.0010827224745712425,0.0,0.00020485175202156333
YMR084W,0,1,0.0,0.0,0.0,0.0
YKL116C,0,1,0.0,0.0,0.0,0.0
YKL127W,0,2,1.0,0.0,0.0,0.0
YMR278W,0,2,1.0,0.0,0.0,0.0
YKR013W,0,1,0.0,0.0,0.0,0.0
YLR413W,0,2,0.0,1.9168662924513593e-05,0.0,3.626722707083713e-06
YKL132C,0,3,0.3333333333333333,0.0010827224745712425,0.0003609074915237475,0.00020485175202156333
YPR022C,0,1,0.0,0.0,0.0,0.0
YKL134C,0,2,0.0,6.267795768617308e-06,0.0,1.1858707791422244e-06
YKL137W,0,2,1.0,0.0,0.0,0.0
YMR152W,0,1,0.0,0.0,0.0,0.0
YMR210W,0,1,0.0,0.0,0.0,0.0
YKL146W,0,1,0.0,0.0,0.0,0.0
YKL164C,0,1,0.0,0.0,0.0,0.0
YKL165C,1,1,0.0,0.0,0.0,0.0
YKL184W,0,2,0.0,0.0010827137017390882,0.0,0.00020485009219637338
YPL052W,0,1,0.0,0.0,0.0,0.0
YMR211W,1,1,0.0,0.0,0.0,0.0
YOR084W,0,3,1.0,0.0,0.0,0.0
YMR090W,0,3,1.0,0.0,0.0,0.0
YPL189W,0,1,0.0,0.0,0.0,0.0
YLL018C-A,0,1,0.0,0.0,0.0,0.0
YMR011W,0,1,0.0,0.0,0.0,0.0
YOR112W,0,4,0.16666666666666666,5.22784132782865e-05,8.713068879714416e-06,9.891107651760194e-06
YKL208W,0,1,0.0,0.0,0.0,0.0
YKL215C,0,1,0.0,0.0,0.0,0.0
YML087C,0,2,0.0,0.0018557586452450443,0.0,0.00035111066661671676
YML050W,0,1,0.0,0.0,0.0,0.0
YML125C,1,1,0.0,0.0,0.0,0.0
YKL220C,0,1,0.0,0.0,0.0,0.0
YLR214W,0,1,0.0,0.0,0.0,0.0
YKL221W,0,3,1.0,0.0,0.0,0.0
YOL119C,0,3,1.0,0.0,0.0,0.0
YOR306C,0,3,1.0,0.0,0.0,0.0
YNL125C,0,3,1.0,0.0,0.0,0.0
YKL222C,0,1,0.0,0.0,0.0,0.0
YKR011C,0,1,0.0,0.0,0.0,0.0
YKR052C,0,1,0.0,0.0,0.0,0.0
YKR056W,0,2,0.0,0.0002676880187638888,0.0,5.064673628454873e-05
YLR036C,0,1,0.0,0.0,0.0,0.0
YMR075C-A,0,1,0.0,0.0,0.0,0.0
YLL007C,0,1,0.0,0.0,0.0,0.0
YLR422W,0,3,0.3333333333333333,0.0010827224745712425,0.0003609074915237475,0.00020485175202156333
YLR019W,0,2,1.0,0.0,0.0,0.0
YLR454W,0,2,0.0,0.0005304140205333521,0.0,0.00010035465592979997
YNR040W,0,1,0.0,0.0,0.0,0.0
YLR361C-A,0,1,0.0,0.0,0.0,0.0
YMR282C,0,2,0.0,4.174721993732144e-05,0.0,7.898599453730208e-06
YOR021C,0,2,0.0,0.0005605796479900133,0.0,0.00010606201102813567
YOR354C,0,1,0.0,0.0,0.0,0.0
YPR011C,0,1,0.0,0.0,0.0,0.0
YML079W,0,1,0.0,0.0,0.0,0.0
YMR317W,0,1,0.0,0.0,0.0,0.0
YOR019W,0,1,0.0,0.0,0.0,0.0
YNR045W,0,3,1.0,0.0,0.0,0.0
YMR302C,0,1,0.0,0.0,0.0,0.0
YPR124W,1,1,0.0,0.0,0.0,0.0
YLR390W,0,1,0.0,0.0,0.0,0.0
YMR166C,0,1,0.0,0.0,0.0,0.0
YOL152W,0,1,0.0,0.0,0.0,0.0
YOR131C,0,1,0.0,0.0,0.0,0.0
YLR348C,0,1,0.0,0.0,0.0,0.0
YMR169C,0,2,0.0,0.0021654274034781764,0.0,0.00040970018439274677
YMR066W,0,1,0.0,0.0,0.0,0.0
YLR363W-A,0,1,0.0,0.0,0.0,0.0
YNL268W,0,1,0.0,0.0,0.0,0.0
YLR283W,0,1,0.0,0.0,0.0,0.0
YMR040W,0,1,0.0,0.0,0.0,0.0
YOR382W,0,1,0.0,0.0,0.0,0.0
YNL213C,0,1,0.0,0.0,0.0,0.0
YPR021C,0,3,0.3333333333333333,0.0011361190940031146,0.00037870636466770486,0.00021495442495903904
YLR253W,0,1,0.0,0.0,0.0,0.0
YMR064W,0,3,0.3333333333333333,4.2915870264619406e-05,1.4305290088206468e-05,8.119708807853816e-06
YOR334W,0,2,0.0,0.004569183413821268,0.0,0.000864492286446545
YOL052C,0,2,0.0,5.878766883424513e-05,0.0,1.1122662769817809e-05
YLL028W,0,1,0.0,0.0,0.0,0.0
YLL033W,0,1,0.0,0.0,0.0,0.0
YOR228C,0,1,0.0,0.0,0.0,0.0
YLL059C,0,1,0.0,0.0,0.0,0.0
YOR252W,0,4,0.8333333333333334,0.0,0.0,0.0
YLR050C,0,1,0.0,0.0,0.0,0.0
YLR053C,0,1,0.0,0.0,0.0,0.0
YMR007W,0,1,0.0,0.0,0.0,0.0
YMR289W,0,2,0.0,7.046267993777502e-05,0.0,1.3331581985590433e-05
YLR076C,0,1,0.0,0.0,0.0,0.0
YOL137W,0,1,0.0,0.0,0.0,0.0
YLR091W,0,1,0.0,0.0,0.0,0.0
YLR104W,0,1,0.0,0.0,0.0,0.0
YLR120W-A,0,1,0.0,0.0,0.0,0.0
YLR124W,0,1,0.0,0.0,0.0,0.0
YMR020W,0,3,0.0,4.669386432260058e-05,0.0,8.834507586008832e-06
YLR194C,0,1,0.0,0.0,0.0,0.0
YPL207W,1,4,0.0,2.7934735305132382e-05,0.0,5.285268943716244e-06
YOR258W,0,1,0.0,0.0,0.0,0.0
YNR029C,0,1,0.0,0.0,0.0,0.0
YLR254C,0,1,0.0,0.0,0.0,0.0
YLR287C,0,1,0.0,0.0,0.0,0.0
YLR301W,0,1,0.0,0.0,0.0,0.0
YLR308W,0,1,0.0,0.0,0.0,0.0
YLR317W,0,1,0.0,0.0,0.0,0.0
YMR156C,0,1,0.0,0.0,0.0,0.0
YLR322W,0,1,0.0,0.0,0.0,0.0
YLR327C,0,1,0.0,0.0,0.0,0.0
YML060W,0,1,0.0,0.0,0.0,0.0
YLR363C,0,1,0.0,0.0,0.0,0.0
YLR366W,0,1,0.0,0.0,0.0,0.0
YLR405W,0,1,0.0,0.0,0.0,0.0
YPL108W,0,1,0.0,0.0,0.0,0.0
YLR407W,0,2,0.0,1.423411658217952e-05,0.0,2.693103531903085e-06
YLR436C,0,1,0.0,0.0,0.0,0.0
YPR005C,0,1,0.0,0.0,0.0,0.0
YML052W,0,1,0.0,0.0,0.0,0.0
YMR006C,0,3,1.0,0.0,0.0,0.0
YMR008C,0,3,1.0,0.0,0.0,0.0
YML107C,0,1,0.0,0.0,0.0,0.0
YOR280C,0,1,0.0,0.0,0.0,0.0
YNL148C,0,2,1.0,0.0,0.0,0.0
YMR271C,0,1,0.0,0.0,0.0,0.0
YOL154W,0,2,0.0,9.427060523645908e-05,0.0,1.7836055961126277e-05
YOR092W,0,1,0.0,0.0,0.0,0.0
YPL162C,0,1,0.0,0.0,0.0,0.0
YPL192C,0,1,0.0,0.0,0.0,0.0
YPL159C,0,2,0.0,4.820559443811751e-06,0.0,9.120527845143137e-07
YMR102C,0,1,0.0,0.0,0.0,0.0
YMR138W,0,2,1.0,0.0,0.0,0.0
YPL241C,0,2,1.0,0.0,0.0,0.0
YNL322C,0,1,0.0,0.0,0.0,0.0
YMR174C,0,1,0.0,0.0,0.0,0.0
YMR262W,0,1,0.0,0.0,0.0,0.0
YMR209C,0,1,0.0,0.0,0.0,0.0
YMR243C,0,3,0.0,0.0010915851960334232,0.0,0.00020652858432332723
YMR221C,0,2,0.0,0.00010638160782763683,0.0,2.012746503206379e-05
YOR049C,0,2,0.0,2.020864132585775e-05,0.0,3.82348725440162e-06
YMR251W-A,0,1,0.0,0.0,0.0,0.0
YOR391C,0,1,0.0,0.0,0.0,0.0
YPL280W,0,1,0.0,0.0,0.0,0.0
YPR158W,0,1,0.0,0.0,0.0,0.0
YNL029C,0,1,0.0,0.0,0.0,0.0
YNL074C,0,1,0.0,0.0,0.0,0.0
YPL088W,0,1,0.0,0.0,0.0,0.0
YNL200C,0,2,1.0,0.0,0.0,0.0
YNL156C,0,1,0.0,0.0,0.0,0.0
YOL036W,0,1,0.0,0.0,0.0,0.0
YOR177C,0,2,1.0,0.0,0.0,0.0
YOR129C,0,1,0.0,0.0,0.0,0.0
YPR089W,0,1,0.0,0.0,0.0,0.0
YOL105C,0,2,1.0,0.0,0.0,0.0
YPR117W,0,2,0.0,8.05945965955019e-05,0.0,1.5248546791824577e-05
YNL300W,0,1,0.0,0.0,0.0,0.0
YNR068C,0,1,0.0,0.0,0.0,0.0
YOR009W,0,1,0.0,0.0,0.0,0.0
YOL055C,0,1,0.0,0.0,0.0,0.0
YPL258C,0,1,0.0,0.0,0.0,0.0
YOL107W,0,1,0.0,0.0,0.0,0.0
YPL006W,0,3,0.0,6.882330127779954e-05,0.0,1.3021410544053e-05
YOR236W,1,1,0.0,0.0,0.0,0.0
YPR096C,0,2,0.0,1.2410526997533618e-08,0.0,2.3480792711561936e-09
YOR134W,0,1,0.0,0.0,0.0,0.0
YPL274W,0,1,0.0,0.0,0.0,0.0
YOR202W,0,2,0.0,0.00016176984169095224,0.0,3.060695263369818e-05
YOR219C,0,1,0.0,0.0,0.0,0.0
YPL225W,0,1,0.0,0.0,0.0,0.0
YOR283W,0,1,0.0,0.0,0.0,0.0
YPL015C,0,1,0.0,0.0,0.0,0.0
YOR298W,0,1,0.0,0.0,0.0,0.0
YPR153W,0,1,0.0,0.0,0.0,0.0
YPL060W,0,1,0.0,0.0,0.0,0.0
YPL227C,0,1,0.0,0.0,0.0,0.0
YPL222W,0,1,0.0,0.0,0.0,0.0
YPR204W,0,1,0.0,0.0,0.0,0.0
